m,j,gap,hx,hy,atan2,k_frozen,k_snap
1,1571,1571,-0.9999999187321829,-0.00040315707600664506,-3.1411894965028653,1.0,1.0
2,4713,3142,-0.9999992685897239,-0.001209470965912509,-3.1403831823290074,3.0,2.0
3,7854,3141,-0.9999999998753679,-1.5788101300051672e-05,-3.1415768654884926,4.999363462762572,3.0
4,10996,3142,-0.9999996620739438,-0.0008221021825523943,-3.140770551314638,6.999363462762572,4.0
5,14138,3142,-0.9999986741302272,-0.0016284157293206148,-3.139964237140783,8.999363462762572,5.0
6,17279,3141,-0.9999999055034849,-0.00043473327583257317,-3.141157920300267,10.998726925525144,6.0
7,20421,3142,-0.9999992299006958,-0.0012410471448039582,-3.1403516061264125,12.998726925525144,7.0
8,23562,3141,-0.9999999988783113,-4.736430387825028e-05,-3.1415452892858973,14.998090388287714,8.0
9,26704,3142,-0.9999996356165504,-0.0008536783740608576,-3.140738975112044,16.998090388287714,9.0
10,29846,3142,-0.9999986222125146,-0.0016599918892318281,-3.139932660938189,18.998090388287714,10.0
11,32987,3141,-0.9999998912777309,-0.0004663094752207688,-3.141126344097673,20.997453851050288,11.0
12,36129,3142,-0.9999991902146117,-0.001272623322459267,-3.1403200299238168,22.997453851050288,12.0
13,39270,3141,-0.9999999968841982,-7.894050641200968e-05,-3.1415137130832993,24.99681731381286,13.0
14,42412,3142,-0.9999996081621011,-0.000885254564724492,-3.140707398909443,26.99681731381286,14.0
15,45554,3142,-0.9999985692977468,-0.0016915680474927986,-3.1399010847355897,28.99681731381286,15.0
16,48695,3141,-0.9999998760549201,-0.0004978856741521174,-3.141094767895071,30.99618077657543,16.0
17,51837,3142,-0.9999991495314721,-0.0013041994988483951,-3.140288453721218,32.99618077657543,17.0
18,54978,3141,-0.9999999938930284,-0.00011051670887020903,-3.141482136880698,34.995544239338,18.0
19,58120,3142,-0.9999995797105955,-0.0009168307545070712,-3.140675822706841,36.995544239338,19.0
20,61262,3142,-0.9999985153859239,-0.0017231442040739808,-3.139869508532984,38.995544239338,20.0
21,64403,3141,-0.9999998598350529,-0.0005294618725899146,-3.141063191692466,40.994907702100576,21.0
22,67545,3142,-0.9999991078512767,-0.0013357756739464377,-3.1402568775186097,42.994907702100576,22.0
23,70686,3141,-0.9999999899048022,-0.0001420929112207807,-3.1414505606780945,44.99427116486314,23.0
24,73828,3142,-0.9999995502620338,-0.0009484069433753203,-3.1406442465042397,46.99427116486314,24.0
25,76970,3142,-0.999998460477046,-0.0017547203589320024,-3.139837932330383,48.99427116486314,25.0
26,80111,3141,-0.9999998426181292,-0.0005610380704940253,-3.141031615489867,50.99363462762572,26.0
27,83253,3142,-0.9999990651740254,-0.0013673518477025132,-3.1402253013160117,52.99363462762572,27.0
28,86394,3141,-0.9999999849195194,-0.00017366911342600995,-3.1414189844754943,54.99299809038829,28.0
29,89536,3142,-0.9999995198164158,-0.0009799831312978658,-3.140612670301638,56.99299809038829,29.0
30,92678,3142,-0.9999984045711129,-0.0017862965120414764,-3.1398063561277816,58.99299809038829,30.0
31,95819,3141,-0.9999998244041494,-0.0005926142678407507,-3.1410000392872655,60.99236155315086,31.0
32,98961,3142,-0.9999990214997186,-0.0013989280200981098,-3.140193725113411,62.99236155315086,32.0
33,102102,3141,-0.99999997893718,-0.00020524531545230545,-3.1413874082729,64.99172501591343,33.0
34,105244,3142,-0.9999994883737419,-0.001011559318238114,-3.1405810940990415,66.99172501591343,34.0
35,108386,3142,-0.9999983476681249,-0.0018178726633642458,-3.1397747799251854,68.99172501591343,35.0
36,111527,3141,-0.999999805193113,-0.0006241904645899978,-3.140968463084671,70.991088478676,36.0
37,114669,3142,-0.9999989768283564,-0.001430504191093715,-3.1401621489108154,72.991088478676,37.0
38,117810,3141,-0.999999971957784,-0.00023682151727889893,-3.1413558320703006,74.99045194143858,38.0
39,120952,3142,-0.9999994559340121,-0.0010431355041701298,-3.140549517896445,76.99045194143858,39.0
40,124094,3142,-0.9999982897680818,-0.0018494488128745067,-3.139743203722589,78.99045194143858,40.0
41,127235,3141,-0.9999997849850203,-0.0006557666607226235,-3.140936886882071,80.98981540420115,41.0
42,130377,3142,-0.9999989311599382,-0.0014620803606675047,-3.1401305727082156,82.98981540420115,42.0
43,133518,3141,-0.9999999639813316,-0.0002683977188725077,-3.141324255867698,84.98917886696371,43.0
44,136660,3142,-0.9999994224972258,-0.0010747116890674274,-3.140517941693843,86.98917886696371,44.0
45,139802,3142,-0.999998230870984,-0.0018810249605470835,-3.139711627519987,88.98917886696371,45.0
46,142943,3141,-0.9999997637798711,-0.0006873428562025522,-3.1409053106794693,90.98854232972629,46.0
47,146085,3142,-0.9999988844944648,-0.0014936565287831235,-3.140098996505616,92.98854232972629,47.0
48,149226,3141,-0.9999999550078226,-0.0002999739201936309,-3.1412926796651006,94.98790579248886,48.0
49,152368,3142,-0.999999388063384,-0.0011062878728873666,-3.1404863654912463,96.98790579248886,49.0
50,155510,3142,-0.9999981709768314,-0.0019126011063386708,-3.1396800513173897,98.98790579248886,50.0
51,158651,3141,-0.9999997415776657,-0.0007189190509901434,-3.140873734476875,100.98726925525143,51.0
52,161793,3142,-0.9999988368319359,-0.001525232695405421,-3.14006742030302,102.98726925525143,52.0
53,164934,3141,-0.999999945037257,-0.0003315501212128089,-3.141261103462506,104.98663271801401,53.0
54,168076,3142,-0.999999352632486,-0.0011378640556012692,-3.140454789288653,106.98663271801401,54.0
55,171218,3142,-0.9999981100856239,-0.0019441772502186768,-3.1396484751147975,108.98663271801401,55.0
56,174359,3141,-0.9999997183784038,-0.000750495245058804,-3.1408421582742827,110.98599618077658,56.0
57,177501,3142,-0.9999987881723515,-0.0015568088605048855,-3.1400358441004266,112.98599618077658,57.0
58,180642,3141,-0.999999934069635,-0.0003631263219007915,-3.1412295272599122,114.98535964353914,58.0
59,183784,3142,-0.999999316204532,-0.0011694402371835346,-3.140423213086057,116.98535964353914,59.0
60,186926,3142,-0.9999980481973619,-0.001975753392165762,-3.1396168989121995,118.98535964353914,60.0
61,190067,3141,-0.999999694182086,-0.0007820714383855087,-3.140810582071684,120.98472310630171,61.0
62,193209,3142,-0.999998738515712,-0.0015883850240553442,-3.14000426789783,122.98472310630171,62.0
63,196350,3141,-0.9999999221049566,-0.00039470252223112074,-3.141197951057314,124.98408656906429,63.0
64,199492,3142,-0.9999992787795222,-0.0012010164176010857,-3.1403916368834595,126.98408656906429,64.0
65,202633,3141,-0.9999999999731095,-7.333546847732609e-06,-3.1415853200429456,128.98345003182686,65.0
66,205775,3142,-0.9999996689887115,-0.0008136476309245762,-3.140779005869093,130.98345003182686,66.0
67,208917,3142,-0.999998687862017,-0.0016199611860191637,-3.139972691695236,132.98345003182686,67.0
68,212058,3141,-0.9999999091432213,-0.0004262787221604468,-3.1411663748547225,134.98281349458944,68.0
69,215200,3142,-0.9999992403574565,-0.0012325925968142623,-3.140360060680869,136.98281349458944,69.0
70,218341,3141,-0.9999999992430157,-3.89097494306258e-05,-3.141553743840353,138.982176957352,70.0
71,221483,3142,-0.999999642798281,-0.000845223822658091,-3.140747429666497,140.982176957352,71.0
72,224625,3142,-0.999998636211267,-0.0016515373463700936,-3.13994111549264,142.982176957352,72.0
73,227766,3141,-0.9999998951844298,-0.00045785492167109795,-3.1411347986521254,144.98154042011458,73.0
74,230908,3142,-0.9999992009383353,-0.001264168774803915,-3.140328484478273,146.98154042011458,74.0
75,234049,3141,-0.9999999975158652,-7.048595197696907e-05,-3.141522167637758,148.98090388287716,75.0
76,237191,3142,-0.9999996156107943,-0.0008768000135457463,-3.1407158534639033,150.98090388287716,76.0
77,240333,3142,-0.9999985835634613,-0.0016831135050685436,-3.13990953929005,152.98090388287716,77.0
78,243474,3141,-0.9999998802285819,-0.0004894311207191901,-3.141103222449534,154.98026734563973,78.0
79,246616,3142,-0.999999160522158,-0.0012957449515336788,-3.140296908275676,156.98026734563973,79.0
80,249757,3141,-0.9999999947916582,-0.00010206215445641574,-3.1414905914351596,158.9796308084023,80.0
81,252899,3142,-0.9999995874262513,-0.0009083762035657463,-3.1406842772613035,160.9796308084023,81.0
82,256041,3142,-0.9999985299186008,-0.0017146896621026318,-3.1398779630874456,162.9796308084023,82.0
83,259182,3141,-0.9999998642756774,-0.0005210073192911441,-3.141071646246931,164.97899427116485,83.0
84,262324,3142,-0.9999991191089251,-0.0013273211269788253,-3.1402653320730725,166.97899427116485,84.0
85,265465,3141,-0.9999999910703948,-0.0001336383568375113,-3.141459015232558,168.97835773392742,85.0
86,268607,3142,-0.9999995582446521,-0.0009399523926791163,-3.1406527010587046,170.97835773392742,86.0
87,271749,3142,-0.9999984752766852,-0.0017462658174175521,-3.139846386884851,172.97835773392742,87.0
88,274890,3141,-0.9999998473257166,-0.0005525835173403873,-3.141040070044331,174.97772119669,88.0
89,278032,3142,-0.9999990766986363,-0.001358897301091189,-3.140233755870478,176.97772119669,89.0
90,281173,3141,-0.9999999863520748,-0.00016521455907961662,-3.141427439029962,178.97708465945257,90.0
91,284315,3142,-0.999999528065997,-0.0009715285808576331,-3.140621124856103,180.97708465945257,91.0
92,287457,3142,-0.9999984196377142,-0.0017778419710021162,-3.1398148106822457,182.97708465945257,92.0
93,290598,3141,-0.9999998293786994,-0.0005841597148391282,-3.141008493841731,184.97644812221515,93.0
94,293740,3142,-0.9999990332912921,-0.0013904734738608177,-3.140202179667871,186.97644812221515,94.0
95,296881,3141,-0.999999980636698,-0.00019679076117296338,-3.14139586282735,188.97581158497772,95.0
96,300023,3142,-0.9999994968902856,-0.0010031047680775392,-3.140589548653492,190.97581158497772,96.0
97,303165,3142,-0.9999983630016887,-0.001809418122819723,-3.139783234479635,192.97581158497772,97.0
98,306306,3141,-0.9999998104346256,-0.0006157359117667791,-3.140976917639119,194.9751750477403,98.0
99,309448,3142,-0.9999989888868922,-0.0014220496452449858,-3.140170603465264,196.9751750477403,99.0
100,312589,3141,-0.9999999739242647,-0.00022836696305898995,-3.141364286624749,198.97453851050287,100.0
101,315731,3142,-0.9999994647175182,-0.001034680954286323,-3.140557972450891,200.97453851050287,101.0
102,318873,3142,-0.9999983053686079,-0.0018409942728203792,-3.1397516582770364,202.97453851050287,102.0
103,322014,3141,-0.9999997904934954,-0.0006473121080643006,-3.1409453414365234,204.97390197326544,103.0
104,325156,3142,-0.9999989434854366,-0.0014536258151970707,-3.1401390272626704,206.97390197326544,104.0
105,328297,3141,-0.999999966214775,-0.00025994316470975685,-3.141332710422156,208.97326543602802,105.0
106,331439,3142,-0.9999994315476948,-0.00106625713945511,-3.1405263962482994,210.97326543602802,106.0
107,334581,3142,-0.9999982467384723,-0.0018725704209824675,-3.1397200820744415,212.97326543602802,107.0
108,337722,3141,-0.999999769555309,-0.0006788883037191698,-3.1409137652339254,214.9726288987906,108.0
109,340864,3142,-0.9999988970869256,-0.001485201983706322,-3.1401074510600706,216.9726288987906,109.0
110,344005,3141,-0.9999999575082287,-0.0002915193661117131,-3.1413011342195523,218.97199236155316,110.0
111,347147,3142,-0.9999993973808152,-0.001097833323575021,-3.140494820045693,220.97199236155316,111.0
112,350289,3142,-0.9999981871112817,-0.001904146567284559,-3.139688505871839,222.97199236155316,112.0
113,353430,3141,-0.9999997476200662,-0.0007104644986977479,-3.1408821890313265,224.97135582431574,113.0
114,356572,3142,-0.9999988496913592,-0.001516778150732914,-3.140075874857472,226.97135582431574,114.0
115,359713,3141,-0.999999947804626,-0.00032309556721423724,-3.141269558016958,228.97071928707828,115.0
116,362855,3142,-0.9999993622168798,-0.0011294095065838459,-3.140463243843103,230.97071928707828,116.0
117,365997,3142,-0.9999981264870368,-0.0019357227116775272,-3.139656929669248,232.97071928707828,117.0
118,369138,3141,-0.9999997246877672,-0.0007420406929623106,-3.1408506128287335,234.97008274984086,118.0
119,372280,3142,-0.9999988012987373,-0.0015483543162425955,-3.140044298654879,236.97008274984086,119.0
120,375421,3141,-0.9999999371039666,-0.00035467176799615824,-3.141237981814361,238.96944621260343,120.0
121,378563,3142,-0.9999993260558885,-0.0011609856884757786,-3.140431667640504,240.96944621260343,121.0
122,381705,3142,-0.999998064865737,-0.0019672988541502854,-3.1396253534666463,242.96944621260343,122.0
123,384846,3141,-0.9999997007584117,-0.000773616886495806,-3.1408190366261315,244.968809675366,123.0
124,387988,3142,-0.9999987519090601,-0.0015799304802182191,-3.140012722452276,246.968809675366,124.0
125,391129,3141,-0.9999999254062506,-0.0003862479684279005,-3.1412064056117615,248.96817313812858,125.0
126,394271,3142,-0.9999992888978413,-0.0011925618692092707,-3.140400091437906,250.96817313812858,126.0
127,397413,3142,-0.9999980022473824,-0.0019988749946577293,-3.1395937772640483,252.96817313812858,127.0
128,400554,3141,-0.999999675832,-0.0008051930792548847,-3.140787460423532,254.96753660089115,128.0
129,403696,3142,-0.9999987015223274,-0.0016115066426156445,-3.1399811462496756,256.96753660089115,129.0
130,406837,3141,-0.9999999127114783,-0.000417824168477483,-3.1411748294091586,258.9669000636537,130.0
131,409979,3142,-0.9999992507427381,-0.0012241380487579682,-3.140368515235304,260.9669000636537,131.0
132,413120,3141,-0.9999999995362405,-3.0455195002999604e-05,-3.1415621983947855,262.9662635264163,132.0
133,416262,3142,-0.9999996499085321,-0.0008367692712150142,-3.1407558842209298,264.9662635264163,133.0
134,419404,3142,-0.9999986501385395,-0.001643082803407365,-3.139949570047074,266.9662635264163,134.0
135,422545,3141,-0.9999998990196496,-0.00044940036810972513,-3.1411432532065566,268.9656269891789,135.0
136,425687,3142,-0.9999992115905793,-0.0012557142270875944,-3.1403369390327,270.9656269891789,136.0
137,428828,3141,-0.9999999980760529,-6.203139757203411e-05,-3.1415306221921813,272.96499045194145,137.0
138,431970,3142,-0.9999996229880079,-0.0008683454623429931,-3.1407243080183247,274.96499045194145,138.0
139,435112,3142,-0.9999985977576965,-0.0016746589625649924,-3.1399179938444686,276.96499045194145,139.0
140,438253,3141,-0.9999998843307643,-0.0004809765672945617,-3.1411116770039538,278.964353914704,140.0
141,441395,3142,-0.9999991714413645,-0.0012872904041644681,-3.1403053628300968,280.964353914704,141.0
142,444536,3141,-0.9999999956188085,-9.360760007569896e-05,-3.1414990459895806,282.9637173774666,142.0
143,447678,3142,-0.9999995950704278,-0.0008999216526007542,-3.140692731815724,284.9637173774666,143.0
144,450820,3142,-0.9999985443797981,-0.0017062351200491071,-3.139886417641867,286.9637173774666,144.0
145,453961,3141,-0.9999998686448224,-0.0005125527660019386,-3.141080100801349,288.96308084022917,145.0
146,457103,3142,-0.9999991302950938,-0.0013188665799584453,-3.140273786627493,290.96308084022917,146.0
147,460244,3141,-0.9999999921645079,-0.00012518380248653462,-3.1414674697869795,292.96244430299174,147.0
148,463386,3142,-0.9999995661557911,-0.0009314978419636549,-3.140661155613121,294.96244430299174,148.0
149,466528,3142,-0.9999984900048449,-0.0017378112758298936,-3.1398548414392673,296.96244430299174,149.0
150,469669,3141,-0.9999998519618242,-0.0005441289641925432,-3.1410485245987503,298.9618077657543,150.0
151,472811,3142,-0.9999990881517677,-0.0013504427544364225,-3.1402422104248906,300.9618077657543,151.0
152,475952,3141,-0.9999999877131504,-0.0001567600047743591,-3.1414358935843767,302.9611712285169,152.0
153,479094,3142,-0.9999995362440983,-0.000963074030395864,-3.14062957941052,304.9611712285169,153.0
154,482236,3142,-0.9999984346328362,-0.0017693874298824125,-3.139823265236663,306.9611712285169,154.0
155,485377,3141,-0.9999998342817696,-0.0005757051618442853,-3.1410169483961474,308.96053469127946,155.0
156,488519,3142,-0.999999045011386,-0.0013820189275633261,-3.140210634222292,310.96053469127946,156.0
157,491660,3141,-0.9999999822647364,-0.00018833620690340808,-3.1414043173817765,312.95989815404204,157.0
158,494802,3142,-0.9999995053353498,-0.0009946502178657306,-3.1405980032079213,314.95989815404204,158.0
159,497944,3142,-0.999998378263773,-0.00180096358216489,-3.139791689034065,316.95989815404204,159.0
160,501085,3141,-0.9999998156046586,-0.0006072813589139669,-3.1409853721935526,318.9592616168046,160.0
161,504227,3142,-0.9999990008739487,-0.0014135950993115845,-3.140179058019695,320.9592616168046,161.0
162,507368,3141,-0.9999999758192661,-0.0002199124088417234,-3.141372741179179,322.9586250795671,162.0
163,510510,3142,-0.999999473429545,-0.001026226404346851,-3.1405664270053193,324.9586250795671,163.0
164,513652,3142,-0.9999983208976544,-0.0018325397326553158,-3.139760112831463,326.9586250795671,164.0
165,516793,3141,-0.9999997959304912,-0.0006388575553885525,-3.1409537959909475,328.9579885423297,165.0
166,519935,3142,-0.9999989557394555,-0.001445171269655727,-3.1401474818170922,330.9579885423297,166.0
167,523076,3141,-0.9999999683767389,-0.0002514886105674313,-3.141341164976575,332.9573520050923,167.0
168,526218,3142,-0.9999994405266842,-0.001057802589803491,-3.140534850802719,334.9573520050923,168.0
169,529360,3142,-0.9999982625344811,-0.00186411588131821,-3.139728536628862,336.9573520050923,169.0
170,532501,3141,-0.9999997752592674,-0.0006704337512244268,-3.140922219788344,338.95671546785485,170.0
171,535643,3142,-0.999998909607907,-0.001476747438558794,-3.14011590561449,340.95671546785485,171.0
172,538784,3141,-0.9999999599371554,-0.0002830648120372263,-3.141309588773976,342.9560789306174,172.0
173,541926,3142,-0.9999994066267671,-0.0010893787742042847,-3.1405032746001194,344.9560789306174,173.0
174,545068,3142,-0.999998203174253,-0.0018956920281209303,-3.139696960426262,346.9560789306174,174.0
175,548209,3141,-0.9999997535909871,-0.0007020099463845678,-3.140890643585748,348.95544239338,175.0
176,551351,3142,-0.9999988624793028,-0.0015083236059848946,-3.140084329411892,350.95544239338,176.0
177,554492,3141,-0.9999999505005153,-0.00031464101322751706,-3.1412780125713744,352.95480585614257,177.0
178,557634,3142,-0.9999993717297944,-0.0011209549575221765,-3.140471698397517,354.95480585614257,178.0
179,560776,3142,-0.99999814281697,-0.0019272681730336787,-3.139665384223662,356.95480585614257,179.0
180,563917,3141,-0.9999997309256509,-0.0007335861408523323,-3.1408590673831447,358.95416931890514,180.0
181,567059,3142,-0.9999988143536435,-0.0015398997719115505,-3.140052753209289,360.95416931890514,181.0
182,570200,3141,-0.9999999400668185,-0.00034621721410249746,-3.141246436368774,362.9535327816677,182.0
183,573342,3142,-0.9999993358357656,-0.0011525311397185178,-3.140440122194918,364.9535327816677,183.0
184,576484,3142,-0.9999980814626325,-0.001958844316023912,-3.139633808021063,366.9535327816677,184.0
185,579625,3141,-0.9999997072632579,-0.0007651623345826766,-3.1408274911805467,368.9528962444303,185.0
186,582767,3142,-0.9999987652309286,-0.0015714759362981687,-3.1400211770066915,370.9528962444303,186.0
187,585908,3141,-0.9999999286360655,-0.00037779341463132365,-3.141214860166175,372.95225970719287,187.0
188,589050,3142,-0.9999992989446808,-0.001184107320767675,-3.1404085459923174,374.95225970719287,188.0
189,592192,3142,-0.9999980191112401,-0.0019904204570642733,-3.139602231818461,376.95225970719287,189.0
190,595333,3141,-0.9999996826038091,-0.0007967385275558584,-3.1407959149779434,378.95162316995544,190.0
191,598475,3142,-0.9999987151111582,-0.0016030520991252642,-3.1399896008040864,380.95162316995544,191.0
192,601616,3141,-0.9999999162082557,-0.00040936961478924705,-3.1411832839635703,382.950986632718,192.0
193,604758,3142,-0.9999992610565402,-0.0012156835006394751,-3.1403769697897133,384.950986632718,193.0
194,607899,3141,-0.9999999997579858,-2.2000640594521255e-05,-3.141570652949197,386.9503500954806,194.0
195,611041,3142,-0.9999996569473037,-0.0008283147197362791,-3.1407643387753383,388.9503500954806,195.0
196,614183,3142,-0.9999986639943327,-0.001634628260351864,-3.1399580246014835,390.9503500954806,196.0
197,617324,3141,-0.9999999027833896,-0.0004409458145353791,-3.1411517077609687,392.94971355824316,197.0
198,620466,3142,-0.9999992221713436,-0.0012472596792954605,-3.140345393587113,394.94971355824316,198.0
199,623607,3141,-0.999999998564761,-5.35768431706228e-05,-3.141539076746597,396.94907702100573,199.0
200,626749,3142,-0.9999996302937422,-0.0008598909110837893,-3.1407327625727404,398.94907702100573,200.0
201,629891,3142,-0.999998611880452,-0.0016662044199449873,-3.1399264483988842,400.94907702100573,201.0
202,633032,3141,-0.999999888361467,-0.00047252201384232097,-3.1411201315583672,402.9484404837683,202.0
203,636174,3142,-0.9999991822890916,-0.001278835856712077,-3.1403138173845084,404.9484404837683,203.0
204,639315,3141,-0.9999999963744793,-8.515304570109708e-05,-3.141507500543989,406.9478039465309,204.0
205,642457,3142,-0.9999996026431244,-0.000891467101581997,-3.1407011863701344,408.9478039465309,205.0
206,645599,3142,-0.999998558769516,-0.0016977805778862402,-3.1398948721962756,410.9478039465309,206.0
207,648740,3141,-0.999999872942488,-0.0005040982126847848,-3.1410885553557586,412.94716740929346,207.0
208,651882,3142,-0.9999991414097836,-0.0013104120328540686,-3.1402822411819034,414.94716740929346,208.0
209,655023,3141,-0.9999999931871414,-0.00011672924814040987,-3.1414759243413877,416.94653087205603,209.0
210,658165,3142,-0.9999995739954506,-0.0009230432911878891,-3.140669610167532,418.94653087205603,210.0
211,661307,3142,-0.9999985046615252,-0.001729356734123973,-3.1398632959936776,420.94653087205603,211.0
212,664448,3141,-0.9999998565264526,-0.0005356744110132675,-3.1410569791531615,422.9458943348186,212.0
213,667590,3142,-0.9999990995334197,-0.0013419882076830232,-3.140250664979305,424.9458943348186,213.0
214,670731,3141,-0.9999999890027467,-0.00014830545046326922,-3.141444348138786,426.9452577975812,214.0
215,673873,3142,-0.9999995443507206,-0.000954619479871123,-3.1406380339649314,428.9452577975812,215.0
216,677015,3142,-0.9999984495564789,-0.0017609328886420094,-3.139831719791075,430.9452577975812,216.0
217,680156,3141,-0.9999998391133604,-0.0005672506088189789,-3.1410254029505533,432.94462126034375,217.0
218,683298,3142,-0.9999990566600006,-0.0013735643811845022,-3.140219088776696,434.94462126034375,218.0
219,686439,3141,-0.9999999838212953,-0.0001798816526428532,-3.14141277193618,436.9439847231063,219.0
220,689581,3142,-0.9999995137089344,-0.0009861956676063093,-3.1406064577623276,438.9439847231063,220.0
221,692723,3142,-0.9999983934543778,-0.001792509041407221,-3.1398001435884697,440.9439847231063,221.0
222,695864,3141,-0.9999998207032121,-0.0005988268060481759,-3.140993826747956,442.9433481858689,222.0
223,699006,3142,-0.9999990127895255,-0.0014051405533006068,-3.140187512574103,444.9433481858689,223.0
224,702147,3141,-0.9999999776427876,-0.00021145785463104534,-3.141381195733586,446.9427116486315,224.0
225,705289,3142,-0.9999994820700921,-0.0010177718543508854,-3.140574881559731,448.9427116486315,225.0
226,708431,3142,-0.9999983363552218,-0.0018240851923777665,-3.1397685673858717,450.9427116486315,226.0
227,711572,3141,-0.9999998012960074,-0.0006304030026822589,-3.1409622505453565,452.942075111394,227.0
228,714714,3142,-0.9999989679219949,-0.0014367167240232936,-3.1401559363715017,454.942075111394,228.0
229,717855,3141,-0.9999999704672233,-0.00024303405641465896,-3.141349619530986,456.94143857415656,229.0
230,720997,3142,-0.9999994494341939,-0.0010493480400842223,-3.1405433053571308,458.94143857415656,230.0
231,724139,3142,-0.9999982782590104,-0.001855661341530552,-3.1397369911832724,460.94143857415656,231.0
232,727280,3141,-0.9999997808917463,-0.0006619791986869959,-3.140930674342758,462.94080203691914,232.0
233,730422,3142,-0.9999989220574086,-0.001468292893312277,-3.1401243601689024,464.94080203691914,233.0
234,733563,3141,-0.9999999622946024,-0.0002746102579569398,-3.141318043328385,466.9401654996817,234.0
235,736705,3142,-0.9999994158012395,-0.0010809242247745957,-3.140511729154527,468.9401654996817,235.0
236,739847,3142,-0.9999982191657447,-0.0018872374888382927,-3.1397054149806682,470.9401654996817,236.0
237,742988,3141,-0.999999759490429,-0.0006935553940395715,-3.1408990981401512,472.9395289624443,237.0
238,746130,3142,-0.999998875195767,-0.001499869061144593,-3.1400927839662955,474.9395289624443,238.0
239,749271,3141,-0.9999999531249248,-0.0003061864592296676,-3.1412864671257794,476.93889242520686,239.0
240,752413,3142,-0.9999993811712293,-0.0011125004083860184,-3.1404801529519246,478.93889242520686,240.0
241,755555,3142,-0.999998159075424,-0.0019188136342612437,-3.1396738387780676,480.93889242520686,241.0
242,758696,3141,-0.999999737092055,-0.0007251315886909277,-3.1408675219375546,482.93825588796943,242.0
243,761838,3142,-0.99999882733707,-0.0015314452274703125,-3.1400612077637,484.93825588796943,243.0
244,764979,3141,-0.9999999429581912,-0.0003377626601885874,-3.1412548909231823,486.937619350732,244.0
245,768121,3142,-0.9999993455441629,-0.0011440765908804441,-3.14044857674933,488.937619350732,245.0
246,771263,3142,-0.9999980979880487,-0.0019503897777625233,-3.139642262575475,490.937619350732,246.0
247,774404,3141,-0.999999713696625,-0.0007567077826180787,-3.1408359457349593,492.9369828134946,247.0
248,777546,3142,-0.9999987784813177,-0.0015630213922697969,-3.140029631561103,494.9369828134946,248.0
249,780687,3141,-0.9999999317944007,-0.00036933886081008514,-3.141223314720586,496.93634627625715,249.0
250,783829,3142,-0.9999993089200406,-0.0011756527722431745,-3.1404170005467265,498.93634627625715,250.0
251,786971,3142,-0.9999980359036185,-0.0019819659193295518,-3.139610686372872,500.93634627625715,251.0
252,790112,3141,-0.9999996893041384,-0.0007882839757976934,-3.140804369532357,502.9357097390197,252.0
253,793254,3142,-0.9999987286285098,-0.0015945975555158732,-3.1399980553585016,504.9357097390197,253.0
254,796395,3141,-0.9999999196335536,-0.00040091506106968404,-3.1411917385179837,506.9350732017823,254.0
255,799537,3142,-0.9999992712988627,-0.0012072289524293952,-3.1403854243441276,508.9350732017823,255.0
256,802678,3141,-0.9999999999082518,-1.3546086182439881e-05,-3.1415791075036106,510.9344366645449,256.0
257,805820,3142,-0.9999996639145958,-0.0008198601681872965,-3.1407727933297584,512.9344366645449,257.0
258,808962,3142,-0.9999986777786466,-0.0016261737171663145,-3.139966479155906,514.9344366645449,258.0
259,812103,3141,-0.9999999064756503,-0.00043249126092068595,-3.1411601623153897,516.9338001273074,259.0
260,815245,3142,-0.999999232680629,-0.0012388051314045953,-3.1403538481415354,518.9338001273074,260.0
261,818386,3141,-0.9999999989819894,-4.512228876018529e-05,-3.141547531301018,520.93316359007,261.0
262,821528,3142,-0.9999996375279971,-0.0008514363597571215,-3.1407412171271623,522.93316359007,262.0
263,824670,3142,-0.9999986259317283,-0.0016577498772000969,-3.1399349029533057,524.93316359007,263.0
264,827811,3141,-0.9999998923206903,-0.00046406746034450923,-3.1411285861127918,526.9325270528326,264.0
265,830953,3142,-0.9999991930653391,-0.0012703813091509085,-3.1403222719389374,528.9325270528326,265.0
266,834094,3141,-0.9999999970586707,-7.66984912973363e-05,-3.141515955098421,530.9318905155951,266.0
267,837236,3142,-0.9999996101443419,-0.0008830125504814618,-3.1407096409245625,532.9318905155951,267.0
268,840378,3142,-0.9999985730877546,-0.0016893260355851818,-3.139903326750701,534.9318905155951,268.0
269,843519,3141,-0.9999998771686739,-0.0004956436593177763,-3.141097009910182,536.9312539783577,269.0
270,846661,3142,-0.9999991524529936,-0.0013019574856437803,-3.140290695736326,538.9312539783577,270.0
271,849802,3141,-0.9999999941382953,-0.00010827469377141201,-3.1414843788958104,540.9306174411203,271.0
272,852944,3142,-0.9999995817636305,-0.0009145887403329548,-3.1406780647219557,542.9306174411203,272.0
273,856086,3142,-0.9999985192467261,-0.001720902192283058,-3.139871750548099,544.9306174411203,273.0
274,859227,3141,-0.999999861019601,-0.000527219857784213,-3.1410654337075847,546.9299809038829,274.0
275,862369,3142,-0.9999991108435926,-0.001333533660825744,-3.1402591195337273,548.9299809038829,275.0
276,865510,3141,-0.9999999902208634,-0.0001398508961256793,-3.1414528026932116,550.9293443666454,276.0
277,868652,3142,-0.999999552385863,-0.0009461649292636642,-3.1406464885193572,552.9293443666454,277.0
278,871794,3142,-0.9999984644086423,-0.0017524783472619102,-3.1398401743455007,554.9293443666454,278.0
279,874935,3141,-0.999999843873472,-0.0005587960557251924,-3.141033857504987,556.928707829408,279.0
280,878077,3142,-0.9999990682371355,-0.001365109834673842,-3.140227543331133,558.928707829408,280.0
281,881218,3141,-0.9999999853063749,-0.0001714270983316632,-3.141421226490622,560.9280712921706,281.0
282,884360,3142,-0.9999995220110397,-0.0009777411172464672,-3.1406149123167637,562.9280712921706,282.0
283,887502,3142,-0.9999984085735033,-0.0017840545004895025,-3.139808598142906,564.9280712921706,283.0
284,890643,3141,-0.9999998257302861,-0.0005903722531081182,-3.1410022813023906,566.9274347549332,284.0
285,893785,3142,-0.9999990246336231,-0.0013966860071664216,-3.140195967128533,568.9274347549332,285.0
286,896926,3141,-0.9999999793948299,-0.00020300330038349674,-3.1413896502880156,570.9267982176957,286.0
287,900068,3142,-0.99999949063916,-0.0010093173042636538,-3.140583336114161,572.9267982176957,287.0
288,903210,3142,-0.9999983517413096,-0.0018156306519442429,-3.139777021940305,574.9267982176957,288.0
289,906351,3141,-0.9999998065900442,-0.0006219484499070879,-3.140970705099789,576.9261616804583,289.0
290,909493,3142,-0.9999989800330549,-0.0014282621782672556,-3.1401643909259325,578.9261616804583,290.0
291,912634,3141,-0.9999999724862283,-0.0002345795022226747,-3.141358074085419,580.9255251432209,291.0
292,915776,3142,-0.9999994582702242,-0.0010408934902670086,-3.140551759911565,582.9255251432209,292.0
293,918918,3142,-0.9999982939120606,-0.0018472068015824247,-3.139745445737711,584.9255251432209,293.0
294,922059,3141,-0.9999997864527458,-0.0006535246460792193,-3.1409391288971946,586.9248886059835,294.0
295,925201,3142,-0.9999989344354313,-0.0014598383479388136,-3.1401328147233367,588.9248886059835,295.0
296,928342,3141,-0.9999999645805699,-0.00026615570382943746,-3.1413264978828215,590.924252068746,296.0
297,931484,3142,-0.9999994249042325,-0.0010724696752331976,-3.140520183708969,592.924252068746,297.0
298,934626,3142,-0.999998235085757,-0.0018787829493810916,-3.1397138695351146,594.924252068746,298.0
299,937767,3141,-0.999999765318391,-0.0006851008416029111,-3.1409075526945966,596.9236155315086,299.0
300,940909,3142,-0.9999988878407521,-0.0014914145161576836,-3.1401012385207383,598.9236155315086,300.0
301,944050,3141,-0.9999999556778554,-0.00029773190517408973,-3.1412949216802204,600.9229789942711,301.0
302,947192,3142,-0.9999993905411847,-0.0011040458591383441,-3.1404886075063647,602.9229789942711,302.0
303,950334,3142,-0.9999981752623988,-0.0019103590953144425,-3.13968229333251,604.9229789942711,303.0
304,953475,3141,-0.9999997431869798,-0.000716677036448247,-3.1408759764919942,606.9223424570338,304.0
305,956617,3142,-0.9999988402490174,-0.0015229906828912777,-3.1400696623181386,608.9223424570338,305.0
306,959758,3141,-0.999999945778084,-0.00032930810621687655,-3.1412633454776246,610.9217059197963,306.0
307,962900,3142,-0.9999993551810811,-0.00113562204193205,-3.1404570313037707,612.9217059197963,307.0
308,966042,3142,-0.9999981144419855,-0.0019419352393336196,-3.139650717129915,614.9217059197963,308.0
309,969183,3141,-0.9999997200585123,-0.0007482532305705356,-3.1408444002894003,616.9210693825589,309.0
310,972325,3142,-0.9999987916602274,-0.001554566848104085,-3.1400380861155406,618.9210693825589,310.0
311,975466,3141,-0.9999999348812564,-0.0003608843069348964,-3.141231769275025,620.9204328453214,311.0
312,978608,3142,-0.9999993188239215,-0.0011671982236018668,-3.1404254551011688,622.9204328453214,312.0
313,981750,3142,-0.9999980526245177,-0.001973511381422276,-3.139619140927314,624.9204328453214,313.0
314,984891,3141,-0.9999996959329887,-0.0007798294239551848,-3.140812824086798,626.9197963080841,314.0
315,988033,3142,-0.999998742074382,-0.0015861430117685726,-3.140006509912941,628.9197963080841,315.0
316,991174,3141,-0.9999999229873721,-0.0003924605072911456,-3.1412001930724274,630.9191597708466,316.0
317,994316,3142,-0.9999992814697058,-0.0011987744041043727,-3.1403938788985704,632.9191597708466,317.0
318,997457,3141,-0.9999999999870381,-5.091531738114839e-06,-3.141587562058055,634.9185232336092,318.0
319,1000599,3142,-0.9999996708104086,-0.0008114056165562859,-3.1407812478842017,636.9185232336092,319.0
320,1003741,3142,-0.9999986914914814,-0.001617719173847725,-3.1399749337103455,638.9185232336092,320.0
321,1006882,3141,-0.9999999100964314,-0.00042403670725594384,-3.14116861686983,640.9178866963717,321.0
322,1010024,3142,-0.9999992431184345,-0.0012303505834079336,-3.1403623026959755,642.9178866963717,322.0
323,1013165,3141,-0.9999999993277386,-3.6667734324833084e-05,-3.1415559858554603,644.9172501591343,323.0
324,1016307,3142,-0.9999996446907723,-0.0008429818083475666,-3.140749671681606,646.9172501591343,324.0
325,1019449,3142,-0.9999986399115252,-0.001649295334314911,-3.139943357507749,648.9172501591343,325.0
326,1022590,3141,-0.9999998962084342,-0.0004556129067975743,-3.1411370406672328,650.9166136218969,326.0
327,1025732,3142,-0.9999992037701073,-0.001261926761491178,-3.140330726493374,652.9166136218969,327.0
328,1028873,3141,-0.9999999976713827,-6.824393688132841e-05,-3.1415244096528587,654.9159770846594,328.0
329,1032015,3142,-0.9999996175740798,-0.0008745579993062433,-3.1407180954790026,656.9159770846594,329.0
330,1035157,3142,-0.9999985873345139,-0.0016808714931414153,-3.1399117813051483,658.9159770846594,330.0
331,1038298,3141,-0.9999998813233806,-0.0004871891058907351,-3.14110546446463,660.915340547422,331.0
332,1041440,3142,-0.9999991634247243,-0.0012935029383147432,-3.140299150290774,662.915340547422,332.0
333,1044581,3141,-0.9999999950179699,-9.982013936957246e-05,-3.141492833450258,664.9147040101846,333.0
334,1047723,3142,-0.9999995894603311,-0.0009061341893890982,-3.140686519276403,666.9147040101846,334.0
335,1050865,3142,-0.9999985337604475,-0.0017124476502919852,-3.139880205102548,668.9147040101846,335.0
336,1054006,3141,-0.9999998654412703,-0.0005187653044929909,-3.141073888262032,670.9140674729472,336.0
337,1057148,3142,-0.9999991220822856,-0.0013250791138494824,-3.1402675740881736,672.9140674729472,337.0
338,1060289,3141,-0.9999999913675008,-0.0001313963417577791,-3.1414612572476575,674.9134309357097,338.0
339,1063431,3142,-0.9999995603495264,-0.0009377103785710961,-3.1406549430738004,676.9134309357097,339.0
340,1066573,3142,-0.9999984791893262,-0.0017440238057353106,-3.1398486288999474,678.9134309357097,340.0
341,1069714,3141,-0.9999998485621038,-0.000550341502577809,-3.1410423120594344,680.9127943984723,341.0
342,1072856,3142,-0.9999990797427913,-0.0013566552880583357,-3.1402359978855774,682.9127943984723,342.0
343,1075997,3141,-0.9999999867199748,-0.00016297254401040698,-3.1414296810450613,684.9121578612348,343.0
344,1079139,3142,-0.9999995302416653,-0.0009692865668098151,-3.1406233668712065,686.9121578612348,344.0
345,1082281,3142,-0.9999984236211495,-0.001775599959437102,-3.1398170526973495,688.9121578612348,345.0
346,1085422,3141,-0.9999998306858808,-0.0005819177001208806,-3.14101073585683,690.9115213239975,346.0
347,1088564,3142,-0.9999990364062413,-0.0013882314609237878,-3.1402044216829723,692.9115213239975,347.0
348,1091705,3141,-0.9999999810753925,-0.00019454874610681786,-3.1413981048424593,694.91088478676,348.0
349,1094847,3142,-0.9999994991367483,-0.0010008627540927478,-3.140591790668602,696.91088478676,349.0
350,1097989,3142,-0.9999983670559178,-0.0018071761113747137,-3.1397854764947453,698.91088478676,350.0
351,1101130,3141,-0.9999998118126014,-0.0006134938970838495,-3.1409791596542256,700.9102482495226,351.0
352,1104272,3142,-0.9999989920726357,-0.0014198076324006704,-3.1401728454803712,702.9102482495226,352.0
353,1107413,3141,-0.9999999744337537,-0.00022612494800999745,-3.141366528639856,704.9096117122851,353.0
354,1110555,3142,-0.999999467034775,-0.0010324389403761397,-3.140560214465999,706.9096117122851,354.0
355,1113697,3142,-0.9999983094936314,-0.0018387522615073732,-3.139753900292144,708.9096117122851,355.0
356,1116838,3141,-0.9999997919422656,-0.0006450700934287084,-3.140947583451627,710.9089751750478,356.0
357,1119980,3142,-0.9999989467419743,-0.0014513838024621097,-3.14014126927777,712.9089751750478,357.0
358,1123121,3141,-0.9999999667950581,-0.00025770114968640335,-3.1413349524372545,714.9083386378103,358.0
359,1126263,3142,-0.999999433935746,-0.0010640151256260558,-3.1405286382634,716.9083386378103,359.0
360,1129405,3142,-0.99999825093429,-0.0018703284098055943,-3.1397223240895444,718.9083386378103,360.0
361,1132546,3141,-0.9999997710748736,-0.0006766462891321712,-3.1409160072490274,720.9077021005729,361.0
362,1135688,3142,-0.9999989004142575,-0.0014829599710720982,-3.1401096930751735,722.9077021005729,362.0
363,1138829,3141,-0.9999999581593062,-0.00028927735110037696,-3.1413033762346583,724.9070655633354,363.0
364,1141971,3142,-0.9999993998396608,-0.001095591309814536,-3.1404970620608017,726.9070655633354,364.0
365,1145113,3142,-0.9999981913778938,-0.0019019045562382714,-3.139690747886945,728.9070655633354,365.0
366,1148254,3141,-0.9999997492104251,-0.0007082224841579171,-3.1408844310464303,730.9064290260981,366.0
367,1151396,3142,-0.9999988530894853,-0.0015145361382060572,-3.1400781168725747,732.9064290260981,367.0
368,1154537,3141,-0.9999999485264978,-0.00032085355222981706,-3.141271800032058,734.9057924888606,368.0
369,1157679,3142,-0.9999993647465197,-0.0011271674929096416,-3.1404654858582046,736.9057924888606,369.0
370,1160821,3142,-0.999998130824443,-0.001933480700773142,-3.1396591716843476,738.9057924888606,370.0
371,1163962,3141,-0.9999997263489202,-0.0007397986784793069,-3.1408528548438315,740.9051559516232,371.0
372,1167104,3142,-0.9999988047676577,-0.0015461123038275314,-3.1400465406699776,742.9051559516232,372.0
373,1170245,3141,-0.9999999378966328,-0.00035242975303784147,-3.1412402238294597,744.9045194143857,373.0
374,1173387,3142,-0.9999993286563227,-0.001158743674887289,-3.140433909655601,746.9045194143857,374.0
375,1176529,3142,-0.9999980692739373,-0.0019650568433821768,-3.139627595481748,748.9045194143857,375.0
376,1179670,3141,-0.999999702490359,-0.0007713748720639223,-3.140821278641232,750.9038828771484,376.0
377,1182812,3142,-0.9999987554487748,-0.0015776884679119055,-3.1400149644673765,752.9038828771484,377.0
378,1185953,3141,-0.999999926269711,-0.0003840059534965784,-3.141208647626859,754.9032463399109,378.0
379,1189095,3142,-0.9999992915690696,-0.001190319855706728,-3.140402333453,756.9032463399109,379.0
380,1192237,3142,-0.999998006726377,-0.0019966329840341054,-3.1395960192791463,758.9032463399109,380.0
381,1195378,3141,-0.9999996776347418,-0.0008029510648818096,-3.14078970243863,760.9026098026735,381.0
382,1198520,3142,-0.9999987051328363,-0.0016092646304210513,-3.139983388264777,762.9026098026735,382.0
383,1201661,3141,-0.9999999136457332,-0.0004155821535690638,-3.141177071424262,764.901973265436,383.0
384,1204803,3142,-0.9999992534847608,-0.0012218960353302273,-3.140370757250408,766.901973265436,384.0
385,1207944,3141,-0.9999999996020082,-2.82131798942466e-05,-3.1415644404098955,768.9013367281985,385.0
386,1211086,3142,-0.9999996517820681,-0.0008345272568868509,-3.1407581262360407,770.9013367281985,386.0
387,1214228,3142,-0.9999986538198428,-0.0016408407913171537,-3.1399518120621868,772.9013367281985,387.0
388,1217369,3141,-0.9999999000246987,-0.00044715835321899736,-3.141145495221673,774.9007001909612,388.0
389,1220511,3142,-0.999999214403396,-0.0012534722137320952,-3.14033918104782,776.9007001909612,389.0
390,1223652,3141,-0.9999999982126149,-5.978938245104959e-05,-3.1415328642073064,778.9000636537237,390.0
391,1226794,3142,-0.9999996249323383,-0.0008661034480598275,-3.140726550033451,780.9000636537237,391.0
392,1229936,3142,-0.9999986015097938,-0.0016724169505782885,-3.139920235859595,782.9000636537237,392.0
393,1233077,3141,-0.9999998854066077,-0.0004787345524275028,-3.1411139190190793,784.8994271164863,393.0
394,1236219,3142,-0.9999991743249756,-0.0012850483908934415,-3.1403076048452223,786.8994271164863,394.0
395,1239360,3141,-0.9999999958261651,-9.13655849593004e-05,-3.1415012880047066,788.8987905792488,395.0
396,1242502,3142,-0.9999995970855522,-0.0008976796383756619,-3.140694973830855,790.8987905792488,396.0
397,1245644,3142,-0.9999985482026897,-0.001703993108175624,-3.1398886596569997,792.8987905792488,397.0
398,1248785,3141,-0.9999998697914603,-0.0005103107511619335,-3.1410823428164822,794.8981540420115,398.0
399,1251927,3142,-0.9999991332494995,-0.0013166245667729048,-3.1402760286426252,796.8981540420115,399.0
400,1255068,3141,-0.9999999924426586,-0.00012294178737438612,-3.141469711802109,798.897517504774,400.0
401,1258210,3142,-0.99999956824171,-0.0009292558278048589,-3.1406633976282503,800.897517504774,401.0
402,1261352,3142,-0.9999984938985306,-0.0017355692640851328,-3.1398570834543933,802.897517504774,402.0
403,1264493,3141,-0.9999998531792563,-0.000541886949395963,-3.141050766613877,804.8968809675366,403.0
404,1267635,3142,-0.9999990911769676,-0.0013482007413451885,-3.140244452440023,806.8968809675366,404.0
405,1270776,3141,-0.9999999880620954,-0.00015451798967121877,-3.141438135599507,808.8962444302991,405.0
406,1273918,3142,-0.9999995384008117,-0.0009608320163008629,-3.140631821425653,810.8962444302991,406.0
407,1277060,3142,-0.9999984385973164,-0.0017671454182529968,-3.139825507251798,812.8962444302991,407.0
408,1280201,3141,-0.9999998355699959,-0.0005734631470819839,-3.1410191904112796,814.8956078930618,408.0
409,1283343,3142,-0.9999990481073799,-0.0013797769145677396,-3.1402128762374257,816.8956078930618,409.0
410,1286484,3141,-0.9999999826844757,-0.00018609419181063162,-3.1414065593969087,818.8949713558243,410.0
411,1289626,3142,-0.9999995075628573,-0.0009924082038402031,-3.1406002452230535,820.8949713558243,411.0
412,1292768,3142,-0.9999983822990473,-0.0017987215706650682,-3.1397939310491965,822.8949713558243,412.0
413,1295909,3141,-0.9999998169636791,-0.0006050393441974203,-3.1409876142086812,824.8943348185869,413.0
414,1299051,3142,-0.9999990040407367,-0.001411353086417485,-3.1401813000348255,826.8943348185869,414.0
415,1302192,3141,-0.9999999763097996,-0.00021767039376620846,-3.141374983194308,828.8936982813494,415.0
416,1305334,3142,-0.9999994757278465,-0.0010239843903927896,-3.1405686690204515,830.8936982813494,416.0
417,1308476,3142,-0.999998325003723,-0.001830297721283432,-3.1397623548465954,832.8936982813494,417.0
418,1311617,3141,-0.9999997973603061,-0.0006366155407089539,-3.1409560380060833,834.8930617441121,418.0
419,1314759,3142,-0.9999989589770378,-0.0014429292568551967,-3.1401497238322302,836.8930617441121,419.0
420,1317900,3141,-0.999999968938067,-0.00024924659549848777,-3.141343406991714,838.8924252068746,420.0
421,1321042,3142,-0.9999994428957801,-0.0010555605759130567,-3.140537092817861,840.8924252068746,421.0
422,1324184,3142,-0.9999982667113438,-0.0018618738700635648,-3.139730778644007,842.8924252068746,422.0
423,1327325,3141,-0.9999997767598767,-0.0006681917365781324,-3.140924461803493,844.8917886696372,423.0
424,1330467,3142,-0.9999989129162837,-0.001474505425853565,-3.140118147629636,846.8917886696372,424.0
425,1333608,3141,-0.9999999605692775,-0.00028082279697981685,-3.1413118307891224,848.8911521323997,425.0
426,1336750,3142,-0.9999994090666574,-0.0010871367603848831,-3.1405055166152667,850.8911521323997,426.0
427,1339892,3142,-0.9999982074219098,-0.0018934500169941733,-3.1396992024414128,852.8911521323997,427.0
428,1343033,3141,-0.9999997551623908,-0.0006997679317865354,-3.140892885600897,854.8905155951624,428.0
429,1346175,3142,-0.9999988658584739,-0.0015060815933810184,-3.1400865714270423,856.8905155951624,429.0
430,1349316,3141,-0.9999999512034318,-0.0003123989981847952,-3.141280254586527,858.8898790579249,430.0
431,1352458,3142,-0.999999374240479,-0.001118712943772848,-3.140473940412672,860.8898790579249,431.0
432,1355600,3142,-0.9999981471354211,-0.0019250261620370854,-3.1396676262388175,862.8898790579249,432.0
433,1358741,3141,-0.9999997325678487,-0.0007313441262963319,-3.1408613093983018,864.8892425206875,433.0
434,1361883,3142,-0.9999988178036087,-0.0015376577594083823,-3.1400549952244465,866.8892425206875,434.0
435,1365024,3141,-0.9999999408405296,-0.0003439751990777156,-3.141248678383932,868.88860598345,435.0
436,1368166,3142,-0.9999993384172443,-0.0011502891260443755,-3.1404423642100783,870.88860598345,436.0
437,1371308,3142,-0.9999980858518778,-0.0019566023051600825,-3.1396360500362235,872.88860598345,437.0
438,1374449,3141,-0.9999997089762503,-0.0007629203200779626,-3.140829733195706,874.8879694462127,438.0
439,1377591,3142,-0.999998768751688,-0.0015692339239062464,-3.1400234190218477,876.8879694462127,439.0
440,1380732,3141,-0.9999999294805706,-0.0003755513996354553,-3.1412171021813298,878.8873329089752,440.0
441,1383874,3142,-0.9999993015969538,-0.0011818653071793827,-3.1404107880074745,880.8873329089752,441.0
442,1387016,3142,-0.9999980235712795,-0.0019881784463414605,-3.1396044738336197,882.8873329089752,442.0
443,1390157,3141,-0.9999996843875956,-0.0007944965131048978,-3.140798156993104,884.8866963717378,443.0
444,1393299,3142,-0.9999987187027122,-0.0016008100868398335,-3.1399918428192484,886.8866963717378,444.0
445,1396440,3141,-0.9999999171235553,-0.0004071275998126642,-3.1411855259787336,888.8860598345003,445.0
446,1399582,3142,-0.9999992637796077,-0.0012134414871304753,-3.1403792118048757,890.8860598345003,446.0
447,1402723,3141,-0.9999999998047984,-1.9758625431648877e-05,-3.1415728949643604,892.885423297263,447.0
448,1405865,3142,-0.9999996588018845,-0.0008260727053365159,-3.140766580790505,894.885423297263,448.0
449,1409007,3142,-0.9999986676566807,-0.0016323862481788848,-3.1399602666166477,896.885423297263,449.0
450,1412148,3141,-0.9999999037694836,-0.00043870379958725256,-3.141153949776134,898.8847867600255,450.0
451,1415290,3142,-0.9999992249652054,-0.0012450176658694388,-3.1403476356022795,900.8847867600255,451.0
452,1418431,3141,-0.9999999986823678,-5.1334828005609125e-05,-3.141541318761765,902.884150222788,452.0
453,1421573,3142,-0.9999996322191173,-0.0008576488967445129,-3.1407350045879063,904.884150222788,453.0
454,1424715,3142,-0.9999986156135944,-0.0016639624078859639,-3.139928690414051,906.884150222788,454.0
455,1427856,3141,-0.9999998894183553,-0.0004702799989224358,-3.141122373573536,908.8835136855506,455.0
456,1430998,3142,-0.9999991851537476,-0.0012765938433690067,-3.1403160593996815,910.8835136855506,456.0
457,1434139,3141,-0.9999999965628805,-8.291103053242077e-05,-3.141509742559166,912.8828771483131,457.0
458,1437281,3142,-0.9999996046392938,-0.0008892250872938259,-3.140703428385311,914.8828771483131,458.0
459,1440423,3142,-0.9999985625734527,-0.0016955385659367405,-3.139897114211452,916.8828771483131,459.0
460,1443564,3141,-0.9999998740701704,-0.000501856197793814,-3.141090797370933,918.8822406110758,460.0
461,1446706,3142,-0.9999991443452338,-0.001308170019600544,-3.1402844831970786,920.8822406110758,461.0
462,1449847,3141,-0.9999999934463368,-0.00011448723298040675,-3.1414781663565625,922.8816040738383,462.0
463,1452989,3142,-0.9999995760624144,-0.0009208012769655151,-3.140671852182707,924.8816040738383,463.0
464,1456131,3142,-0.9999985085362557,-0.0017271147222980017,-3.1398655380088516,926.8816040738383,464.0
465,1459272,3141,-0.9999998577249293,-0.000533432396161432,-3.1410592211683337,928.8809675366009,465.0
466,1462414,3142,-0.9999991025396643,-0.0013397461945245544,-3.140252906994479,930.8809675366009,466.0
467,1465555,3141,-0.9999999893327363,-0.00014606343531054059,-3.141446590153963,932.8803309993634,467.0
468,1468697,3142,-0.9999995464884786,-0.0009523774657150949,-3.1406402759801066,934.8803309993634,468.0
469,1471839,3142,-0.9999984535020038,-0.001758690876937939,-3.139833961806251,936.8803309993634,469.0
470,1474980,3141,-0.9999998403826315,-0.0005650085939983891,-3.141027644965733,938.879694462126,470.0
471,1478122,3142,-0.9999990597370392,-0.0013713223681164452,-3.1402213307918756,940.879694462126,471.0
472,1481263,3141,-0.9999999842220795,-0.00017763963749823053,-3.141415013951361,942.8790579248886,472.0
473,1484405,3142,-0.9999995159174866,-0.0009839536535134052,-3.1406086997775082,944.8790579248886,473.0
474,1487547,3142,-0.9999983974706971,-0.001790267029822956,-3.139802385603651,946.8790579248886,474.0
475,1490688,3141,-0.9999998220432775,-0.0005965847912676422,-3.140996068763137,948.8784213876512,475.0
476,1493830,3142,-0.9999990159373585,-0.0014028985403286341,-3.1401897545892843,950.8784213876512,476.0
477,1496971,3141,-0.999999978114366,-0.00020921583949888754,-3.141383437748768,952.8777848504137,477.0
478,1500113,3142,-0.9999994843494387,-0.001015529840329751,-3.1405771235749107,954.8777848504137,478.0
479,1503255,3142,-0.9999983404423349,-0.0018218431809208361,-3.1397708094010537,956.8777848504137,479.0
480,1506396,3141,-0.9999998027068671,-0.000628160987945039,-3.1409644925605376,958.8771483131763,480.0
481,1509538,3142,-0.9999989711406223,-0.001434474711154705,-3.1401581783866805,960.8771483131763,481.0
482,1512679,3141,-0.9999999710095959,-0.00024079204130333766,-3.141351861546163,962.8765117759389,482.0
483,1515821,3142,-0.9999994517843347,-0.0010471060261369402,-3.1405455473723096,964.8765117759389,483.0
484,1518963,3142,-0.9999982824169181,-0.0018534193302023523,-3.139739233198456,966.8765117759389,484.0
485,1522104,3141,-0.9999997823734004,-0.0006597371839936672,-3.140932916357941,968.8758752387015,485.0
486,1525246,3142,-0.9999989253468303,-0.0014660508805436454,-3.140126602184084,970.8758752387015,486.0
487,1528387,3141,-0.9999999629077694,-0.0002723682428582518,-3.1413202853435673,972.875238701464,487.0
488,1531529,3142,-0.9999994182221748,-0.0010786822108972154,-3.1405139711697116,974.875238701464,488.0
489,1534671,3142,-0.9999982233944464,-0.0018849954776405452,-3.139707656995854,976.875238701464,489.0
490,1537812,3141,-0.9999997610428771,-0.0006913133793914904,-3.140901340155337,978.8746021642266,490.0
491,1540954,3142,-0.999998878555983,-0.001497627048477013,-3.140095025981481,980.8746021642266,491.0
492,1544095,3141,-0.9999999538088864,-0.0003039444441470613,-3.1412887091409663,982.8739656269892,492.0
493,1547237,3142,-0.9999993836629587,-0.0011102583945858957,-3.1404823949671097,984.8739656269892,493.0
494,1550379,3142,-0.99999816337492,-0.0019165716231965449,-3.1396760807932544,986.8739656269892,494.0
495,1553520,3141,-0.9999997387152978,-0.0007228895740926232,-3.1408697639527405,988.8733290897518,495.0
496,1556662,3142,-0.9999988307680802,-0.0015292032149143656,-3.140063449778881,990.8733290897518,496.0
497,1559803,3141,-0.9999999437129468,-0.0003355206451355226,-3.1412571329383625,992.8726925525143,497.0
498,1562945,3142,-0.9999993481066866,-0.001141834577165464,-3.1404508187645095,994.8726925525143,498.0
499,1566087,3142,-0.9999981023583387,-0.0019481477668448909,-3.139644504590652,996.8726925525143,499.0
500,1569228,3141,-0.999999715390662,-0.0007544657680809955,-3.1408381877501363,998.8720560152769,500.0
501,1572370,3142,-0.999998781983122,-0.0015607793798262637,-3.1400318735762816,1000.8720560152769,501.0
502,1575511,3141,-0.9999999326199507,-0.0003670968457788802,-3.1412255567357694,1002.8714194780395,502.0
503,1578653,3142,-0.9999993115533587,-0.0011734107586054512,-3.1404192425619106,1004.8714194780395,503.0
504,1581795,3142,-0.9999980403447029,-0.0019797239085466278,-3.1396129283880536,1006.8714194780395,504.0
505,1584936,3141,-0.9999996910689698,-0.0007860419613099608,-3.140806611547539,1008.8707829408021,505.0
506,1588078,3142,-0.9999987322011085,-0.0015923555431803524,-3.1400002973736836,1010.8707829408021,506.0
507,1591219,3141,-0.9999999205298982,-0.0003986730460637638,-3.141193980533169,1012.8701464035646,507.0
508,1594361,3142,-0.9999992740029751,-0.0012049869388720904,-3.1403876663593153,1014.8701464035646,508.0
509,1597502,3141,-0.999999999936109,-1.1304070993003308e-05,-3.1415813495188,1016.8695098663272,509.0
510,1600644,3142,-0.9999996657502214,-0.0008176181537516385,-3.1407750353449453,1018.8695098663272,510.0
511,1603786,3142,-0.9999986814220395,-0.0016239317049419968,-3.1399687211710905,1020.8695098663272,511.0
512,1606927,3141,-0.9999999074427889,-0.0004302492459461414,-3.141162404330573,1022.8688733290898,512.0
513,1610069,3142,-0.9999992354555355,-0.0012365631179406674,-3.1403560901567165,1024.8688733290899,513.0
514,1613210,3141,-0.9999999990806411,-4.288027357570135e-05,-3.1415497733162043,1026.8682367918523,514.0
515,1616352,3142,-0.9999996394344169,-0.0008491943453805531,-3.140743459142349,1028.8682367918523,515.0
516,1619494,3142,-0.9999986296459153,-0.0016555078650892883,-3.139937144968493,1030.8682367918523,516.0
517,1622635,3141,-0.9999998933586233,-0.00046182544539919774,-3.1411308281279773,1032.867600254615,517.0
518,1625777,3142,-0.99999919591104,-0.0012681392957766746,-3.1403245139541176,1034.867600254615,518.0
519,1628918,3141,-0.9999999972281166,-7.44564761221589e-05,-3.1415181971136024,1036.8669637173775,519.0
520,1632060,3142,-0.9999996121215561,-0.0008807705361665776,-3.1407118829397493,1038.8669637173775,520.0
521,1635202,3142,-0.9999985768727361,-0.0016870840235859218,-3.139905568765895,1040.8669637173775,521.0
522,1638343,3141,-0.9999998782774012,-0.0004934016443950909,-3.141099251925379,1042.86632718014,522.0
523,1641485,3142,-0.9999991553694888,-0.001299715472341795,-3.140292937751525,1044.86632718014,523.0
524,1644626,3141,-0.9999999943785355,-0.00010603267858612489,-3.1414866209110084,1046.8656906429026,524.0
525,1647768,3142,-0.999999583811639,-0.0009123467260729384,-3.140680306737151,1048.8656906429026,525.0
526,1650910,3142,-0.9999985231025016,-0.0017186601804018934,-3.1398739925632957,1050.8656906429026,526.0
527,1654051,3141,-0.9999998621991228,-0.0005249778429003758,-3.1410676757227787,1052.8650541056652,527.0
528,1657193,3142,-0.9999991138308819,-0.001331291647614751,-3.1402613615489283,1054.8650541056652,528.0
529,1660334,3141,-0.999999990531898,-0.00013760888094487038,-3.141455044708414,1056.8644175684278,529.0
530,1663476,3142,-0.9999995545046659,-0.0009439229150654989,-3.1406487305345565,1058.8644175684278,530.0
531,1666618,3142,-0.9999984683352119,-0.0017502363355024104,-3.1398424163606986,1060.8644175684278,531.0
532,1669759,3141,-0.9999998451237879,-0.0005565540408789048,-3.141036099520182,1062.8637810311902,532.0
533,1672901,3142,-0.9999990712952191,-0.001362867821564544,-3.140229785346328,1064.8637810311902,533.0
534,1676042,3141,-0.9999999856882038,-0.0001691850831693908,-3.141423468505817,1066.8631444939529,534.0
535,1679184,3142,-0.9999995242006366,-0.0009754991031162896,-3.140617154331963,1068.8631444939529,535.0
536,1682326,3142,-0.9999984125708673,-0.0017818124888518702,-3.1398108401581073,1070.8631444939529,536.0
537,1685467,3141,-0.9999998270513966,-0.0005881302382962229,-3.1410045233175916,1072.8625079567155,537.0
538,1688609,3142,-0.999999027762501,-0.0013944439941471814,-3.1401982091437355,1074.8625079567155,538.0
539,1691750,3141,-0.9999999798474529,-0.00020076128522609373,-3.1413918923032185,1076.8618714194781,539.0
540,1694892,3142,-0.9999994928995514,-0.0010070752901978775,-3.140585578129366,1078.8618714194781,540.0
541,1698034,3142,-0.9999983558094677,-0.001813388640430112,-3.13977926395551,1080.8618714194781,541.0
542,1701175,3141,-0.9999998079819487,-0.0006197064351325521,-3.140972947114996,1082.8612348822405,542.0
543,1704317,3142,-0.999998983232727,-0.0014260201653415413,-3.140166632941141,1084.8612348822405,543.0
544,1707458,3141,-0.9999999730096458,-0.00023233748707507984,-3.141360316100628,1086.8605983450032,544.0
545,1710600,3142,-0.9999994606014099,-0.0010386514762723608,-3.140554001926772,1088.8605983450032,545.0
546,1713742,3142,-0.9999982980510131,-0.0018449647901957122,-3.139747687752918,1090.8605983450032,546.0
547,1716883,3141,-0.9999997879154446,-0.000651282631349759,-3.140941370912401,1092.8599618077658,547.0
548,1720025,3142,-0.9999989377058977,-0.0014575963351182825,-3.1401350567385427,1094.8599618077658,548.0
549,1723166,3141,-0.9999999651747818,-0.0002639136886997332,-3.14132873989803,1096.8593252705284,549.0
550,1726308,3142,-0.9999994273062126,-0.0010702276613115153,-3.1405224257241775,1098.8593252705284,550.0
551,1729450,3142,-0.9999982392955038,-0.0018765409381253546,-3.1397161115503223,1100.8593252705284,551.0
552,1732591,3141,-0.9999997668518841,-0.0006828588269206095,-3.1409097947098035,1102.8586887332908,552.0
553,1735733,3142,-0.9999988911820127,-0.0014891725034360361,-3.14010348053595,1104.8586887332908,553.0
554,1738874,3141,-0.9999999563428614,-0.00029548989005636587,-3.141297163695437,1106.8580521960534,554.0
555,1742016,3142,-0.999999393013959,-0.0011018038452869797,-3.1404908495215795,1108.8580521960534,555.0
556,1745158,3142,-0.9999981795429396,-0.0019081170841849177,-3.1396845353477256,1110.8580521960534,556.0
557,1748299,3141,-0.9999997447912673,-0.000714435021806252,-3.1408782185072104,1112.857415658816,557.0
558,1751441,3142,-0.9999988436610724,-0.0015207486702701067,-3.140071904333356,1114.857415658816,558.0
559,1754582,3141,-0.9999999465138847,-0.00032706609112335966,-3.1412655874928386,1116.8567791215787,559.0
560,1757724,3142,-0.9999993577246495,-0.0011333800281604245,-3.1404592733189856,1118.8567791215787,560.0
561,1760866,3142,-0.9999981187933206,-0.0019396932283417554,-3.1396529591451294,1120.8567791215787,561.0
562,1764007,3141,-0.9999997217335942,-0.0007460112159820485,-3.1408466423046146,1122.8561425843411,562.0
563,1767149,3142,-0.9999987951430765,-0.0015523248355931427,-3.1400403281307567,1124.8561425843411,563.0
564,1770290,3141,-0.9999999356878514,-0.00035864229186630125,-3.1412340112902384,1126.8555060471037,564.0
565,1773432,3142,-0.9999993214382843,-0.0011649562099108326,-3.140427697116384,1128.8555060471037,565.0
566,1776574,3142,-0.9999980570466468,-0.001971269370568562,-3.139621382942529,1130.8555060471037,566.0
567,1779715,3141,-0.9999996976788645,-0.0007775874094203085,-3.1408150661020127,1132.8548695098664,567.0
568,1782857,3142,-0.9999987456280254,-0.0015839009993686274,-3.1400087519281574,1134.8548695098664,568.0
569,1785998,3141,-0.9999999238647612,-0.00039021849224852337,-3.1412024350876417,1136.854232972629,569.0
570,1789140,3142,-0.999999284154863,-0.0011965323904990885,-3.1403961209137834,1138.854232972629,570.0
571,1792281,3141,-0.9999999999959401,-2.849516525189724e-06,-3.141589804073268,1140.8535964353914,571.0
572,1795423,3142,-0.9999996726270789,-0.0008091636020817233,-3.140783489899412,1142.8535964353914,572.0
573,1798565,3142,-0.9999986951159189,-0.0016154771615680052,-3.1399771757255546,1144.8535964353914,573.0
574,1801706,3141,-0.9999999110446147,-0.0004217946922471428,-3.1411708588850393,1146.852959898154,574.0
575,1804848,3142,-0.9999992458743859,-0.0012281085698930677,-3.140364544711184,1148.852959898154,575.0
576,1807989,3141,-0.999999999407435,-3.442571912122299e-05,-3.1415582278706653,1150.8523233609167,576.0
577,1811131,3142,-0.9999996465782371,-0.0008407397939408952,-3.140751913696807,1152.8523233609167,577.0
578,1814273,3142,-0.9999986436067573,-0.0016470533221568514,-3.139945599522952,1154.8523233609167,578.0
579,1817414,3141,-0.9999998972274119,-0.0004533708918233152,-3.1411392826824387,1156.851686823679,579.0
580,1820556,3142,-0.9999992065968529,-0.0012596847480642922,-3.140332968508583,1158.851686823679,580.0
581,1823697,3141,-0.9999999978218731,-6.600192168009854e-05,-3.141526651668065,1160.8510502864417,581.0
582,1826839,3142,-0.9999996195323388,-0.0008723159849526502,-3.140720337494211,1162.8510502864417,582.0
583,1829981,3142,-0.99999859110054,-0.0016786294810979718,-3.1399140233203546,1164.8510502864417,583.0
584,1833122,3141,-0.9999998824131526,-0.0004849470909449709,-3.1411077064798403,1166.8504137492043,584.0
585,1836264,3142,-0.9999991663222643,-0.0012912609249765283,-3.1403013923059846,1168.8504137492043,585.0
586,1839405,3141,-0.9999999952392549,-9.757812416821594e-05,-3.1414950754654702,1170.849777211967,586.0
587,1842547,3142,-0.9999995914893846,-0.0009038921750936904,-3.1406887612916163,1172.849777211967,587.0
588,1845689,3142,-0.999998537597268,-0.0017102056383638939,-3.139882447117759,1174.849777211967,588.0
589,1848830,3141,-0.9999998666018367,-0.0005165232895832612,-3.1410761302772423,1176.8491406747294,589.0
590,1851972,3142,-0.9999991250506199,-0.0013228371005996715,-3.1402698161033884,1178.8491406747294,590.0
591,1855113,3141,-0.9999999916595799,-0.00012915432656101006,-3.141463499262873,1180.848504137492,591.0
592,1858255,3142,-0.999999562449374,-0.000935468364335584,-3.1406571850890193,1182.848504137492,592.0
593,1861397,3142,-0.9999984830969406,-0.0017417817939230395,-3.139850870915165,1184.848504137492,593.0
594,1864538,3141,-0.9999998497934646,-0.0005480994877013244,-3.141044554074649,1186.8478676002546,594.0
595,1867680,3142,-0.9999990827819197,-0.0013544132749054227,-3.1402382399007904,1188.8478676002546,595.0
596,1870821,3141,-0.9999999870828485,-0.00016073052882429912,-3.141431923060277,1190.8472310630173,596.0
597,1873963,3142,-0.9999995324123073,-0.0009670445526442471,-3.140625608886423,1192.8472310630173,597.0
598,1877105,3142,-0.9999984275995584,-0.0017733579477492891,-3.139819294712567,1194.8472310630173,598.0
599,1880246,3141,-0.9999998319880358,-0.0005796756852787454,-3.1410129778720504,1196.8465945257797,599.0
600,1883388,3142,-0.9999990395161639,-0.0013859894478574415,-3.1402066636981956,1198.8465945257797,600.0
601,1886529,3141,-0.9999999815090604,-0.00019230673092601286,-3.141400346857682,1200.8459579885423,601.0
602,1889671,3142,-0.9999995013781844,-0.0009986207399893148,-3.140594032683826,1202.8459579885423,602.0
603,1892813,3142,-0.999998371105121,-0.001804934099809928,-3.1397877185099667,1204.8459579885423,603.0
604,1895954,3141,-0.9999998131855506,-0.0006112518822793506,-3.14098140166945,1206.845321451305,604.0
605,1899096,3142,-0.9999989952533526,-0.0014175656194329435,-3.1401750874955954,1208.845321451305,605.0
606,1902237,3141,-0.9999999749382159,-0.00022388293284458956,-3.1413687706550784,1210.8446849140676,606.0
607,1905379,3142,-0.9999994693470057,-0.0010301969263462932,-3.1405624564812213,1212.8446849140676,607.0
608,1908521,3142,-0.9999983136136287,-0.001836510250074472,-3.139756142307363,1214.8446849140676,608.0
609,1911662,3141,-0.9999997933860092,-0.0006428280786716694,-3.140949825466849,1216.84404837683,609.0
610,1914804,3142,-0.9999989499934857,-0.0014491417895973456,-3.140143511292993,1218.84404837683,610.0
611,1917945,3141,-0.9999999673703148,-0.0002554591345372314,-3.1413371944524773,1220.8434118395926,611.0
612,1921087,3142,-0.9999994363187708,-0.001061773111670246,-3.1405308802786225,1222.8434118395926,612.0
613,1924229,3142,-0.9999982551250816,-0.001868086398495274,-3.1397245661047717,1224.8434118395926,613.0
614,1927370,3141,-0.9999997725894115,-0.0006744042744168458,-3.1409182492642542,1226.8427753023552,614.0
615,1930512,3142,-0.9999989037365632,-0.0014807179583056212,-3.1401119350904017,1228.8427753023552,615.0
616,1933653,3141,-0.9999999588053572,-0.00028703533596432666,-3.1413056182498873,1230.8421387651179,616.0
617,1936795,3142,-0.9999994022934798,-0.0010933492959290432,-3.1404993040760303,1232.8421387651179,617.0
618,1939937,3142,-0.9999981956394797,-0.001899662545058787,-3.139692989902175,1234.8421387651179,618.0
619,1943078,3141,-0.9999997507957573,-0.0007059804694885113,-3.1408866730616603,1236.8415022278803,619.0
620,1946220,3142,-0.999998856482585,-0.00151229412554594,-3.1400803588878023,1238.8415022278803,620.0
621,1949361,3141,-0.9999999492433429,-0.0003186115371164256,-3.141274042047286,1240.8408656906429,621.0
622,1952503,3142,-0.9999993672711331,-0.001124925479100236,-3.1404677278734354,1242.8408656906429,622.0
623,1955645,3142,-0.9999981351568228,-0.0019312386897285898,-3.139661413699578,1244.8408656906429,623.0
624,1958786,3141,-0.9999997280050468,-0.0007375566638620105,-3.1408550968590605,1246.8402291534055,624.0
625,1961928,3142,-0.9999988082315517,-0.0015438702912771605,-3.140048782685204,1248.8402291534055,625.0
626,1965069,3141,-0.9999999386842723,-0.0003501877379483406,-3.1412424658446874,1250.8395926161681,626.0
627,1968211,3142,-0.9999993312517302,-0.0011565016611584978,-3.1404361516708317,1252.8395926161681,627.0
628,1971353,3142,-0.9999980736771115,-0.001962814832477874,-3.139629837496976,1254.8395926161681,628.0
629,1974494,3141,-0.9999997042172799,-0.0007691328575040607,-3.140823520656457,1256.8389560789306,629.0
630,1977636,3142,-0.9999987589834629,-0.001575446455474739,-3.1400172064825997,1258.8389560789306,630.0
631,1980777,3141,-0.9999999271281449,-0.0003817639384355434,-3.1412108896420845,1260.8383195416932,631.0
632,1983919,3142,-0.9999992942352716,-0.0011880778420649079,-3.140404575468227,1262.8383195416932,632.0
633,1987061,3142,-0.9999980112003451,-0.001994390973272872,-3.1395982612943714,1264.8383195416932,633.0
634,1990202,3141,-0.9999996794324569,-0.0008007090503791914,-3.1407919444538535,1266.8376830044558,634.0
635,1993344,3142,-0.9999987087383188,-0.001607022618101281,-3.139985630279996,1268.8376830044558,635.0
636,1996485,3141,-0.9999999145749613,-0.00041334013854292696,-3.1411793134394803,1270.8370464672184,636.0
637,1999627,3142,-0.9999992562217571,-0.0012196540217832015,-3.140372999265626,1272.8370464672184,637.0
638,2002768,3141,-0.9999999996627493,-2.5971164682413484e-05,-3.141566682425108,1274.8364099299808,638.0
639,2005910,3142,-0.9999996536505776,-0.0008322852424567932,-3.1407603682512493,1276.8364099299808,639.0
640,2009052,3142,-0.9999986574961193,-0.0016385987791244561,-3.139954054077393,1278.8364099299808,640.0
641,2012193,3141,-0.9999999010247212,-0.00044491633823521073,-3.1411477372368792,1280.8357733927435,641.0
642,2015335,3142,-0.9999992172111866,-0.0012512302002854428,-3.140341423063025,1282.8357733927435,642.0
643,2018476,3141,-0.9999999983441503,-5.754736725167481e-05,-3.1415351062225096,1284.835136855506,643.0
644,2021618,3142,-0.999999626871642,-0.0008638614336939317,-3.1407287920486557,1286.835136855506,644.0
645,2024760,3142,-0.9999986052568647,-0.0016701749385052427,-3.139922477874799,1288.835136855506,645.0
646,2027901,3141,-0.9999998864774245,-0.00047649253747874496,-3.1411161610342835,1290.8345003182685,646.0
647,2031043,3142,-0.9999991772035604,-0.0012828063775350855,-3.1403098468604287,1292.8345003182685,647.0
648,2034184,3141,-0.9999999960284947,-8.912356976118283e-05,-3.141503530019914,1294.8338637810311,648.0
649,2037326,3142,-0.9999995990956503,-0.0008954376240735723,-3.140697215846058,1296.8338637810311,649.0
650,2040468,3142,-0.999998552020555,-0.0017017510962251633,-3.1398909016722008,1298.8338637810311,650.0
651,2043609,3141,-0.9999998709330714,-0.0005080687362491763,-3.141084584831686,1300.8332272437938,651.0
652,2046751,3142,-0.9999991361988784,-0.0013143825535094765,-3.1402782706578285,1302.8332272437938,652.0
653,2049892,3141,-0.9999999927157824,-0.00012069977218860004,-3.1414719538173115,1304.8325907065564,653.0
654,2053034,3142,-0.9999995703226023,-0.0009270138135641312,-3.1406656396434567,1306.8325907065564,654.0
655,2056176,3142,-0.99999849778719,-0.001733327252250381,-3.1398593254696,1308.8325907065564,655.0
656,2059317,3141,-0.9999998543916616,-0.0005396449345192277,-3.1410530086290818,1310.8319541693188,656.0
657,2062459,3142,-0.9999990941971407,-0.001345958728177035,-3.1402466944552248,1312.8319541693188,657.0
658,2065600,3141,-0.9999999884060137,-0.00015227597449940866,-3.1414403776147055,1314.8313176320814,658.0
659,2068742,3142,-0.9999995405524985,-0.0009585900021384393,-3.1406340634408476,1316.8313176320814,659.0
660,2071884,3142,-0.9999984425567698,-0.0017649034065552354,-3.139827749266992,1318.8313176320814,660.0
661,2075025,3141,-0.9999998368531958,-0.0005712211322528996,-3.1410214324264762,1320.830681094844,661.0
662,2078167,3142,-0.9999990511983474,-0.001377534901504813,-3.1402151182526192,1322.830681094844,662.0
663,2081308,3141,-0.9999999830991884,-0.00018385217665435166,-3.141408801412103,1324.8300445576067,663.0
664,2084450,3142,-0.9999995097853381,-0.0009901661897471362,-3.140602487238248,1326.8300445576067,664.0
665,2087592,3142,-0.9999983863292948,-0.0017964795590915497,-3.139796173064392,1328.8300445576067,665.0
666,2090733,3141,-0.9999998183176734,-0.0006027973294119793,-3.140989856223875,1330.829408020369,666.0
667,2093875,3142,-0.9999990072024986,-0.0014091110734515168,-3.140183542050021,1332.829408020369,667.0
668,2097016,3141,-0.9999999767953065,-0.00021542837862232754,-3.1413772252095047,1334.8287714831317,668.0
669,2100158,3142,-0.999999478021122,-0.001021742376370215,-3.1405709110356472,1336.8287714831317,669.0
670,2103300,3142,-0.9999983291047649,-0.0018280557098393668,-3.13976459686179,1338.8287714831317,670.0
671,2106441,3141,-0.9999997987850945,-0.0006343735259733836,-3.1409582800212714,1340.8281349458944,671.0
672,2109583,3142,-0.9999989622095938,-0.0014406872440014698,-3.1401519658474144,1342.8281349458944,672.0
673,2112724,3141,-0.9999999694943682,-0.00024700458038116614,-3.1413456490069005,1344.827498408657,673.0
674,2115866,3142,-0.9999994452598496,-0.0010533185619729993,-3.1405393348330475,1346.827498408657,674.0
675,2119008,3142,-0.9999982708831802,-0.0018596318587572637,-3.139733020659195,1348.827498408657,675.0
676,2122149,3141,-0.9999997782554594,-0.0006659497218938321,-3.1409267038186757,1350.8268618714194,676.0
677,2125291,3142,-0.9999989162196339,-0.0014722634131029602,-3.14012038964482,1352.8268618714194,677.0
678,2128432,3141,-0.9999999611963734,-0.0002785807818842963,-3.1413140728043056,1354.826225334182,678.0
679,2131574,3142,-0.9999994115015213,-0.0010848947465254915,-3.140507758630448,1356.826225334182,679.0
680,2134716,3142,-0.9999982116645403,-0.0018912080058296771,-3.139701444456591,1358.826225334182,680.0
681,2137857,3141,-0.9999997567287677,-0.0006975259171575108,-3.1408951276160733,1360.8255887969447,681.0
682,2140999,3142,-0.9999988692326183,-0.001503839580744002,-3.140088813442218,1362.8255887969447,682.0
683,2144140,3141,-0.9999999519013218,-0.0003101569831181808,-3.1412824966017023,1364.8249522597073,683.0
684,2147282,3142,-0.999999376746137,-0.001116470929999346,-3.1404761824278458,1366.8249522597073,684.0
685,2150424,3142,-0.9999981514488457,-0.0019227841510168235,-3.1396698682539874,1368.8249522597073,685.0
686,2153565,3141,-0.99999973420502,-0.0007291021117236465,-3.140863551413472,1370.8243157224697,686.0
687,2156707,3142,-0.9999988212485473,-0.00153541574688277,-3.140057237239619,1372.8243157224697,687.0
688,2159848,3141,-0.9999999416092138,-0.0003417331840361873,-3.1412509203991057,1374.8236791852323,688.0
689,2162990,3142,-0.9999993409936967,-0.001148047112354462,-3.1404446062252487,1376.8236791852323,689.0
690,2166132,3142,-0.9999980902360964,-0.0019543602942798713,-3.1396382920513903,1378.8236791852323,690.0
691,2169273,3141,-0.999999710684216,-0.0007606783055588613,-3.1408319752108755,1380.823042647995,691.0
692,2172415,3142,-0.999998772267421,-0.0015669919114893994,-3.140025661037021,1382.823042647995,692.0
693,2175556,3141,-0.9999999303200492,-0.00037330938461601937,-3.1412193441965064,1384.8224061107576,693.0
694,2178698,3142,-0.9999993042442006,-0.0011796232935668686,-3.14041303002265,1386.8224061107576,694.0
695,2181840,3142,-0.9999980280262926,-0.0019859364355915665,-3.139606715848796,1388.8224061107576,695.0
696,2184981,3141,-0.9999996861663556,-0.0007922544986357848,-3.140800399008279,1390.82176957352,696.0
697,2188123,3142,-0.9999987222892391,-0.0015985680745363134,-3.1399940848344206,1392.82176957352,697.0
698,2191264,3141,-0.9999999180338283,-0.0004048855848272205,-3.1411877679939035,1394.8211330362826,698.0
699,2194406,3142,-0.9999992664976487,-0.0012111994736063733,-3.1403814538200474,1396.8211330362826,699.0
700,2197547,3141,-0.9999999998465842,-1.751661026121703e-05,-3.1415751369795313,1398.8204964990452,700.0
701,2200689,3142,-0.9999996606514386,-0.0008238306909276893,-3.140768822805677,1400.8204964990452,701.0
702,2203831,3142,-0.9999986713140022,-0.00163014423598957,-3.13996250863182,1402.8204964990452,702.0
703,2206972,3141,-0.9999999047505508,-0.0004364617846302235,-3.1411561917913056,1404.8198599618079,703.0
704,2210114,3142,-0.9999992277540406,-0.0012427756524365904,-3.140349877617447,1406.8198599618079,704.0
705,2213255,3141,-0.9999999987949479,-4.9092812842475244e-05,-3.141543560776931,1408.8192234245703,705.0
706,2216397,3142,-0.999999634139466,-0.0008554068823957554,-3.1407372466030776,1410.8192234245703,706.0
707,2219539,3142,-0.9999986193417101,-0.0016617203958129028,-3.1399309324292237,1412.8192234245703,707.0
708,2222680,3141,-0.9999998904702169,-0.0004680379840016798,-3.1411246155887036,1414.818586887333,708.0
709,2225822,3142,-0.9999991880133771,-0.00127435183002619,-3.140318301414848,1416.818586887333,709.0
710,2228963,3141,-0.9999999967462551,-8.06690153742046e-05,-3.1415119845743313,1418.8179503500955,710.0
711,2232105,3142,-0.9999996066304366,-0.0008869830730122686,-3.140705670400477,1420.8179503500955,711.0
712,2235247,3142,-0.9999985663723625,-0.0016932965539873412,-3.13989935622662,1422.8179503500955,712.0
713,2238388,3141,-0.9999998751928263,-0.0004996141828995173,-3.1410930393861087,1424.817313812858,713.0
714,2241530,3142,-0.9999991472756574,-0.0013059280063410074,-3.140286725212253,1426.817313812858,714.0
715,2244671,3141,-0.9999999937005054,-0.00011224521782010457,-3.1414804083717374,1428.8166772756206,715.0
716,2247813,3142,-0.9999995781243514,-0.0009185592627372225,-3.1406740941978835,1430.8166772756206,716.0
717,2250955,3142,-0.99999851240596,-0.0017248727104582987,-3.139867780024031,1432.8166772756206,717.0
718,2254096,3141,-0.9999998589183795,-0.0005311903812967184,-3.141061463183516,1434.8160407383832,718.0
719,2257238,3142,-0.9999991055408824,-0.0013375041813536116,-3.1402551490096586,1436.8160407383832,719.0
720,2260379,3141,-0.9999999896576994,-0.00014382142015646957,-3.141448832169141,1438.8154042011458,720.0
721,2263521,3142,-0.99999954862121,-0.0009501354515527955,-3.1406425179952833,1440.8154042011458,721.0
722,2266663,3142,-0.9999984574425023,-0.0017564488652207504,-3.1398362038214307,1442.8154042011458,722.0
723,2269804,3141,-0.9999998416468762,-0.0005627665791747522,-3.1410298869809132,1444.8147676639082,723.0
724,2272946,3142,-0.9999990628090515,-0.0013690803550392404,-3.140223572807057,1446.8147676639082,724.0
725,2276087,3141,-0.999999984617837,-0.00017539762235245623,-3.1414172559665414,1448.8141311266709,725.0
726,2279229,3142,-0.9999995181210125,-0.000981711639415169,-3.1406109417926893,1450.8141311266709,726.0
727,2282371,3142,-0.9999984014819894,-0.0017880250182264028,-3.1398046276188363,1452.8141311266709,727.0
728,2285512,3141,-0.9999998233783165,-0.0005943427764830382,-3.140998310778319,1454.8134945894335,728.0
729,2288654,3142,-0.9999990190801652,-0.001400656527352335,-3.1401919966044636,1456.8134945894335,729.0
730,2291795,3141,-0.9999999785809177,-0.00020697382437098535,-3.1413856797639443,1458.8128580521961,730.0
731,2294937,3142,-0.9999994866237587,-0.0010132878263075086,-3.1405793655900864,1460.8128580521961,731.0
732,2298079,3142,-0.9999983445244216,-0.0018196011694623817,-3.1397730514162285,1462.8128580521961,732.0
733,2301220,3141,-0.9999998041127004,-0.0006259189732113913,-3.140966734575712,1464.8122215149585,733.0
734,2304362,3142,-0.999998974354223,-0.001432232698283885,-3.1401604204018545,1466.8122215149585,734.0
735,2307503,3141,-0.9999999715469422,-0.0002385500261903162,-3.1413541035613406,1468.8115849777212,735.0
736,2310645,3142,-0.999999454129449,-0.0010448640121889234,-3.140547789387484,1470.8115849777212,736.0
737,2313787,3142,-0.9999982865697992,-0.0018511773188795019,-3.1397414752136252,1472.8115849777212,737.0
738,2316928,3141,-0.9999997838500279,-0.0006574951693137755,-3.140935158373107,1474.8109484404838,738.0
739,2320070,3142,-0.9999989286312254,-0.0014638088677823209,-3.140128844199251,1476.8109484404838,739.0
740,2323211,3141,-0.9999999635159099,-0.0002701262277732966,-3.1413225273587346,1478.8103119032464,740.0
741,2326353,3142,-0.9999994206380832,-0.0010764401970304392,-3.14051621318488,1480.8103119032464,741.0
742,2329495,3142,-0.9999982276181216,-0.001882753466447177,-3.139709899011026,1482.8103119032464,742.0
743,2332636,3141,-0.9999997625902991,-0.0006890713647533678,-3.140903582170509,1484.8096753660088,743.0
744,2335778,3142,-0.9999988819111723,-0.0014953850358167434,-3.140097267996652,1486.8096753660088,744.0
745,2338919,3141,-0.9999999544878211,-0.0003017024290799131,-3.141290951156136,1488.8090388287715,745.0
746,2342061,3142,-0.9999993861496617,-0.0011080163807917784,-3.1404846369822828,1490.8090388287715,746.0
747,2345203,3142,-0.9999981676693892,-0.0019143296121365207,-3.1396783228084275,1492.8090388287715,747.0
748,2348344,3141,-0.9999997403335139,-0.0007206475595076218,-3.1408720059679096,1494.808402291534,748.0
749,2351486,3142,-0.9999988341940637,-0.001526961202356481,-3.140065691794056,1496.808402291534,749.0
750,2354627,3141,-0.9999999444626757,-0.0003332786300836598,-3.1412593749535396,1498.8077657542967,750.0
751,2357769,3142,-0.9999993506641839,-0.0011395925634513785,-3.1404530607796826,1500.8077657542967,751.0
752,2360911,3142,-0.9999981067236023,-0.0019459057559206025,-3.139646746605826,1502.8077657542967,752.0
753,2364052,3141,-0.9999997170796723,-0.0007522237535390909,-3.1408404297653143,1504.8071292170591,753.0
754,2367194,3142,-0.9999987854798996,-0.0015585373673750926,-3.1400341155914595,1506.8071292170591,754.0
755,2370335,3141,-0.999999933440474,-0.00036485483075409145,-3.1412277987509443,1508.8064926798218,755.0
756,2373477,3142,-0.9999993141816502,-0.0011711687449679489,-3.140421484577089,1510.8064926798218,756.0
757,2376619,3142,-0.9999980447807606,-0.0019774818977551113,-3.139615170403234,1512.8064926798218,757.0
758,2379760,3141,-0.9999996928287745,-0.0007837999468219032,-3.1408088535627177,1514.8058561425844,758.0
759,2382902,3142,-0.9999987357686804,-0.0015901135308409831,-3.1400025393888615,1516.8058561425844,759.0
760,2386043,3141,-0.9999999214212156,-0.00039643103106381297,-3.141196222548346,1518.805219605347,760.0
761,2389185,3142,-0.9999992767020607,-0.0012027449253242959,-3.140389908374488,1520.805219605347,761.0
762,2392326,3141,-0.9999999999589396,-9.062055821786503e-06,-3.1415835915339714,1522.8045830681094,762.0
763,2395468,3142,-0.9999996675808205,-0.0008153761393292563,-3.1407772773601152,1524.8045830681094,763.0
764,2398610,3142,-0.9999986850604057,-0.0016216896927262437,-3.1399709631862587,1526.8045830681094,764.0
765,2401751,3141,-0.9999999084049009,-0.00042800723098499523,-3.1411646463457403,1528.803946530872,765.0
766,2404893,3142,-0.9999992382254154,-0.0012343211044850552,-3.1403583321718833,1530.803946530872,766.0
767,2408034,3141,-0.999999999174266,-4.063825841580922e-05,-3.1415520153313663,1532.8033099936347,767.0
768,2411176,3142,-0.9999996413358102,-0.0008469523310255425,-3.1407457011575106,1534.8033099936347,768.0
769,2414318,3142,-0.9999986333550758,-0.001653265852995466,-3.139939386983655,1536.8033099936347,769.0
770,2417459,3141,-0.9999998943915296,-0.00045958343047627134,-3.1411330701431384,1538.802673456397,770.0
771,2420601,3142,-0.9999991987517143,-0.0012658972824121867,-3.140326755969282,1540.802673456397,771.0
772,2423742,3141,-0.9999999973925359,-7.221446096545932e-05,-3.141520439128765,1542.8020369191597,772.0
773,2426884,3142,-0.9999996140937437,-0.0008785285218732964,-3.14071412495491,1544.8020369191597,773.0
774,2430026,3142,-0.9999985806526909,-0.0016848420116139004,-3.1399078107810534,1546.8020369191597,774.0
775,2433167,3141,-0.9999998793811019,-0.0004911596295120658,-3.1411014939405333,1548.8014003819223,775.0
776,2436309,3142,-0.9999991582809572,-0.001297473459078274,-3.140295179766679,1550.8014003819223,776.0
777,2439450,3141,-0.9999999946137491,-0.00010379066344511132,-3.141488862926162,1552.800763844685,777.0
778,2442592,3142,-0.999999585854621,-0.0009101047118507844,-3.140682548752304,1554.800763844685,778.0
779,2445734,3142,-0.9999985269532503,-0.0017164181685557411,-3.1398762345784488,1556.800763844685,779.0
780,2448875,3141,-0.9999998633736177,-0.0005227358280540188,-3.1410699177379326,1558.8001273074474,780.0
781,2452017,3142,-0.9999991168131446,-0.0013290496344489397,-3.140263603564078,1560.8001273074474,781.0
782,2455158,3141,-0.9999999908379057,-0.00013536686581696106,-3.141457286723563,1562.79949077021,782.0
783,2458300,3142,-0.9999995566184422,-0.000941680900912195,-3.1406509725497065,1564.79949077021,783.0
784,2461442,3142,-0.9999984722567551,-0.0017479943237807313,-3.13984465837585,1566.79949077021,784.0
785,2464583,3141,-0.9999998463690771,-0.0005543120260769712,-3.14103834153533,1568.7988542329726,785.0
786,2467725,3142,-0.9999990743482762,-0.0013606258084950308,-3.1402320273614763,1570.7988542329726,786.0
787,2470866,3141,-0.9999999860650058,-0.00016694306805795935,-3.1414257105209598,1572.7982176957353,787.0
788,2474008,3142,-0.9999995263852071,-0.0009732570890400302,-3.1406193963471036,1574.7982176957353,788.0
789,2477150,3142,-0.9999984165632047,-0.0017795704772642109,-3.1398130821732493,1576.7982176957353,789.0
790,2480291,3141,-0.99999982836748,-0.0005858882235413438,-3.1410067653327327,1578.7975811584977,790.0
791,2483433,3142,-0.9999990308863522,-0.0013922019811823357,-3.1402004511588766,1580.7975811584977,791.0
792,2486574,3141,-0.9999999802950496,-0.0001985192701270007,-3.1413941343183622,1582.7969446212603,792.0
793,2489716,3142,-0.999999495154916,-0.0010048332761920708,-3.140587820144506,1584.7969446212603,793.0
794,2492858,3142,-0.9999983598725992,-0.0018111466289701865,-3.139781505970652,1586.7969446212603,794.0
795,2495999,3141,-0.9999998093688265,-0.0006174644204242301,-3.140975189130133,1588.796308084023,795.0
796,2499141,3142,-0.9999989864273727,-0.0014237781524812359,-3.1401688749562777,1590.796308084023,796.0
797,2502282,3141,-0.9999999735280366,-0.00023009547200385902,-3.141362558115759,1592.7956715467856,797.0
798,2505424,3142,-0.9999994629275689,-0.0010364094623482015,-3.140556243941903,1594.7956715467856,798.0
799,2508566,3142,-0.9999983021849389,-0.0018427227788753405,-3.13974992976805,1596.7956715467856,799.0
800,2511707,3141,-0.9999997893731167,-0.0006490406166912027,-3.1409436129275337,1598.795035009548,800.0
801,2514849,3142,-0.9999989409713375,-0.0014553543223594135,-3.1401372987536798,1600.795035009548,801.0
802,2517990,3141,-0.999999965763967,-0.00026167167364101466,-3.141330981913166,1602.7943984723106,802.0
803,2521132,3142,-0.9999994297031658,-0.0010679856474611997,-3.140524667739309,1604.7943984723106,803.0
804,2524274,3142,-0.9999982435002235,-0.001874298926937456,-3.139718353565453,1606.7943984723106,804.0
805,2527415,3141,-0.9999997683803505,-0.00068061681230853,-3.1409120367249366,1608.7937619350732,805.0
806,2530557,3142,-0.9999988945182469,-0.001486930490789256,-3.140105722551079,1610.7937619350732,806.0
807,2533698,3141,-0.999999957002841,-0.0002932478750270378,-3.1412994057105634,1612.7931253978359,807.0
808,2536840,3142,-0.9999993954817066,-0.001099561831513845,-3.140493091536711,1614.7931253978359,808.0
809,2539982,3142,-0.9999981838184536,-0.0019058750731323834,-3.139686777362855,1616.7931253978359,809.0
810,2543123,3141,-0.9999997463905282,-0.0007121930072488083,-3.140880460522338,1618.7924888605983,810.0
811,2546265,3142,-0.9999988470681006,-0.001518506657735784,-3.140074146348479,1620.7924888605983,811.0
812,2549406,3141,-0.9999999472446583,-0.000324824076114459,-3.141267829507967,1622.791852323361,812.0
813,2552548,3142,-0.9999993602631914,-0.0011311380144724107,-3.1404615153341107,1624.791852323361,813.0
814,2555690,3142,-0.9999981231396287,-0.001937451217430879,-3.1396552011602528,1626.791852323361,814.0
815,2558831,3141,-0.9999997234036492,-0.000743769201479623,-3.140848884319739,1628.7912157861235,815.0
816,2561973,3142,-0.9999987986208991,-0.0015500828231640909,-3.140042570145883,1630.7912157861235,816.0
817,2565114,3141,-0.9999999364894194,-0.0003564002768799516,-3.1412362533053684,1632.7905792488862,817.0
818,2568256,3142,-0.9999993240476205,-0.001162714196300149,-3.140429939131513,1634.7905792488862,818.0
819,2571398,3142,-0.9999980614637494,-0.0019690273597885396,-3.13962362495766,1636.7905792488862,819.0
820,2574539,3141,-0.9999996994197141,-0.0007753453949630826,-3.1408173081171458,1638.7899427116486,820.0
821,2577681,3142,-0.9999987491766421,-0.0015816589870449502,-3.140010993943289,1640.7899427116486,821.0
822,2580822,3141,-0.9999999247371238,-0.0003879764772876371,-3.141204677102772,1642.7893061744112,822.0
823,2583964,3142,-0.9999992868349933,-0.0011942903769671849,-3.1403983629289174,1644.7893061744112,823.0
824,2587105,3141,-0.9999999999998155,-6.075013946473292e-07,-3.1415920460883986,1646.7886696371738,824.0
825,2590247,3142,-0.9999996744387226,-0.0008069215876840185,-3.1407857319145416,1648.7886696371738,825.0
826,2593389,3142,-0.9999986987353296,-0.00161323514935489,-3.1399794177406894,1650.7886696371738,826.0
827,2596530,3141,-0.9999999119877715,-0.00041955267730941473,-3.141173100900175,1652.7880330999365,827.0
828,2599672,3142,-0.9999992486253106,-0.0012258665564443575,-3.1403667867263203,1654.7880330999365,828.0
829,2602813,3141,-0.9999999994821046,-3.218370398388526e-05,-3.1415604698858037,1656.7873965626989,829.0
830,2605955,3142,-0.9999996484606751,-0.0008384977795906927,-3.1407541557119476,1658.7873965626989,830.0
831,2609097,3142,-0.9999986472969622,-0.0016448113100515857,-3.139947841538094,1660.7873965626989,831.0
832,2612238,3141,-0.999999898241363,-0.000451128876910689,-3.1411415246975807,1662.7867600254615,832.0
833,2615380,3142,-0.9999992094185721,-0.00125744273469813,-3.1403352105237246,1664.7867600254615,833.0
834,2618521,3141,-0.9999999979673372,-6.375990654302103e-05,-3.141528893683207,1666.7861234882241,834.0
835,2621663,3142,-0.9999996214855712,-0.0008700739706645114,-3.14072257950935,1668.7861234882241,835.0
836,2624805,3142,-0.9999985948615394,-0.0016763874691142267,-3.139916265335493,1670.7861234882241,836.0
837,2627946,3141,-0.9999998834978979,-0.0004827050760709681,-3.141109948494977,1672.7854869509865,837.0
838,2631088,3142,-0.9999991692147776,-0.0012890189117056138,-3.1403036343211217,1674.7854869509865,838.0
839,2634229,3141,-0.9999999954555132,-9.533610904385024e-05,-3.141497317480605,1676.7848504137492,839.0
840,2637371,3142,-0.9999995935134111,-0.0009016501608735655,-3.14069100330675,1678.7848504137492,840.0
841,2640513,3142,-0.9999985414290616,-0.001707963626503676,-3.1398846891328938,1680.7848504137492,841.0
842,2643654,3141,-0.9999998677573765,-0.0005142812747468777,-3.1410783722923763,1682.7842138765118,842.0
843,2646796,3142,-0.9999991280139273,-0.0013205950874198595,-3.1402720581185264,1684.7842138765118,843.0
844,2649937,3141,-0.9999999919466326,-0.00012691231144378666,-3.141465741278009,1686.7835773392744,844.0
845,2653079,3142,-0.9999995645441948,-0.0009332263501828981,-3.1406594271041506,1688.7835773392744,845.0
846,2656221,3142,-0.9999984869995286,-0.001739539782192572,-3.139853112930292,1690.7835773392744,846.0
847,2659362,3141,-0.9999998510197985,-0.0005458574729114673,-3.1410467960897743,1692.7829408020368,847.0
848,2662504,3142,-0.9999990858160215,-0.0013521712618297414,-3.140240481915919,1694.7829408020368,848.0
849,2665645,3141,-0.9999999874406953,-0.00015848851372861502,-3.141434165075401,1696.7823042647994,849.0
850,2668787,3142,-0.9999995345779225,-0.0009648025385676922,-3.1406278509015455,1698.7823042647994,850.0
851,2671929,3142,-0.9999984315729404,-0.0017711159361470706,-3.1398215367276903,1700.7823042647994,851.0
852,2675070,3141,-0.9999998332851642,-0.0005774336705305509,-3.1410152198871737,1702.781667727562,852.0
853,2678212,3142,-0.99999904262106,-0.0013837474348827297,-3.1402089057133202,1704.781667727562,853.0
854,2681353,3141,-0.9999999819377018,-0.0001900647158451791,-3.1414025888728037,1706.7810311903247,854.0
855,2684495,3142,-0.9999995036145941,-0.0009963787259794387,-3.140596274698951,1708.7810311903247,855.0
856,2687637,3142,-0.9999983751492972,-0.001802692088328645,-3.1397899605250954,1710.7810311903247,856.0
857,2690778,3141,-0.9999998145534733,-0.0006090098675692169,-3.140983643684578,1712.7803946530871,857.0
858,2693920,3142,-0.9999989984290428,-0.0014153236065555979,-3.140177329510722,1714.7803946530871,858.0
859,2697061,3141,-0.9999999754376514,-0.00022164091777213298,-3.1413710126702066,1716.7797581158497,859.0
860,2700203,3142,-0.9999994716542095,-0.001027954912402543,-3.1405646984963522,1718.7797581158497,860.0
861,2703345,3142,-0.9999983177285993,-0.001834268238718618,-3.1397583843224948,1720.7797581158497,861.0
862,2706486,3141,-0.9999997948247263,-0.0006405860640049752,-3.1409520674819773,1722.7791215786124,862.0
863,2709628,3142,-0.9999989532399701,-0.001446899776819243,-3.1401457533081216,1724.7791215786124,863.0
864,2712769,3141,-0.9999999679405449,-0.00025321711948170786,-3.1413394364676055,1726.778485041375,864.0
865,2715911,3142,-0.999999438696769,-0.001059531097801048,-3.140533122293753,1728.778485041375,865.0
866,2719053,3142,-0.9999982593108462,-0.001865844387279026,-3.139726808119895,1730.778485041375,866.0
867,2722194,3141,-0.9999997740989227,-0.0006721622597999266,-3.1409204912793793,1732.7778485041374,867.0
868,2725336,3142,-0.9999989070538419,-0.0014784759456376573,-3.1401141771055237,1734.7778485041374,868.0
869,2728477,3141,-0.9999999594463814,-0.00028479332093689835,-3.1413078602650066,1736.7772119669,869.0
870,2731619,3142,-0.9999994047422723,-0.0010911072821442717,-3.1405015460911523,1738.7772119669,870.0
871,2734761,3142,-0.9999981998960386,-0.00189742053397534,-3.139695231917299,1740.7772119669,871.0
872,2737902,3141,-0.999999752376063,-0.000703738454923738,-3.140888915076782,1742.7765754296627,872.0
873,2741044,3142,-0.9999988598706581,-0.0015100521129798872,-3.1400826009029283,1744.7765754296627,873.0
874,2744185,3141,-0.9999999499551615,-0.000316369522104711,-3.141276284062411,1746.7759388924253,874.0
875,2747327,3142,-0.9999993697907198,-0.0011226834653934859,-3.140469969888558,1748.7759388924253,875.0
876,2750469,3142,-0.9999981394841759,-0.0019289966787814862,-3.1396636557147013,1750.7759388924253,876.0
877,2753610,3141,-0.9999997296561467,-0.0007353146493474749,-3.140857338874183,1752.7753023551877,877.0
878,2756752,3142,-0.9999988116904189,-0.0015416282788230538,-3.140051024700326,1754.7753023551877,878.0
879,2759893,3141,-0.999999939466885,-0.0003479457229657876,-3.1412447078598067,1756.7746658179503,879.0
880,2763035,3142,-0.9999993338421111,-0.0011542596475331425,-3.1404383936859537,1758.7746658179503,880.0
881,2766177,3142,-0.9999980780752586,-0.0019605728216719955,-3.1396320795120958,1760.7746658179503,881.0
882,2769318,3141,-0.9999997059391742,-0.0007668908430430866,-3.140825762671579,1762.774029280713,882.0
883,2772460,3142,-0.9999987625131245,-0.001573204443127117,-3.1400194484977257,1764.774029280713,883.0
884,2775601,3141,-0.9999999279815522,-0.00037952192347197523,-3.1412131316572105,1766.7733927434756,884.0
885,2778743,3142,-0.9999992968964466,-0.0011858358285173818,-3.140406817483354,1768.7733927434756,885.0
886,2781885,3142,-0.9999980156692867,-0.0019921489625981236,-3.1396005033095,1770.7733927434756,886.0
887,2785026,3141,-0.9999996812251456,-0.0007984670359637198,-3.1407941864689857,1772.772756206238,887.0
888,2788168,3142,-0.9999987123387746,-0.0016047806058585967,-3.1399878722951295,1774.772756206238,888.0
889,2791309,3141,-0.9999999154991628,-0.00041109812360081897,-3.141181555454613,1776.7721196690006,889.0
890,2794451,3142,-0.9999992589537264,-0.0012174120083171382,-3.1403752412807564,1778.7721196690006,890.0
891,2797592,3141,-0.9999999997184638,-2.3729149549439878e-05,-3.1415689244402416,1780.7714831317633,891.0
892,2800734,3142,-0.9999996555140604,-0.0008300432280925621,-3.140762610266388,1782.7714831317633,892.0
893,2803876,3142,-0.9999986611673692,-0.0016363567669922718,-3.139956296092531,1784.7714831317633,893.0
894,2807017,3141,-0.9999999020197169,-0.0004426743233180865,-3.141149979252017,1786.770846594526,894.0
895,2810159,3142,-0.9999992200139504,-0.0012489881868990341,-3.140343665078163,1788.770846594526,895.0
896,2813300,3141,-0.9999999984706591,-5.530535211860017e-05,-3.1415373482376463,1790.7702100572883,896.0
897,2816442,3142,-0.9999996288059193,-0.0008616194193963116,-3.1407310340637875,1792.7702100572883,897.0
898,2819584,3142,-0.999998608998909,-0.001667932926492356,-3.139924719889935,1794.7702100572883,898.0
899,2822725,3141,-0.9999998875432146,-0.0004742505225982148,-3.1411184030494175,1796.769573520051,899.0
900,2825867,3142,-0.9999991800771184,-0.001280564364241799,-3.140312088875563,1798.769573520051,900.0
901,2829008,3141,-0.9999999962257977,-8.688155464017728e-05,-3.141505772035044,1800.7689369828136,901.0
902,2832150,3142,-0.9999996011007217,-0.0008931956098406595,-3.1406994578611873,1802.7689369828136,902.0
903,2835292,3142,-0.9999985558333935,-0.0016995090843363724,-3.1398931436873316,1804.7689369828136,903.0
904,2838433,3141,-0.9999998720696558,-0.0005058267214075202,-3.1410868268468155,1806.768300445576,904.0
905,2841575,3142,-0.9999991391432308,-0.0013121405403137478,-3.1402805126729576,1808.768300445576,905.0
906,2844716,3141,-0.9999999929838799,-0.00011845775707542411,-3.1414741958324406,1810.7676639083386,906.0
907,2847858,3142,-0.9999995723984682,-0.0009247717993986439,-3.140667881658583,1812.7676639083386,907.0
908,2851000,3142,-0.9999985016708225,-0.0017310852404855315,-3.1398615674847288,1814.7676639083386,908.0
909,2854141,3141,-0.9999998555990405,-0.0005374029197114313,-3.1410552506442144,1816.7670273711012,909.0
910,2857283,3142,-0.9999990972122873,-0.0013437167150702832,-3.140248936470359,1818.7670273711012,910.0
911,2860424,3141,-0.9999999887449055,-0.00015003395938736617,-3.141442619629843,1820.7663908338639,911.0
912,2863566,3142,-0.9999995426991584,-0.0009563479880210009,-3.1406363054559927,1822.7663908338639,912.0
913,2866708,3142,-0.9999984465111967,-0.0017626613948997884,-3.139829991282135,1824.7663908338639,913.0
914,2869849,3141,-0.9999998381313688,-0.0005689791174744303,-3.1410236744416187,1826.7657542966263,914.0
915,2872991,3142,-0.9999990542842883,-0.0013752928884842002,-3.1402173602677634,1828.7657542966263,915.0
916,2876132,3141,-0.9999999835088745,-0.00018161016154728108,-3.1414110434272478,1830.7651177593889,916.0
917,2879274,3142,-0.9999995120027924,-0.0009879241757024264,-3.1406047292533894,1832.7651177593889,917.0
918,2882416,3142,-0.9999983903545161,-0.0017942375475685506,-3.1397984150795284,1834.7651177593889,918.0
919,2885557,3141,-0.9999998196666408,-0.0006005553146804588,-3.1409920982390127,1836.7644812221515,919.0
920,2888699,3142,-0.9999990103592336,-0.0014068690605392095,-3.1401857840651557,1838.7644812221515,920.0
921,2891840,3141,-0.9999999772757869,-0.00021318636353683974,-3.141379467224642,1840.7638446849141,921.0
922,2894982,3142,-0.9999994803093706,-0.0010195003623996604,-3.140573153050785,1842.7638446849141,922.0
923,2898124,3142,-0.9999983332007802,-0.0018258136984408212,-3.13976683887693,1844.7638446849141,923.0
924,2901265,3141,-0.9999998002048563,-0.000632131511278475,-3.1409605220364156,1846.7632081476766,924.0
925,2904407,3142,-0.9999989654371232,-0.0014384452311811955,-3.1401542078625577,1848.7632081476766,925.0
926,2907548,3141,-0.999999970045643,-0.00024476256530719877,-3.141347891022042,1850.7625716104392,926.0
927,2910690,3142,-0.9999994476188926,-0.001051076548076627,-3.140541576848185,1852.7625716104392,927.0
928,2913832,3142,-0.9999982750499894,-0.001857389847497147,-3.139735262674327,1854.7625716104392,928.0
929,2916973,3141,-0.9999997797460154,-0.0006637077072541541,-3.140928945833811,1856.7619350732018,929.0
930,2920115,3142,-0.9999989195179575,-0.00147002140039355,-3.1401226316599558,1858.7619350732018,930.0
931,2923256,3141,-0.9999999618184423,-0.00027633876683873633,-3.1413163148194374,1860.7612985359644,931.0
932,2926398,3142,-0.9999994139313584,-0.0010826527327087922,-3.1405100006455813,1862.7612985359644,932.0
933,2929540,3142,-0.999998215902144,-0.0018889659946985415,-3.1397036864717274,1864.7612985359644,933.0
934,2932681,3141,-0.9999997582901181,-0.0006952839025615453,-3.1408973696312126,1866.7606619987268,934.0
935,2935823,3142,-0.9999988726017363,-0.0015015975681377403,-3.1400910554573556,1868.7606619987268,935.0
936,2938964,3141,-0.9999999525941852,-0.00030791496808672993,-3.1412847386168408,1870.7600254614895,936.0
937,2942106,3142,-0.9999993792467685,-0.0011142289162544856,-3.140478424442985,1872.7600254614895,937.0
938,2945248,3142,-0.9999981557572436,-0.0019205421400172095,-3.1396721102691263,1874.7600254614895,938.0
939,2948389,3141,-0.9999997358371647,-0.0007268600971796492,-3.1408657934286106,1876.759388924252,939.0
940,2951531,3142,-0.9999988246884596,-0.0015331737343867002,-3.140059479254754,1878.759388924252,940.0
941,2954672,3141,-0.9999999423728714,-0.00033949116903637255,-3.1412531624142357,1880.7587523870147,941.0
942,2957814,3142,-0.9999993435651223,-0.0011458050986981314,-3.1404468482403796,1882.7587523870147,942.0
943,2960956,3142,-0.9999980946152884,-0.001952118283422285,-3.1396405340665248,1884.7587523870147,943.0
944,2964097,3141,-0.9999997123871548,-0.0007584362910721455,-3.140834217226009,1886.7581158497771,944.0
945,2967239,3142,-0.9999987757781275,-0.0015647498991064055,-3.140027903052153,1888.7581158497771,945.0
946,2970380,3141,-0.9999999311545014,-0.0003710673696423244,-3.1412215862116355,1890.7574793125398,946.0
947,2973522,3142,-0.9999993068864206,-0.001177381279992581,-3.140415272037781,1892.7574793125398,947.0
948,2976664,3142,-0.9999980324762787,-0.0019836944248784235,-3.139608957863925,1894.7574793125398,948.0
949,2979805,3141,-0.9999996879400888,-0.0007900124842033523,-3.140802641023413,1896.7568427753024,949.0
950,2982947,3142,-0.9999987258707398,-0.0015963260622633992,-3.139996326849554,1898.7568427753024,950.0
951,2986088,3141,-0.9999999189390745,-0.00040264356987365673,-3.14119001000904,1900.756206238065,951.0
952,2989230,3142,-0.9999992692106628,-0.0012089574601128555,-3.1403836958351827,1902.756206238065,952.0
953,2992371,3141,-0.9999999998833433,-1.5274595122860588e-05,-3.1415773789946697,1904.7555697008274,953.0
954,2995513,3142,-0.9999996624959664,-0.0008215886765489972,-3.1407710648208145,1906.7555697008274,954.0
955,2998655,3142,-0.999998674966297,-0.0016279022238229741,-3.1399647506469615,1908.7555697008274,955.0
956,3001796,3141,-0.9999999057265914,-0.00043421976970249793,-3.1411584338064458,1910.75493316359,956.0
957,3004938,3142,-0.9999992305378492,-0.0012405336390207003,-3.1403521196325914,1912.75493316359,957.0
958,3008079,3141,-0.9999999989025015,-4.685079770295395e-05,-3.141545802792073,1914.7542966263527,958.0
959,3011221,3142,-0.9999996360547876,-0.0008531648680738607,-3.1407394886182174,1916.7542966263527,959.0
960,3014363,3142,-0.9999986230647989,-0.001659478383765992,-3.139933174444362,1918.7542966263527,960.0
961,3017504,3141,-0.9999998915170516,-0.0004657959691003123,-3.141126857603849,1920.753660089115,961.0
962,3020646,3142,-0.9999991908679797,-0.0012721098167000173,-3.1403205434299917,1922.753660089115,962.0
963,3023787,3141,-0.9999999969246028,-7.842700023778565e-05,-3.141514226589475,1924.7530235518777,963.0
964,3026929,3142,-0.9999996086165529,-0.0008847410587497731,-3.140707912415619,1926.7530235518777,964.0
965,3030071,3142,-0.9999985701662457,-0.0016910545420560988,-3.139901598241761,1928.7530235518777,965.0
966,3033212,3141,-0.9999998763104556,-0.0004973721680424104,-3.141095281401244,1930.7523870146404,966.0
967,3036354,3142,-0.9999991502010547,-0.001303685993114999,-3.140288967227388,1932.7523870146404,967.0
968,3039495,3141,-0.9999999939496477,-0.00011000320269863779,-3.1414826503868727,1934.751750477403,968.0
969,3042637,3142,-0.9999995801812619,-0.0009163172485465707,-3.1406763362130174,1936.751750477403,969.0
970,3045779,3142,-0.9999985162706373,-0.0017226306986578182,-3.139870022039162,1938.751750477403,970.0
971,3048920,3141,-0.999999860106803,-0.0005289483664793868,-3.1410637051986483,1940.7511139401654,971.0
972,3052062,3142,-0.9999991085370737,-0.0013352621682201703,-3.140257391024794,1942.7511139401654,972.0
973,3055203,3141,-0.9999999899776361,-0.00014157940503918217,-3.141451074184281,1944.750477402928,973.0
974,3058345,3142,-0.9999995507489149,-0.0009478934374191821,-3.1406447600104266,1946.750477402928,974.0
975,3061487,3142,-0.9999984613779737,-0.001754206853538395,-3.1398384458365673,1948.750477402928,975.0
976,3064628,3141,-0.9999998429060939,-0.0005605245643899779,-3.1410321289960517,1950.7498408656907,976.0
977,3067770,3142,-0.9999990658760372,-0.0013668383419979308,-3.1402258148221964,1952.7498408656907,977.0
978,3070911,3141,-0.9999999850085677,-0.00017315560724739514,-3.1414194979816807,1954.7492043284533,978.0
979,3074053,3142,-0.9999995203195114,-0.0009794696253582929,-3.140613183807824,1956.7492043284533,979.0
980,3077195,3142,-0.9999984054882554,-0.001785783006673968,-3.139806869633968,1958.7492043284533,980.0
981,3080336,3141,-0.9999998247083286,-0.0005921007617448308,-3.1410005527934515,1960.7485677912157,981.0
982,3083478,3142,-0.9999990222179449,-0.0013984145144165007,-3.140194238619595,1962.7485677912157,982.0
983,3086619,3141,-0.999999979042443,-0.00020473180928328753,-3.1413879217790797,1964.7479312539783,983.0
984,3089761,3142,-0.999999488893052,-0.001011045812320597,-3.1405816076052218,1966.7479312539783,984.0
985,3092903,3142,-0.999998348601482,-0.0018173591580323114,-3.1397752934313656,1968.7479312539783,985.0
986,3096044,3141,-0.9999998055135069,-0.000623676958513622,-3.1409689765908473,1970.747294716741,986.0
987,3099186,3142,-0.9999989775627972,-0.0014299906854424824,-3.140162662416992,1972.747294716741,987.0
988,3102327,3141,-0.9999999720792615,-0.00023630801111887588,-3.141356345576475,1974.7466581795036,988.0
989,3105469,3142,-0.9999994564695366,-0.0010426219982723672,-3.140550031402622,1976.7466581795036,989.0
990,3108611,3142,-0.9999982907176534,-0.001848935307579208,-3.1397437172287623,1978.7466581795036,990.0
991,3111752,3141,-0.9999997853216286,-0.0006552531546574575,-3.140937400388246,1980.746021642266,991.0
992,3114894,3142,-0.9999989319105939,-0.0014615668550412334,-3.1401310862143905,1982.746021642266,992.0
993,3118035,3141,-0.9999999641190236,-0.0002678842127134366,-3.1413247693738757,1984.7453851050286,993.0
994,3121177,3142,-0.9999994230489652,-0.0010741981831863653,-3.14051845520002,1986.7453851050286,994.0
995,3124319,3142,-0.9999982318367702,-0.0018805114552785625,-3.1397121410261635,1988.7453851050286,995.0
996,3127460,3141,-0.999999764132694,-0.0006868293501464292,-3.1409058241856465,1990.7447485677912,996.0
997,3130602,3142,-0.999998885261335,-0.0014931430231832704,-3.140099510011788,1992.7447485677912,997.0
998,3133743,3141,-0.9999999551617291,-0.00029946041404695106,-3.1412931931712706,1994.7441120305539,998.0
999,3136885,3142,-0.9999993886313377,-0.0011057743670315982,-3.1404868789974163,1996.7441120305539,999.0
1000,3140027,3142,-0.9999981719588321,-0.0019120876011080332,-3.1396805648235593,1998.7441120305539,1000.0
1001,3143168,3141,-0.9999997419467032,-0.0007184055449544596,-3.140874247983043,2000.7434754933163,1001.0
1002,3146310,3142,-0.9999988376150206,-0.0015247191898348962,-3.140067933809188,2002.7434754933163,1002.0
1003,3149451,3141,-0.9999999452073783,-0.00033103661507829666,-3.1412616169686687,2004.742838956079,1003.0
1004,3152593,3142,-0.9999993532166543,-0.0011373505497737375,-3.140455302794813,2006.742838956079,1004.0
1005,3155735,3142,-0.9999981110838392,-0.0019436637450279662,-3.139648988620958,2008.742838956079,1005.0
1006,3158876,3141,-0.999999718763656,-0.0007499817390456682,-3.1408426717804403,2010.7422024188415,1006.0
1007,3162018,3142,-0.9999987889716508,-0.0015562953549683048,-3.1400363576065855,2012.7422024188415,1007.0
1008,3165159,3141,-0.9999999342559709,-0.0003626128157778844,-3.141230040766069,2014.7415658816042,1008.0
1009,3168301,3142,-0.9999993168049149,-0.0011689267313794438,-3.140423726592212,2016.7415658816042,1009.0
1010,3171443,3142,-0.9999980492117915,-0.0019752398870097787,-3.1396174124183576,2018.7415658816042,1010.0
1011,3174584,3141,-0.9999996945835525,-0.0007815579323833646,-3.1408110955778428,2020.7409293443666,1011.0
1012,3177726,3142,-0.9999987393312255,-0.0015878715185438663,-3.140004781403989,2022.7409293443666,1012.0
1013,3180867,3141,-0.9999999223075069,-0.000394189016113015,-3.141198464563472,2024.7402928071292,1013.0
1014,3184009,3142,-0.9999992793961198,-0.0012005029118118422,-3.140392150389619,2026.7402928071292,1014.0
1015,3187150,3141,-0.9999999999767435,-6.820040690283506e-06,-3.1415858335491027,2028.7396562698918,1015.0
1016,3190292,3142,-0.9999996694063927,-0.0008131341249394371,-3.1407795193752484,2030.7396562698918,1016.0
1017,3193434,3142,-0.9999986886937453,-0.001619447680534353,-3.1399732052013944,2032.7396562698918,1017.0
1018,3196575,3141,-0.9999999093619863,-0.000425765216050727,-3.141166888360879,2034.7390197326545,1018.0
1019,3199717,3142,-0.9999992409902686,-0.0012320790910522422,-3.140360574187021,2036.7390197326545,1019.0
1020,3202858,3141,-0.9999999992628642,-3.839624327936617e-05,-3.1415542573465043,2038.7383831954169,1020.0
1021,3206000,3142,-0.9999996432321768,-0.0008447103166852008,-3.140747943172653,2040.7383831954169,1021.0
1022,3209142,3142,-0.9999986370592097,-0.0016510238409137485,-3.1399416289987965,2042.7383831954169,1022.0
1023,3212283,3141,-0.9999998954194094,-0.0004573414155711561,-3.141135312158279,2044.7377466581795,1023.0
1024,3215425,3142,-0.9999992015873619,-0.001263655269062041,-3.140328997984425,2046.7377466581795,1024.0
1025,3218566,3141,-0.9999999975519285,-6.99724458248972e-05,-3.141522681143911,2048.737110120942,1025.0
1026,3221708,3142,-0.9999996160609046,-0.0008762865075918684,-3.1407163669700546,2050.737110120942,1026.0
1027,3224850,3142,-0.9999985844276188,-0.001682599999642841,-3.1399100527962025,2052.737110120942,1027.0
1028,3227991,3141,-0.999999880479776,-0.0004889176146293929,-3.1411037359556855,2054.7364735837045,1028.0
1029,3231133,3142,-0.9999991611873992,-0.0012952314458121571,-3.140297421781829,2056.7364735837045,1029.0
1030,3234274,3141,-0.9999999948439361,-0.00010154864830492691,-3.1414911049413137,2058.735837046467,1030.0
1031,3237416,3142,-0.9999995878925763,-0.0009078626976209303,-3.1406847907674598,2060.735837046467,1031.0
1032,3240558,3142,-0.9999985307989726,-0.0017141761567021389,-3.139878476593601,2062.735837046467,1032.0
1033,3243699,3141,-0.9999998645430861,-0.0005204938132061262,-3.1410721597530857,2064.73520050923,1033.0
1034,3246841,3142,-0.9999991197903806,-0.0013268076212716896,-3.140265845579232,2066.73520050923,1034.0
1035,3249982,3141,-0.999999991138887,-0.00013312485068133552,-3.141459528738719,2068.7345639719924,1035.0
1036,3253124,3142,-0.9999995587271916,-0.000939438886750292,-3.14065321456486,2070.7345639719924,1036.0
1037,3256266,3142,-0.9999984761732715,-0.001745752312051822,-3.1398469003909995,2072.7345639719924,1037.0
1038,3259407,3141,-0.9999998476093396,-0.000552070011269265,-3.1410405835504807,2074.733927434755,1038.0
1039,3262549,3142,-0.9999990773963066,-0.0013583837954199243,-3.140234269376623,2076.733927434755,1039.0
1040,3265690,3141,-0.9999999864367815,-0.0001647010529419923,-3.1414279525361066,2078.7332908975177,1040.0
1041,3268832,3142,-0.999999528564751,-0.0009710150749511683,-3.140621638362252,2080.7332908975177,1041.0
1042,3271974,3142,-0.9999984205505154,-0.001777328465664823,-3.1398153241883944,2082.7332908975177,1042.0
1043,3275115,3141,-0.9999998296785368,-0.0005836462087779646,-3.1410090073478796,2084.73265436028,1043.0
1044,3278257,3142,-0.9999990340051768,-0.001389959968203788,-3.140202693174025,2086.73265436028,1044.0
1045,3281398,3141,-0.9999999807376193,-0.00019627725502423428,-3.1413963763335087,2088.7320178230425,1045.0
1046,3284540,3142,-0.9999994974052542,-0.001002591262175668,-3.1405900621596516,2090.7320178230425,1046.0
1047,3287682,3142,-0.9999983639307041,-0.0018089046174986276,-3.1397837479857964,2092.7320178230425,1047.0
1048,3290823,3141,-0.9999998107506779,-0.0006152224057038963,-3.1409774311452794,2094.731381285805,1048.0
1049,3293965,3142,-0.9999989896169913,-0.0014215361396019367,-3.140171116971426,2096.731381285805,1049.0
1050,3297106,3141,-0.9999999740414007,-0.0002278534569118525,-3.14136480013091,2098.7307447485678,1050.0
1051,3300248,3142,-0.9999994652487013,-0.0010341674484009157,-3.1405584859570514,2100.7307447485678,1051.0
1052,3303390,3142,-0.9999983063138379,-0.0018404807675304227,-3.1397521717831967,2102.7307447485678,1052.0
1053,3306531,3141,-0.9999997908257623,-0.0006467986020120163,-3.140945854942683,2104.7301082113304,1053.0
1054,3309673,3142,-0.9999989442317506,-0.0014531123095793698,-3.14013954076883,2106.7301082113304,1054.0
1055,3312814,3141,-0.9999999663481256,-0.00025942965856939334,-3.1413332239283136,2108.729471674093,1055.0
1056,3315956,3142,-0.9999994320950925,-0.0010657436335858343,-3.14052690975446,2110.729471674093,1056.0
1057,3319098,3142,-0.9999982476999171,-0.0018720569157184203,-3.1397205955806053,2112.729471674093,1057.0
1058,3322239,3141,-0.9999997699037905,-0.000678374797672957,-3.1409142787400897,2114.7288351368557,1058.0
1059,3325381,3142,-0.9999988978494542,-0.001484688478107604,-3.1401079645662353,2116.7288351368557,1059.0
1060,3328522,3141,-0.9999999576577939,-0.0002910058599681164,-3.141301647725718,2118.7281985996183,1060.0
1061,3331664,3142,-0.9999993979444277,-0.00109731981771348,-3.140495333551864,2120.7281985996183,1061.0
1062,3334806,3142,-0.999998188088941,-0.0019036330620453696,-3.139689019378009,2122.7281985996183,1062.0
1063,3337947,3141,-0.9999997479847624,-0.0007099509926620659,-3.1408827025374917,2124.7275620623805,1063.0
1064,3341089,3142,-0.9999988504701023,-0.0015162646451602913,-3.1400763883636356,2126.7275620623805,1064.0
1065,3344230,3141,-0.9999999479704057,-0.00032258206108009955,-3.1412700715231185,2128.726925525143,1065.0
1066,3347372,3142,-0.9999993627967069,-0.0011288960007526697,-3.140463757349262,2130.726925525143,1066.0
1067,3350514,3142,-0.9999981274809104,-0.0019352092064810471,-3.139657443175406,2132.726925525143,1067.0
1068,3353655,3141,-0.9999997250686777,-0.0007415271869439234,-3.140851126334893,2134.7262889879057,1068.0
1069,3356797,3142,-0.999998802093695,-0.0015478408107000268,-3.1400448121610367,2136.7262889879057,1069.0
1070,3359938,3141,-0.9999999372859609,-0.000354158261867121,-3.1412384953205224,2138.7256524506683,1070.0
1071,3363080,3142,-0.99999932665193,-0.0011604721826595236,-3.1404321811466662,2140.7256524506683,1071.0
1072,3366222,3142,-0.999998065875825,-0.00196678534897804,-3.139625866972812,2142.7256524506683,1072.0
1073,3369363,3141,-0.9999997011555369,-0.0007731033804851692,-3.1408195501322953,2144.725015913431,1073.0
1074,3372505,3142,-0.9999987527202322,-0.0015794169746991909,-3.1400132359584356,2146.725015913431,1074.0
1075,3375646,3141,-0.9999999256044596,-0.0003857344623073102,-3.1412069191179204,2148.7243793761936,1075.0
1076,3378788,3142,-0.9999992895100972,-0.0011920483634160228,-3.1404006049440643,2150.7243793761936,1076.0
1077,3381930,3142,-0.9999980032736853,-0.0019983614895255587,-3.1395942907702064,2152.7243793761936,1077.0
1078,3385071,3141,-0.9999996762453398,-0.0008046795732614408,-3.140787973929692,2154.7237428389562,1078.0
1079,3388213,3142,-0.9999987023497141,-0.0016109931371217595,-3.139981659755836,2156.7237428389562,1079.0
1080,3391354,3141,-0.9999999129259017,-0.0004173106623584703,-3.1411753429153224,2158.723106301719,1080.0
1081,3394496,3142,-0.9999992513712088,-0.001223624542977086,-3.1403690287414694,2160.723106301719,1081.0
1082,3397637,3141,-0.9999999995517477,-2.994168883146197e-05,-3.1415627119009573,2162.722469764481,1082.0
1083,3400779,3142,-0.9999996503380865,-0.0008362557652245588,-3.1407563977271,2164.722469764481,1083.0
1084,3403921,3142,-0.999998650982141,-0.001642569297927901,-3.1399500835532463,2166.722469764481,1084.0
1085,3407062,3141,-0.9999998992502875,-0.00044888686198915953,-3.141143766712729,2168.7218332272437,1085.0
1086,3410204,3142,-0.9999992122352642,-0.0012552007213174246,-3.140337452538875,2170.7218332272437,1086.0
1087,3413345,3141,-0.9999999981077745,-6.151789139679916e-05,-3.1415311356983575,2172.7211966900063,1087.0
1088,3416487,3142,-0.9999996234337769,-0.0008678319563606178,-3.1407248215245005,2174.7211966900063,1088.0
1089,3419629,3142,-0.9999985986175123,-0.0016741454571048311,-3.139918507350649,2176.7211966900063,1089.0
1090,3422770,3141,-0.9999998845776167,-0.00048046306117176664,-3.1411121905101362,2178.720560152769,1090.0
1091,3425912,3142,-0.9999991721022641,-0.001286776898408448,-3.1403058763362783,2180.720560152769,1091.0
1092,3429053,3141,-0.9999999956667449,-9.309409389577288e-05,-3.141499559495763,2182.7199236155316,1092.0
1093,3432195,3142,-0.999999595532411,-0.0008994081466238122,-3.1406932453219087,2184.7199236155316,1093.0
1094,3435337,3142,-0.9999985452558287,-0.0017057216146088815,-3.1398869311480544,2186.7199236155316,1094.0
1095,3438478,3141,-0.9999998689078897,-0.0005120392598780603,-3.1410806143075405,2188.719287078294,1095.0
1096,3441620,3142,-0.9999991309722082,-0.001318353074214392,-3.1402743001336835,2190.719287078294,1096.0
1097,3444761,3141,-0.9999999922286587,-0.00012467029630602804,-3.1414679832931642,2192.718650541057,1097.0
1098,3447903,3142,-0.9999995666339893,-0.0009309843359975607,-3.14066166911931,2194.718650541057,1098.0
1099,3451045,3142,-0.9999984908970898,-0.0017372977704154973,-3.139855354945457,2196.718650541057,1099.0
1100,3454186,3141,-0.999999852241106,-0.0005436154580754475,-3.141049038104943,2198.718014003819,1100.0
1101,3457328,3142,-0.9999990888450967,-0.0013499292487099128,-3.140242723931085,2200.718014003819,1101.0
1102,3460469,3141,-0.9999999877935157,-0.00015624649858661483,-3.1414364070905707,2202.7173774665816,1102.0
1103,3463611,3142,-0.9999995367385109,-0.0009625605244399509,-3.140630092916714,2204.7173774665816,1103.0
1104,3466753,3142,-0.999998435541296,-0.0017688739244880723,-3.139823778742861,2206.7173774665816,1104.0
1105,3469894,3141,-0.9999998345772658,-0.0005751916557306668,-3.141017461902346,2208.7167409293443,1105.0
1106,3473036,3142,-0.9999990457209295,-0.0013815054218545809,-3.140211147728491,2210.7167409293443,1106.0
1107,3476177,3141,-0.9999999823613164,-0.000187822700712254,-3.1414048308879767,2212.716104392107,1107.0
1108,3479319,3142,-0.999999505845977,-0.0009941367119176792,-3.1405985167141233,2214.716104392107,1108.0
1109,3482461,3142,-0.999998379188447,-0.0018004500767945574,-3.139792202540268,2216.716104392107,1109.0
1110,3485602,3141,-0.9999998159163694,-0.0006067678528088569,-3.1409858856997523,2218.7154678548695,1110.0
1111,3488744,3142,-0.9999990015997064,-0.0014130815936230139,-3.140179571525896,2220.7154678548695,1111.0
1112,3491885,3141,-0.9999999759320606,-0.00021939890265434384,-3.1413732546853788,2222.714831317632,1112.0
1113,3495027,3142,-0.9999994739563867,-0.0010257128984137184,-3.140566940511523,2224.714831317632,1113.0
1114,3498169,3142,-0.9999983218385432,-0.0018320262273105261,-3.13976062633767,2226.714831317632,1114.0
1115,3501310,3141,-0.9999997962584166,-0.0006383440492847439,-3.140954309497156,2228.714194780395,1115.0
1116,3504452,3142,-0.999998956481428,-0.0014446577639845967,-3.1401479953232996,2230.714194780395,1116.0
1117,3507593,3141,-0.999999968505748,-0.0002509751043754194,-3.141341678482783,2232.7135582431574,1117.0
1118,3510735,3142,-0.9999994410697403,-0.001057289083880395,-3.140535364308929,2234.7135582431574,1118.0
1119,3513877,3142,-0.9999982634915843,-0.0018636023759972733,-3.1397290501350748,2236.7135582431574,1119.0
1120,3517018,3141,-0.9999997756034074,-0.0006699202451222555,-3.1409227332945617,2238.7129217059196,1120.0
1121,3520160,3142,-0.9999989103660941,-0.0014762339328999357,-3.1401164191207083,2240.7129217059196,1121.0
1122,3523301,3141,-0.9999999600823791,-0.0002825513058419371,-3.1413101022801917,2242.7122851686822,1122.0
1123,3526443,3142,-0.999999407186038,-0.0010888652682893335,-3.140503788106339,2244.7122851686822,1123.0
1124,3529585,3142,-0.9999982041475707,-0.0018951785228232502,-3.139697473932482,2246.7122851686822,1124.0
1125,3532726,3141,-0.9999997539513419,-0.0007014964402953411,-3.1408911570919638,2248.711648631445,1125.0
1126,3535868,3142,-0.9999988632537047,-0.0015078101003542684,-3.1400848429181063,2250.711648631445,1126.0
1127,3539009,3141,-0.9999999506619534,-0.00031412750703534913,-3.141278526077592,2252.7110120942075,1127.0
1128,3542151,3142,-0.9999993723052798,-0.0011204414516213202,-3.1404722119037403,2254.7110120942075,1128.0
1129,3545293,3142,-0.9999981438065024,-0.001926754667765119,-3.139665897729884,2256.7110120942075,1129.0
1130,3548434,3141,-0.99999973130222,-0.0007330726347674292,-3.1408595808893676,2258.71037555697,1130.0
1131,3551576,3142,-0.9999988151442596,-0.001539386266295908,-3.1400532667155137,2260.71037555697,1131.0
1132,3554717,3141,-0.9999999402444713,-0.0003457037079107889,-3.1412469498749966,2262.7097390197328,1132.0
1133,3557859,3142,-0.9999993364274655,-0.001152017633833869,-3.1404406357011436,2264.7097390197328,1133.0
1134,3561001,3142,-0.9999980824683793,-0.001958330810785143,-3.1396343215272866,2266.7097390197328,1134.0
1135,3564142,3141,-0.9999997076560418,-0.0007646488285119931,-3.140828004686768,2268.7091024824954,1135.0
1136,3567284,3142,-0.9999987660377593,-0.001570962430710583,-3.140021690512913,2270.7091024824954,1136.0
1137,3570425,3141,-0.9999999288299328,-0.0003772799084439133,-3.141215373672399,2272.708465945258,1137.0
1138,3573567,3142,-0.9999992995525953,-0.001183593814899782,-3.1404090594985448,2274.708465945258,1138.0
1139,3576709,3142,-0.9999980201332015,-0.0019899069518528704,-3.139602745324689,2276.708465945258,1139.0
1140,3579850,3141,-0.9999996830128073,-0.0007962250214898044,-3.1407964284841725,2278.70782940802,1140.0
1141,3582992,3142,-0.9999987159342039,-0.0016025385935559172,-3.1399901143103155,2280.70782940802,1141.0
1142,3586133,3141,-0.9999999164183377,-0.00040885610860016264,-3.141183797469802,2282.707192870783,1142.0
1143,3589275,3142,-0.9999992616806692,-0.0012151699947811046,-3.140377483295951,2284.707192870783,1143.0
1144,3592416,3141,-0.9999999997691515,-2.148713435706209e-05,-3.1415711664554347,2286.7065563335454,1144.0
1145,3595558,3142,-0.9999996573725165,-0.0008278012136729672,-3.1407648522815776,2288.7065563335454,1145.0
1146,3598700,3142,-0.9999986648335928,-0.0016341147547966294,-3.1399585381077246,2290.7065563335454,1146.0
1147,3601841,3141,-0.9999999030096861,-0.0004404323083479749,-3.141152221267206,2292.705919796308,1147.0
1148,3604983,3142,-0.9999992228116875,-0.001246746173461027,-3.1403459070933466,2294.705919796308,1148.0
1149,3608124,3141,-0.9999999985921412,-5.3063336937549886e-05,-3.141539590252831,2296.7052832590707,1149.0
1150,3611266,3142,-0.9999996307351697,-0.0008593774050395895,-3.1407332760789743,2298.7052832590707,1150.0
1151,3614408,3142,-0.9999986127359265,-0.0016656909144228827,-3.1399269619051187,2300.7052832590707,1151.0
1152,3617549,3141,-0.9999998886039781,-0.0004720085076649837,-3.1411206450646016,2302.7046467218333,1152.0
1153,3620691,3142,-0.9999991829456499,-0.0012783223508927833,-3.1403143308907473,2304.7046467218333,1153.0
1154,3623832,3141,-0.9999999964180742,-8.463953946111826e-05,-3.141508014050231,2306.704010184596,1154.0
1155,3626974,3142,-0.9999996031007665,-0.000890953595544231,-3.140701699876376,2308.704010184596,1155.0
1156,3630116,3142,-0.9999985596412052,-0.0016972670723778233,-3.139895385702524,2310.704010184596,1156.0
1157,3633257,3141,-0.9999998732012136,-0.0005035847064994974,-3.141089068862009,2312.703373647358,1157.0
1158,3636399,3142,-0.9999991420825564,-0.0013098985270465168,-3.1402827546881515,2314.703373647358,1158.0
1159,3639540,3141,-0.9999999932469508,-0.00011621574189719365,-3.1414764378476345,2316.702737110121,1159.0
1160,3642682,3142,-0.9999995744693073,-0.0009225297851593743,-3.140670123673779,2318.702737110121,1160.0
1161,3645824,3142,-0.9999985055494287,-0.0017288432286433485,-3.139863809499926,2320.702737110121,1161.0
1162,3648965,3141,-0.9999998568013928,-0.0005351609048357555,-3.141057492659413,2322.7021005728834,1162.0
1163,3652107,3142,-0.9999991002224072,-0.0013414747018915371,-3.1402511784855585,2324.7021005728834,1163.0
1164,3655248,3141,-0.9999999890787706,-0.00014779194421214828,-3.141444861645043,2326.701464035646,1164.0
1165,3658390,3142,-0.9999995448407918,-0.000954105973848509,-3.140638547471188,2328.701464035646,1165.0
1166,3661532,3142,-0.9999984504605972,-0.0017604193831817945,-3.139832233297331,2330.701464035646,1166.0
1167,3664673,3141,-0.9999998394045154,-0.0005667371026398084,-3.141025916456815,2332.7008274984087,1167.0
1168,3667815,3142,-0.9999990573652026,-0.001373050875407623,-3.140219602282957,2334.7008274984087,1168.0
1169,3670956,3141,-0.9999999839135338,-0.0001793681463912576,-3.1414132854424404,2336.7001909611713,1169.0
1170,3674098,3142,-0.9999995142152202,-0.0009856821615995988,-3.140606971268584,2338.7001909611713,1170.0
1171,3677240,3142,-0.9999983943747106,-0.00179199553597271,-3.139800657094729,2340.7001909611713,1171.0
1172,3680381,3141,-0.9999998210105816,-0.0005983132998844267,-3.1409943402542115,2342.699554423934,1172.0
1173,3683523,3142,-0.9999990135109421,-0.001404627047554687,-3.1401880260803554,2344.699554423934,1173.0
1174,3686664,3141,-0.9999999777512406,-0.00021094434838873352,-3.14138170923984,2346.6989178866966,1174.0
1175,3689806,3142,-0.9999994825925925,-0.0010172583483590747,-3.1405753950659885,2348.6989178866966,1175.0
1176,3692948,3142,-0.999998337291769,-0.001823571686970581,-3.139769080892133,2350.6989178866966,1176.0
1177,3696089,3141,-0.9999998016195915,-0.000629889496524183,-3.1409627640516167,2352.6982813494587,1177.0
1178,3699231,3142,-0.9999989686596261,-0.00143620321829297,-3.140156449877762,2354.6982813494587,1178.0
1179,3702372,3141,-0.9999999705918909,-0.000242520550168766,-3.141350133037247,2356.6976448122214,1179.0
1180,3705514,3142,-0.9999994499729088,-0.0010488345341042261,-3.140543818863393,2358.6976448122214,1180.0
1181,3708656,3142,-0.9999982792117724,-0.001855147836149999,-3.139737504689537,2360.6976448122214,1181.0
1182,3711797,3141,-0.999999781231545,-0.000661465692534841,-3.1409311878490223,2362.697008274984,1182.0
1183,3714939,3142,-0.9999989228112546,-0.001467779387601621,-3.140124873675166,2364.697008274984,1183.0
1184,3718080,3141,-0.9999999624354846,-0.0002740967517082309,-3.141318556834653,2366.6963717377466,1184.0
1185,3721222,3142,-0.9999994163561692,-0.001080410718803898,-3.1405122426607974,2368.6963717377466,1185.0
1186,3724364,3142,-0.9999982201347212,-0.0018867239834793141,-3.1397059284869417,2370.6963717377466,1186.0
1187,3727505,3141,-0.9999997598464418,-0.0006930418878874583,-3.140899611646427,2372.6957352005093,1187.0
1188,3730647,3142,-0.9999988759658275,-0.0014993555554477676,-3.1400932974725695,2374.6957352005093,1188.0
1189,3733788,3141,-0.9999999532820218,-0.000305672952978378,-3.1412869806320547,2376.695098663272,1189.0
1190,3736930,3142,-0.9999993817423733,-0.001111986902426565,-3.1404806664582017,2378.695098663272,1190.0
1191,3740072,3142,-0.999998160060615,-0.0019183001289272143,-3.1396743522843464,2380.695098663272,1191.0
1192,3743213,3141,-0.9999997374642827,-0.0007246180825496214,-3.1408680354438308,2382.6944621260345,1192.0
1193,3746355,3142,-0.9999988281233451,-0.0015309317217967917,-3.140061721269975,2384.6944621260345,1193.0
1194,3749496,3141,-0.9999999431315025,-0.0003372491539422395,-3.141255404429458,2386.693825588797,1194.0
1195,3752638,3142,-0.9999993461315216,-0.0011435630849431634,-3.1404490902556033,2388.693825588797,1195.0
1196,3755780,3142,-0.9999980989894541,-0.0019498762724661804,-3.1396427760817476,2390.693825588797,1196.0
1197,3758921,3141,-0.9999997140850673,-0.0007561942764948365,-3.1408364592412292,2392.6931890515593,1197.0
1198,3762063,3142,-0.999998779283807,-0.0015625078866269345,-3.140030145067373,2394.6931890515593,1198.0
1199,3765204,3141,-0.9999999319839267,-0.0003688253545753156,-3.141223828226856,2396.692552514322,1199.0
1200,3768346,3142,-0.999999309523614,-0.0011751392663230005,-3.1404175140530017,2398.692552514322,1200.0
1201,3771488,3142,-0.9999980369212387,-0.001981452414064042,-3.1396111998791456,2400.692552514322,1201.0
1202,3774629,3141,-0.9999996897087955,-0.0007877704696847918,-3.140804883038629,2402.6919159770846,1202.0
1203,3777771,3142,-0.9999987294472139,-0.0015940840498979102,-3.1399985688647725,2404.6919159770846,1203.0
1204,3780912,3141,-0.9999999198392944,-0.0004004015548403937,-3.141192252024254,2406.691279439847,1204.0
1205,3784054,3142,-0.9999992719186506,-0.0012067154465318004,-3.140385937850399,2408.691279439847,1205.0
1206,3787195,3141,-0.9999999999150759,-1.30325799092611e-05,-3.1415796210098836,2410.69064290261,1206.0
1207,3790337,3142,-0.9999996643354673,-0.000819346662087367,-3.1407733068360306,2412.69064290261,1207.0
1208,3793479,3142,-0.9999986786135653,-0.001625660211576899,-3.139966992662174,2414.69064290261,1208.0
1209,3796620,3141,-0.9999999066976054,-0.0004319777546998148,-3.1411606758216584,2416.6900063653725,1209.0
1210,3799762,3142,-0.9999992333166311,-0.001238291625532868,-3.140354361647801,2418.6900063653725,1210.0
1211,3802903,3141,-0.9999999990050283,-4.4608782493439284e-05,-3.1415480448072852,2420.689369828135,1211.0
1212,3806045,3142,-0.9999996379650831,-0.0008509228536760583,-3.140741730633429,2422.689369828135,1212.0
1213,3809187,3142,-0.9999986267828616,-0.0016572363716403013,-3.1399354164595707,2424.689369828135,1213.0
1214,3812328,3141,-0.9999998925588599,-0.00046355395413671003,-3.141129099619055,2426.6887332908977,1214.0
1215,3815470,3142,-0.9999991937175562,-0.0012698678033008126,-3.1403227854452016,2428.6887332908977,1215.0
1216,3818611,3141,-0.9999999970979241,-7.618498503137202e-05,-3.141516468604688,2430.68809675366,1216.0
1217,3821753,3142,-0.9999996105976426,-0.0008824990444109093,-3.1407101544308333,2432.68809675366,1217.0
1218,3824895,3142,-0.9999985739551024,-0.0016888125300423486,-3.1399038402569763,2434.68809675366,1218.0
1219,3828036,3141,-0.9999998774230583,-0.0004951301531029788,-3.1410975234164598,2436.6874602164226,1219.0
1220,3831178,3142,-0.9999991531214252,-0.0013014439798005352,-3.140291209242604,2438.6874602164226,1220.0
1221,3834319,3141,-0.9999999941937633,-0.00010776118749820204,-3.1414848924020866,2440.686823679185,1221.0
1222,3837461,3142,-0.9999995822331458,-0.0009140752342757736,-3.1406785782282274,2442.686823679185,1222.0
1223,3840603,3142,-0.9999985201302882,-0.001720388686767314,-3.1398722640543753,2444.686823679185,1223.0
1224,3843744,3141,-0.9999998612902,-0.0005267063515814694,-3.1410659472138587,2446.686187141948,1224.0
1225,3846886,3142,-0.9999991115282384,-0.0013330201550072476,-3.140259633040002,2448.686187141948,1225.0
1226,3850027,3141,-0.9999999902925459,-0.0001393373898571841,-3.141453316199485,2450.6855506047104,1226.0
1227,3853169,3142,-0.9999995528715929,-0.000945651423220454,-3.1406470020256303,2452.6855506047104,1227.0
1228,3856311,3142,-0.999998465308419,-0.0017519648417746976,-3.139840687851776,2454.6855506047104,1228.0
1229,3859452,3141,-0.9999998441602854,-0.000558282549531665,-3.1410343710112607,2456.684914067473,1229.0
1230,3862594,3142,-0.9999990689379962,-0.001364596328877995,-3.1402280568374072,2458.684914067473,1230.0
1231,3865735,3141,-0.9999999853942719,-0.00017091359206940793,-3.1414217399968916,2460.6842775302357,1231.0
1232,3868877,3142,-0.9999995225129839,-0.0009772276112174616,-3.140615425823038,2462.6842775302357,1232.0
1233,3872019,3142,-0.9999984094894947,-0.0017835409950283875,-3.139809111649184,2464.6842775302357,1233.0
1234,3875160,3141,-0.9999998260333143,-0.0005898587469182332,-3.14100279480867,2466.683640992998,1234.0
1235,3878302,3142,-0.9999990253506983,-0.0013961725013837921,-3.1401964806348164,2468.683640992998,1235.0
1236,3881443,3141,-0.9999999794989415,-0.00020248979410909741,-3.1413901637943002,2470.6830044557605,1236.0
1237,3884585,3142,-0.9999994911573189,-0.001008803798240692,-3.140583849620445,2472.6830044557605,1237.0
1238,3887727,3142,-0.9999983526735154,-0.001815117146505142,-3.1397775354465907,2474.6830044557605,1238.0
1239,3890868,3141,-0.9999998069092866,-0.0006214349437228014,-3.1409712186060728,2476.682367918523,1239.0
1240,3894010,3142,-0.9999989807663446,-0.0014277486725049159,-3.1401649044322184,2478.682367918523,1240.0
1241,3897151,3141,-0.9999999726065544,-0.00023406599595522944,-3.1413585875917005,2480.6817313812858,1241.0
1242,3900293,3142,-0.9999994588045976,-0.001040379984266307,-3.140552273417844,2482.6817313812858,1242.0
1243,3903435,3142,-0.9999982948604812,-0.0018466932961809204,-3.1397459592439882,2484.6817313812858,1243.0
1244,3906576,3141,-0.999999786788203,-0.0006530111399121848,-3.1409396424034712,2486.6810948440484,1244.0
1245,3909718,3142,-0.9999989351849354,-0.0014593248422068814,-3.140133328229616,2488.6810948440484,1245.0
1246,3912859,3141,-0.999999964717111,-0.00026564219756719136,-3.1413270113891016,2490.680458306811,1246.0
1247,3916001,3142,-0.9999994254548206,-0.0010719561692523133,-3.140520697215245,2492.680458306811,1247.0
1248,3919143,3142,-0.9999982360503921,-0.0018782694440111973,-3.1397143830413903,2494.680458306811,1248.0
1249,3922284,3141,-0.9999997656700627,-0.0006845873354469483,-3.1409080662008733,2496.6798217695737,1249.0
1250,3925426,3142,-0.9999988886064709,-0.0014909010104482688,-3.140101752027019,2498.6798217695737,1250.0
1251,3928567,3141,-0.9999999558306107,-0.0002972183989171568,-3.1412954351865,2500.6791852323363,1251.0
1252,3931709,3142,-0.9999993911079875,-0.0011035323531727145,-3.140489121012643,2502.6791852323363,1252.0
1253,3934851,3142,-0.9999981762432482,-0.0019098455899738116,-3.1396828068387874,2504.6791852323363,1253.0
1254,3937992,3141,-0.999999743554866,-0.0007161635303038363,-3.1408764899982704,2506.6785486950985,1254.0
1255,3941134,3142,-0.9999988410309508,-0.0015224771772096933,-3.140070175824415,2508.6785486950985,1255.0
1256,3944275,3141,-0.9999999459470541,-0.0003287945999716403,-3.1412638589838977,2510.677912157861,1256.0
1257,3947417,3142,-0.9999993557640983,-0.0011351085359918793,-3.140457544810042,2512.677912157861,1257.0
1258,3950559,3142,-0.9999981154390495,-0.0019414217340283754,-3.139651230636188,2514.677912157861,1258.0
1259,3953700,3141,-0.9999997204426132,-0.0007477397244393658,-3.140844913795675,2516.6772756206237,1259.0
1260,3956842,3142,-0.9999987924583754,-0.0015540533424449191,-3.14003859962182,2518.6772756206237,1260.0
1261,3959983,3141,-0.9999999350664408,-0.00036037080069015263,-3.141232282781303,2520.6766390833864,1261.0
1262,3963125,3142,-0.9999993194231531,-0.0011666847176738313,-3.1404259686074463,2522.6766390833864,1262.0
1263,3966267,3142,-0.9999980536377963,-0.0019729978761443565,-3.139619654433592,2524.6766390833864,1263.0
1264,3969408,3141,-0.999999696333304,-0.0007793159178342906,-3.140813337593075,2526.676002546149,1264.0
1265,3972550,3142,-0.9999987428887445,-0.0015856295061323763,-3.1400070234192228,2528.676002546149,1265.0
1266,3975691,3141,-0.9999999231887713,-0.00039194700105072707,-3.141200706578707,2530.6753660089116,1266.0
1267,3978833,3142,-0.9999992820851523,-0.0011982608981947374,-3.1403943924048487,2532.6753660089116,1267.0
1268,3981974,3141,-0.9999999999895208,-4.578025461468788e-06,-3.1415880755643317,2534.6747294716743,1268.0
1269,3985116,3142,-0.9999996712269387,-0.0008108921104503676,-3.1407817613904765,2536.6747294716743,1269.0
1270,3988258,3142,-0.9999986923220582,-0.0016172056682476179,-3.1399754472166173,2538.6747294716743,1270.0
1271,3991399,3141,-0.9999999103140451,-0.0004235232010282571,-3.141169130376104,2540.674092934437,1271.0
1272,3994541,3142,-0.9999992437500954,-0.0012298370775229387,-3.140362816202249,2542.674092934437,1272.0
1273,3997682,3141,-0.9999999993464359,-3.615422804894511e-05,-3.1415564993617364,2544.673456397199,1273.0
1274,4000824,3142,-0.9999996451235168,-0.0008424683022517985,-3.140750185187884,2546.673456397199,1274.0
1275,4003966,3142,-0.9999986407583168,-0.0016487818287323917,-3.1399438710140295,2548.673456397199,1275.0
1276,4007107,3141,-0.9999998964422625,-0.0004550994005691962,-3.1411375541735143,2550.6728198599617,1276.0
1277,4010249,3142,-0.9999992044179828,-0.001261413255615729,-3.140331239999658,2552.6728198599617,1277.0
1278,4013390,3141,-0.9999999977062944,-6.773043060098478e-05,-3.1415249231591407,2554.6721833227243,1278.0
1279,4016532,3142,-0.9999996180230389,-0.0008740444932171151,-3.1407186089852877,2556.6721833227243,1279.0
1280,4019674,3142,-0.9999985881975203,-0.0016803579875842038,-3.1399122948114306,2558.6721833227243,1280.0
1281,4022815,3141,-0.9999998815734233,-0.0004866755996636447,-3.1411059779709176,2560.671546785487,1281.0
1282,4025957,3142,-0.9999991640888144,-0.0012929894324565322,-3.140299663797062,2562.671546785487,1282.0
1283,4029098,3141,-0.9999999950690962,-9.930663308660614e-05,-3.1414933469565436,2564.6709102482496,1283.0
1284,4032240,3142,-0.9999995899255049,-0.0009056206833164846,-3.140687032782686,2566.6709102482496,1284.0
1285,4035382,3142,-0.9999985346396685,-0.0017119341447620116,-3.1398807186088304,2568.6709102482496,1285.0
1286,4038523,3141,-0.9999998657075279,-0.0005182517982804345,-3.141074401768314,2570.670273711012,1286.0
1287,4041665,3142,-0.9999991227625903,-0.0013245656080171824,-3.1402680875944564,2572.670273711012,1287.0
1288,4044806,3141,-0.9999999914348416,-0.00013088283547901407,-3.1414617707539407,2574.669637173775,1288.0
1289,4047948,3142,-0.9999995608309146,-0.0009371968725119883,-3.140655456580085,2576.669637173775,1289.0
1290,4051090,3142,-0.9999984800847614,-0.0017435103002334527,-3.13984914240623,2578.669637173775,1290.0
1291,4054231,3141,-0.9999998488445759,-0.0005498279963771447,-3.141042825565713,2580.669000636537,1291.0
1292,4057373,3142,-0.9999990804393105,-0.001356141782249322,-3.140236511391859,2582.669000636537,1292.0
1293,4060514,3141,-0.9999999868035305,-0.0001624590377343609,-3.141430194551344,2584.6683640992997,1293.0
1294,4063656,3142,-0.9999995307392683,-0.000968773060766985,-3.1406238803774906,2586.6683640992997,1294.0
1295,4066798,3142,-0.9999984245327994,-0.0017750864539628289,-3.139817566203633,2588.6683640992997,1295.0
1296,4069939,3141,-0.9999998309845674,-0.0005814041939182254,-3.1410112493631197,2590.6677275620623,1296.0
1297,4073081,3142,-0.9999990371189751,-0.0013877179551301695,-3.1402049351892605,2592.6677275620623,1297.0
1298,4076222,3141,-0.9999999811751626,-0.00019403523983187683,-3.141398618348744,2594.667091024825,1298.0
1299,4079364,3142,-0.9999994996505658,-0.0010003492480644036,-3.1405923041748873,2596.667091024825,1299.0
1300,4082506,3142,-0.9999983679837825,-0.0018066626059277733,-3.1397859900010308,2598.667091024825,1300.0
1301,4085647,3141,-0.9999998121275024,-0.0006129803908887124,-3.1409796731605173,2600.6664544875875,1301.0
1302,4088789,3142,-0.9999989928015838,-0.0014192941266297282,-3.14017335898666,2602.6664544875875,1302.0
1303,4091930,3141,-0.9999999745497383,-0.0002256114417385007,-3.1413670421461406,2604.66581795035,1303.0
1304,4095072,3142,-0.9999994675648071,-0.0010319254343655994,-3.140560727972283,2606.66581795035,1304.0
1305,4098214,3142,-0.9999983104377104,-0.0018382387560900344,-3.1397544137984297,2608.66581795035,1305.0
1306,4101355,3141,-0.9999997922733812,-0.0006445565872483963,-3.1409480969579144,2610.665181413113,1306.0
1307,4104497,3142,-0.9999989474871371,-0.001450870296716386,-3.1401417827840565,2612.665181413113,1307.0
1308,4107638,3141,-0.9999999669272575,-0.0002571876434167749,-3.1413354659435413,2614.6645448758754,1308.0
1309,4110780,3142,-0.9999994344819926,-0.0010635016196308535,-3.140529151769686,2616.6645448758754,1309.0
1310,4113922,3142,-0.9999982518945837,-0.0018698149044183842,-3.1397228375958295,2618.6645448758754,1310.0
1311,4117063,3141,-0.9999997714222038,-0.0006761327829643885,-3.1409165207553125,2620.6639083386376,1311.0
1312,4120205,3142,-0.9999989011756351,-0.0014824464653540202,-3.1401102065814563,2622.6639083386376,1312.0
1313,4123346,3141,-0.99999995830772,-0.00028876384484169003,-3.1413038897409384,2624.6632718014002,1313.0
1314,4126488,3142,-0.9999994004021221,-0.0010950778038421823,-3.1404975755670823,2626.6632718014002,1314.0
1315,4129630,3142,-0.9999981923544021,-0.0019013910508833363,-3.139691261393229,2628.6632718014002,1315.0
1316,4132771,3141,-0.9999997495739698,-0.0007077089780057374,-3.1408849445527114,2630.662635264163,1316.0
1317,4135913,3142,-0.9999988538670773,-0.0015140226325118964,-3.1400786303788575,2632.662635264163,1317.0
1318,4139054,3141,-0.9999999486911262,-0.000320340045973954,-3.1412723135383405,2634.6619987269255,1318.0
1319,4142196,3142,-0.9999993653251954,-0.0011266539869555327,-3.140465999364485,2636.6619987269255,1319.0
1320,4145338,3142,-0.9999981318171656,-0.0019329671954513726,-3.139659685190629,2638.6619987269255,1320.0
1321,4148479,3141,-0.9999997267286796,-0.0007392851723402322,-3.140853368350111,2640.661362189688,1321.0
1322,4151621,3142,-0.9999988055614643,-0.0015455987981625777,-3.140047054176256,2642.661362189688,1322.0
1323,4154762,3141,-0.9999999380774757,-0.00035191624678935395,-3.14124073733574,2644.6607256524508,1323.0
1324,4157904,3142,-0.9999993292512129,-0.0011582301689464919,-3.1404344231618864,2646.6607256524508,1324.0
1325,4161046,3142,-0.9999980702828745,-0.0019645433380906445,-3.1396281089880307,2648.6607256524508,1325.0
1326,4164187,3141,-0.999999702886333,-0.000770861365937308,-3.1408217921475114,2650.6600891152134,1326.0
1327,4167329,3142,-0.9999987562587956,-0.0015771749622743548,-3.1400154779736527,2652.6600891152134,1327.0
1328,4170470,3141,-0.9999999264667688,-0.0003834924472577455,-3.1412091611331356,2654.659452577976,1328.0
1329,4173612,3142,-0.9999992921801745,-0.001189806349791263,-3.140402846959279,2656.659452577976,1329.0
1330,4176754,3142,-0.9999980077515288,-0.001996119478779413,-3.1395965327854243,2658.659452577976,1330.0
1331,4179895,3141,-0.9999996780469305,-0.0008024375587708362,-3.140790215944907,2660.658816040738,1331.0
1332,4183037,3142,-0.9999987059590719,-0.0016087511248116342,-3.139983901771051,2662.658816040738,1332.0
1333,4186178,3141,-0.9999999138590052,-0.00041506864733904195,-3.141177584930536,2664.658179503501,1333.0
1334,4189320,3142,-0.9999992541120802,-0.001221382529440488,-3.140371270756681,2666.658179503501,1334.0
1335,4192461,3141,-0.9999999996163641,-2.7699673624216768e-05,-3.1415649539161654,2668.6575429662635,1335.0
1336,4195603,3142,-0.9999996522104712,-0.0008340137507932382,-3.140758639742313,2670.6575429662635,1336.0
1337,4198745,3142,-0.9999986546622929,-0.0016403272857401082,-3.1399523255684545,2672.6575429662635,1337.0
1338,4201886,3141,-0.9999999002541854,-0.0004466448470052477,-3.1411460087279375,2674.656906429026,1338.0
1339,4205028,3142,-0.9999992150469301,-0.0012529587078738773,-3.1403396945540814,2676.656906429026,1339.0
1340,4208169,3141,-0.9999999982431853,-5.927587619448531e-05,-3.141533377713564,2678.6562698917887,1340.0
1341,4211311,3142,-0.999999625376956,-0.0008655899419947872,-3.1407270635397087,2680.6562698917887,1341.0
1342,4214453,3142,-0.9999986023684585,-0.0016719034450414817,-3.13992074936585,2682.6562698917887,1342.0
1343,4217594,3141,-0.9999998856523089,-0.000478221046231221,-3.141114432525334,2684.6556333545514,1343.0
1344,4220736,3142,-0.9999991749847241,-0.0012845348850600068,-3.1403081183514794,2686.6556333545514,1344.0
1345,4223877,3141,-0.99999999587295,-9.085207870418049e-05,-3.141501801510964,2688.654996817314,1345.0
1346,4227019,3142,-0.9999995975463845,-0.0008971661323277584,-3.1406954873371093,2690.654996817314,1346.0
1347,4230161,3142,-0.999998549077569,-0.0017034796026659648,-3.1398891731632546,2692.654996817314,1347.0
1348,4233302,3141,-0.9999998700533762,-0.0005097972449728599,-3.1410828563227384,2694.654360280076,1348.0
1349,4236444,3142,-0.9999991339254626,-0.001316111060962125,-3.140276542148881,2696.654360280076,1349.0
1350,4239585,3141,-0.9999999925056579,-0.00012242828112388182,-3.1414702253083635,2698.653723742839,1350.0
1351,4242727,3142,-0.9999995687187567,-0.0009287423217715819,-3.140663911134505,2700.653723742839,1351.0
1352,4245869,3142,-0.9999984947896244,-0.0017350557585999256,-3.1398575969606517,2702.653723742839,1352.0
1353,4249010,3141,-0.9999998534573868,-0.0005413734432132663,-3.141051280120135,2704.6530872056014,1353.0
1354,4252152,3142,-0.9999990918691452,-0.001347687235550497,-3.140244965946284,2706.6530872056014,1354.0
1355,4255293,3141,-0.9999999881413095,-0.00015400448341679532,-3.1414386491057678,2708.652450668364,1355.0
1356,4258435,3142,-0.9999995388940731,-0.000960318510280876,-3.1406323349319094,2710.652450668364,1356.0
1357,4261577,3142,-0.9999984395046247,-0.0017666319127991187,-3.1398260207580533,2712.652450668364,1357.0
1358,4264718,3141,-0.999999835864341,-0.0005729496409081757,-3.141019703917538,2714.6518141311267,1358.0
1359,4267860,3142,-0.9999990488157723,-0.0013792634087977395,-3.140213389743684,2716.6518141311267,1359.0
1360,4271001,3141,-0.9999999827799044,-0.0001855806855588903,-3.141407072903169,2718.6511775938893,1360.0
1361,4274143,3142,-0.9999995080723334,-0.000991894697832046,-3.1406007587293145,2720.6511775938893,1361.0
1362,4277285,3142,-0.9999983832225702,-0.0017982080652303059,-3.1397944445554615,2722.6511775938893,1362.0
1363,4280426,3141,-0.999999817274239,-0.0006045258380312729,-3.140988127714941,2724.650541056652,1363.0
1364,4283568,3142,-0.9999990047653436,-0.0014108395806718941,-3.140181813541082,2726.650541056652,1364.0
1365,4286709,3141,-0.9999999764214428,-0.00021715688752074153,-3.1413754967005656,2728.6499045194146,1365.0
1366,4289851,3142,-0.9999994762535372,-0.0010234708844048983,-3.1405691825267086,2730.6499045194146,1366.0
1367,4292993,3142,-0.9999983259434605,-0.0018297842158841338,-3.1397628683528542,2732.6499045194146,1367.0
1368,4296134,3141,-0.9999997976870804,-0.0006361020345555525,-3.1409565515123403,2734.6492679821768,1368.0
1369,4299276,3142,-0.9999989597178593,-0.00144241575113482,-3.140150237338485,2736.6492679821768,1369.0
1370,4302417,3141,-0.9999999690659248,-0.0002487330892584272,-3.14134392049797,2738.6486314449394,1370.0
1371,4305559,3142,-0.9999994434376853,-0.0010550470699459639,-3.140537606324114,2740.6486314449394,1371.0
1372,4308701,3142,-0.9999982676672959,-0.0018613603647034294,-3.139731292150257,2742.6486314449394,1372.0
1373,4311842,3141,-0.9999997771028654,-0.0006676782304436826,-3.140924975309742,2744.647994907702,1373.0
1374,4314984,3142,-0.9999989136733196,-0.0014739919201620605,-3.1401186611358853,2746.647994907702,1374.0
1375,4318125,3141,-0.9999999607133501,-0.0002803092907539133,-3.1413123442953683,2748.6473583704646,1375.0
1376,4321267,3142,-0.9999994096247772,-0.0010866232544404601,-3.1405060301215144,2750.6473583704646,1376.0
1377,4324409,3142,-0.9999982083940765,-0.0018929365116660078,-3.139699715947661,2752.6473583704646,1377.0
1378,4327550,3141,-0.9999997555215943,-0.0006992544256639865,-3.140893399107145,2754.6467218332273,1378.0
1379,4330692,3142,-0.9999988666317244,-0.0015055680877151224,-3.14008708493329,2756.6467218332273,1379.0
1380,4333833,3141,-0.9999999513637188,-0.0003118854919625635,-3.1412807680927743,2758.64608529599,1380.0
1381,4336975,3142,-0.9999993748148133,-0.0011181994378503014,-3.1404744539189156,2760.64608529599,1381.0
1382,4340117,3142,-0.9999981481238023,-0.0019245126567475589,-3.1396681397450585,2762.64608529599,1382.0
1383,4343258,3141,-0.9999997329432667,-0.0007308306201934454,-3.140861822904542,2764.6454487587525,1383.0
1384,4346400,3142,-0.9999988185930737,-0.0015371442537750577,-3.1400555087306867,2766.6454487587525,1384.0
1385,4349541,3141,-0.9999999410170312,-0.00034346169287188165,-3.1412491918901684,2768.644812221515,1385.0
1386,4352683,3142,-0.9999993390077931,-0.0011497756201490927,-3.140442877716313,2770.644812221515,1386.0
1387,4355825,3142,-0.9999980868564733,-0.0019560887999064223,-3.1396365635424597,2772.644812221515,1387.0
1388,4358966,3141,-0.9999997093678827,-0.0007624068139904689,-3.1408302467019427,2774.6441756842773,1388.0
1389,4362108,3142,-0.9999987695573678,-0.0015687204182975813,-3.1400239325280883,2776.6441756842773,1389.0
1390,4365249,3141,-0.9999999296732868,-0.00037503789342784754,-3.1412176156875735,2778.64353914704,1390.0
1391,4368391,3142,-0.9999993022037172,-0.0011813518012944815,-3.140411301513718,2780.64353914704,1391.0
1392,4371533,3142,-0.9999980245920899,-0.0019876649411161127,-3.13960498733986,2782.64353914704,1392.0
1393,4374674,3141,-0.9999996847954427,-0.0007939830070263405,-3.1407986704993447,2784.6429026098026,1393.0
1394,4377816,3142,-0.9999987195246062,-0.001600296581255118,-3.139992356325491,2786.6429026098026,1394.0
1395,4380957,3141,-0.9999999173324859,-0.00040661409361216475,-3.1411860394849764,2788.6422660725652,1395.0
1396,4384099,3142,-0.9999992644025856,-0.0012129279812637624,-3.1403797253111203,2790.6422660725652,1396.0
1397,4387240,3141,-0.9999999998148127,-1.9245119188384913e-05,-3.1415734084706037,2792.641629535328,1397.0
1398,4390382,3142,-0.9999996592259462,-0.0008255591992701164,-3.1407670942967467,2794.641629535328,1398.0
1399,4393524,3142,-0.9999986684947895,-0.0016318727426204774,-3.13996078012289,2796.641629535328,1399.0
1400,4396665,3141,-0.9999999039946287,-0.0004381902933964423,-3.141154463282374,2798.6409929980905,1400.0
1401,4399807,3142,-0.9999992256043979,-0.0012445041600293199,-3.1403481491085175,2800.6409929980905,1401.0
1402,4402948,3141,-0.9999999987085967,-5.082132176685436e-05,-3.1415418322680044,2802.640356460853,1402.0
1403,4406090,3142,-0.9999996326593935,-0.0008571353906891073,-3.1407355180941505,2804.640356460853,1403.0
1404,4409232,3142,-0.9999986164679177,-0.001663448902352873,-3.139929203920295,2806.640356460853,1404.0
1405,4412373,3141,-0.9999998896597151,-0.0004697664927356432,-3.1411228870797796,2808.6397199236158,1405.0
1406,4415515,3142,-0.9999991858091545,-0.0012760803375445142,-3.1403165729059244,2810.6397199236158,1406.0
1407,4418656,3141,-0.999999996605324,-8.239752429009421e-05,-3.14151025606541,2812.639083386378,1407.0
1408,4421798,3142,-0.9999996050957847,-0.0008887115812546682,-3.1407039418915534,2814.639083386378,1408.0
1409,4424940,3142,-0.9999985634439904,-0.001695025060432051,-3.1398976277176947,2816.639083386378,1409.0
1410,4428081,3141,-0.999999874327745,-0.0005013426916100804,-3.1410913108771816,2818.6384468491406,1410.0
1411,4431223,3142,-0.9999991450168555,-0.0013076565137923812,-3.140284996703326,2820.6384468491406,1411.0
1412,4434364,3141,-0.9999999935049947,-0.00011397372673763326,-3.141478679862809,2822.637810311903,1412.0
1413,4437506,3142,-0.9999995765351197,-0.000920287770937884,-3.1406723656889524,2824.637810311903,1413.0
1414,4440648,3142,-0.9999985094230082,-0.0017266012168193016,-3.1398660515150962,2826.637810311903,1414.0
1415,4443789,3141,-0.9999998579987184,-0.0005329188899874198,-3.1410597346745806,2828.637173774666,1415.0
1416,4446931,3142,-0.9999991032275007,-0.0013392326887415084,-3.1402534205007226,2830.637173774666,1416.0
1417,4450072,3141,-0.9999999894076091,-0.0001455499290716889,-3.141447103660208,2832.6365372374285,1417.0
1418,4453214,3142,-0.9999995469773985,-0.0009518639597037857,-3.140640789486351,2834.6365372374285,1418.0
1419,4456356,3142,-0.9999984544049708,-0.0017581773714841634,-3.1398344753124983,2836.6365372374285,1419.0
1420,4459497,3141,-0.9999998406726354,-0.0005644950878297946,-3.1410281584719835,2838.635900700191,1420.0
1421,4462639,3142,-0.9999990604410902,-0.001370808862346983,-3.1402218442981273,2840.635900700191,1421.0
1422,4465780,3141,-0.9999999843131667,-0.0001771261312552402,-3.1414155274576117,2842.6352641629537,1422.0
1423,4468922,3142,-0.9999995164226213,-0.0009834401475141055,-3.140609213283756,2844.6352641629537,1423.0
1424,4472064,3142,-0.9999983983898784,-0.001789753524391682,-3.139802899109905,2846.6352641629537,1424.0
1425,4475205,3141,-0.9999998223494957,-0.0005960712851069127,-3.140996582269389,2848.634627625716,1425.0
1426,4478347,3142,-0.9999990166576238,-0.0014023850345833563,-3.1401902680955347,2850.634627625716,1426.0
1427,4481488,3141,-0.9999999782216678,-0.00020870233325768415,-3.1413839512550203,2852.6339910884785,1427.0
1428,4484630,3142,-0.9999994848707878,-0.0010150163343395,-3.1405776370811656,2854.6339910884785,1428.0
1429,4487772,3142,-0.999998341377731,-0.0018213296755140189,-3.1397713229073125,2856.6339910884785,1429.0
1430,4490913,3141,-0.9999998030292998,-0.0006276474817875745,-3.1409650060667964,2858.633354551241,1430.0
1431,4494055,3142,-0.9999989718771022,-0.001433961205423861,-3.14015869189294,2860.633354551241,1431.0
1432,4497196,3141,-0.9999999711331125,-0.00024027853505480864,-3.1413523750524264,2862.632718014004,1432.0
1433,4500338,3142,-0.9999994523218985,-0.001046592520160051,-3.140546060878568,2864.632718014004,1433.0
1434,4503480,3142,-0.9999982833685288,-0.0018529058248271456,-3.1397397467047132,2866.632718014004,1434.0
1435,4506621,3141,-0.9999997827120477,-0.0006592236778514179,-3.140933429864195,2868.6320814767664,1435.0
1436,4509763,3142,-0.9999989260995248,-0.0014655373748396988,-3.1401271156903396,2870.6320814767664,1436.0
1437,4512904,3141,-0.9999999630475005,-0.00027185473661804426,-3.1413207988498266,2872.631444939529,1437.0
1438,4516046,3142,-0.9999994187759529,-0.001078168704936587,-3.140514484675971,2874.631444939529,1438.0
1439,4519188,3142,-0.9999982243622717,-0.0018844819722855695,-3.139708170502121,2876.631444939529,1439.0
1440,4522329,3141,-0.9999997613977392,-0.000690799873244542,-3.1409018536616067,2878.6308084022917,1440.0
1441,4525471,3142,-0.999998879324892,-0.0014971135427847262,-3.1400955394877488,2880.6308084022917,1441.0
1442,4528612,3141,-0.9999999539648318,-0.0003034309379031849,-3.141289222647234,2882.6301718650543,1442.0
1443,4531754,3142,-0.9999993842329516,-0.0011097448886325779,-3.140482908473379,2884.6301718650543,1443.0
1444,4534896,3142,-0.9999981643589597,-0.0019160581178704465,-3.1396765942995235,2886.6301718650543,1444.0
1445,4538037,3141,-0.9999997390863742,-0.0007223760679572924,-3.14087027745901,2888.6295353278165,1445.0
1446,4541179,3142,-0.9999988315532039,-0.001528689709242087,-3.1400639632851535,2890.6295353278165,1446.0
1447,4544320,3141,-0.9999999438851069,-0.00033500713888826955,-3.1412576464446387,2892.628898790579,1447.0
1448,4547462,3142,-0.9999993486928941,-0.001141321071226989,-3.1404513322707825,2894.628898790579,1448.0
1449,4550604,3142,-0.9999981033585931,-0.001947634261542702,-3.139645018096928,2896.628898790579,1449.0
1450,4553745,3141,-0.999999715777953,-0.0007539522619497821,-3.1408387012564134,2898.6282622533417,1450.0
1451,4556887,3142,-0.99999878278446,-0.0015602658741739868,-3.140032387082559,2900.6282622533417,1451.0
1452,4560028,3141,-0.9999999328083253,-0.00036658333954141974,-3.1412260702420416,2902.6276257161044,1452.0
1453,4563170,3142,-0.9999993121557808,-0.0011728972526838823,-3.140419756068186,2904.6276257161044,1453.0
1454,4566312,3142,-0.9999980413611718,-0.0019792104032745473,-3.1396134418943316,2906.6276257161044,1454.0
1455,4569453,3141,-0.9999996914724756,-0.0007855284551887432,-3.140807125053819,2908.626989178867,1455.0
1456,4572595,3142,-0.999998733018661,-0.0015918420375499599,-3.140000810879965,2910.626989178867,1456.0
1457,4575736,3141,-0.9999999207344872,-0.0003981595398239479,-3.1411944940394494,2912.6263526416296,1457.0
1458,4578878,3142,-0.9999992746216114,-0.0012044734329647398,-3.1403881798655955,2914.6263526416296,1458.0
1459,4582019,3141,-0.9999999999417818,-1.079056471645527e-05,-3.1415818630250767,2916.6257161043923,1459.0
1460,4585161,3142,-0.9999996661699417,-0.0008171046476460724,-3.1407755488512223,2918.6257161043923,1460.0
1461,4588303,3142,-0.9999986822558069,-0.0016234181993435809,-3.1399692346773658,2920.6257161043923,1461.0
1462,4591444,3141,-0.9999999076635927,-0.0004297357397178412,-3.1411629178368488,2922.625079567155,1462.0
1463,4594586,3142,-0.9999992360903865,-0.0012360496120549578,-3.140356603662995,2924.625079567155,1463.0
1464,4597727,3141,-0.9999999991025286,-4.2366767301556765e-05,-3.141550286822479,2926.624443029917,1464.0
1465,4600869,3142,-0.9999996398703517,-0.0008486808392883655,-3.1407439726486266,2928.624443029917,1465.0
1466,4604011,3142,-0.9999986304958973,-0.0016549943595160147,-3.1399376584747696,2930.624443029917,1466.0
1467,4607152,3141,-0.9999998935956417,-0.000461311939179835,-3.1411313416342517,2932.6238064926797,1467.0
1468,4610294,3142,-0.9999991965621057,-0.0012676257899095886,-3.1403250274603973,2934.6238064926797,1468.0
1469,4613435,3141,-0.9999999972662187,-7.394296984558312e-05,-3.1415187106198803,2936.6231699554423,1469.0
1470,4616577,3142,-0.9999996125737055,-0.0008802570300934242,-3.1407123964460215,2938.6231699554423,1470.0
1471,4619719,3142,-0.9999985777389325,-0.0016865705180461887,-3.1399060822721654,2940.6231699554423,1471.0
1472,4622860,3141,-0.9999998785306341,-0.0004928881381843818,-3.141099765431652,2942.622533418205,1472.0
1473,4626002,3142,-0.9999991560367688,-0.0012992019665062251,-3.140293451257794,2944.622533418205,1473.0
1474,4629143,3141,-0.9999999944328521,-0.00010551917232066345,-3.1414871344172766,2946.6218968809676,1474.0
1475,4632285,3142,-0.999999584280003,-0.0009118332200156469,-3.1406808202434218,2948.6218968809676,1475.0
1476,4635427,3142,-0.9999985239849124,-0.0017181466748870668,-3.1398745060695687,2950.6218968809676,1476.0
1477,4638568,3141,-0.9999998624685704,-0.0005244643366963713,-3.1410681892290535,2952.6212603437302,1477.0
1478,4641710,3142,-0.9999991145143766,-0.0013307781417990952,-3.140261875055199,2954.6212603437302,1478.0
1479,4644851,3141,-0.9999999906024292,-0.0001370953746796518,-3.141455558214684,2956.620623806493,1479.0
1480,4647993,3142,-0.9999995549892445,-0.0009434094090244189,-3.1406492440408265,2958.620623806493,1480.0
1481,4651135,3142,-0.9999984692338375,-0.0017497228300183555,-3.139842929866969,2960.620623806493,1481.0
1482,4654276,3141,-0.99999984540945,-0.0005560405346856357,-3.1410366130264546,2962.619987269255,1482.0
1483,4657418,3142,-0.9999990719949287,-0.001362354315769556,-3.1402302988525994,2964.619987269255,1483.0
1484,4660559,3141,-0.9999999857749495,-0.00016867157690842317,-3.141423982012085,2966.6193507320177,1484.0
1485,4663701,3142,-0.9999995247014297,-0.0009749855970965011,-3.140617667838227,2968.6193507320177,1485.0
1486,4666843,3142,-0.9999984134857074,-0.0017812989834017968,-3.139811353664372,2970.6193507320177,1486.0
1487,4669984,3141,-0.9999998273532733,-0.0005876167321209224,-3.141005036823856,2972.6187141947803,1487.0
1488,4673126,3142,-0.9999990284784247,-0.001393930488378987,-3.1401987226500028,2974.6187141947803,1488.0
1489,4676267,3141,-0.9999999799504132,-0.00020024777896761084,-3.1413924058094875,2976.618077657543,1489.0
1490,4679409,3142,-0.999999493416559,-0.0010065617841931323,-3.140586091635631,2978.618077657543,1490.0
1491,4682551,3142,-0.9999983567405222,-0.001812875135009898,-3.1397797774617744,2980.618077657543,1491.0
1492,4685692,3141,-0.99999980830004,-0.000619192928970599,-3.140973460621256,2982.6174411203056,1492.0
1493,4688834,3142,-0.9999989839648656,-0.0014255066596044138,-3.1401671464474004,2984.6174411203056,1493.0
1494,4691975,3141,-0.9999999731288205,-0.0002318239808335738,-3.1413608296068833,2986.616804583068,1494.0
1495,4695117,3142,-0.999999461134632,-0.00103813797029336,-3.1405545154330277,2988.616804583068,1495.0
1496,4698259,3142,-0.9999982989982821,-0.00184445128481769,-3.1397482012591698,2990.616804583068,1496.0
1497,4701400,3141,-0.9999997882497506,-0.0006507691252094083,-3.1409418844186505,2992.616168045831,1497.0
1498,4704542,3142,-0.9999989384542508,-0.001457082829413981,-3.140135570244792,2994.616168045831,1498.0
1499,4707683,3141,-0.9999999653101713,-0.0002634001824724416,-3.141329253404275,2996.6155315085934,1499.0
1500,4710825,3142,-0.9999994278556493,-0.0010697141553628658,-3.14052293923042,2998.6155315085934,1500.0
1501,4713967,3142,-0.9999982402589874,-0.0018760274327885413,-3.139716625056563,3000.6155315085934,1501.0
1502,4717108,3141,-0.9999997672024046,-0.0006823453207962803,-3.1409103082160477,3002.6148949713556,1502.0
1503,4720250,3142,-0.9999988919465802,-0.0014886589977647822,-3.14010399404219,3004.6148949713556,1503.0
1504,4723391,3141,-0.9999999564944657,-0.0002949763838424256,-3.141297677201673,3006.6142584341183,1504.0
1505,4726533,3142,-0.9999993935796103,-0.0011012903393618776,-3.140491363027816,3008.6142584341183,1505.0
1506,4729675,3142,-0.9999981805226378,-0.0019076035788848297,-3.1396850488539605,3010.6142584341183,1506.0
1507,4732816,3141,-0.9999997451580022,-0.0007139215157029057,-3.140878732013445,3012.613621896881,1507.0
1508,4735958,3142,-0.9999988444418545,-0.0015202351646330834,-3.1400724178395865,3014.613621896881,1508.0
1509,4739099,3141,-0.9999999466817031,-0.0003265525849183538,-3.141266100999071,3016.6129853596435,1509.0
1510,4742241,3142,-0.9999993583065157,-0.00113286652226173,-3.1404597868252138,3018.6129853596435,1510.0
1511,4745383,3142,-0.9999981197892333,-0.0019391797230792727,-3.1396534726513576,3020.6129853596435,1511.0
1512,4748524,3141,-0.9999997221165438,-0.000745497709896906,-3.1408471558108424,3022.612348822406,1512.0
1513,4751666,3142,-0.9999987959400731,-0.0015518113299836257,-3.1400408416369845,3024.612348822406,1513.0
1514,4754807,3141,-0.9999999358718844,-0.00035812878567194036,-3.141234524796466,3026.611712285169,1514.0
1515,4757949,3142,-0.9999993220363647,-0.0011644427040323395,-3.140428210622611,3028.611712285169,1515.0
1516,4761091,3142,-0.9999980580587741,-0.001970755865340826,-3.139621896448754,3030.611712285169,1516.0
1517,4764232,3141,-0.9999996980780289,-0.0007770739033513899,-3.1408155796082364,3032.6110757479314,1517.0
1518,4767374,3142,-0.9999987464412365,-0.00158338749379005,-3.14000926543438,3034.6110757479314,1518.0
1519,4770515,3141,-0.999999924065009,-0.000389704986064874,-3.141202948593864,3036.610439210694,1519.0
1520,4773657,3142,-0.9999992847691579,-0.0011960188846403992,-3.1403966344200094,3038.610439210694,1520.0
1521,4776798,3141,-0.9999999999972715,-2.3360103039228737e-06,-3.1415903175794893,3040.609802673456,1521.0
1522,4779940,3142,-0.9999996730424576,-0.0008086500960282933,-3.1407840034056336,3042.609802673456,1522.0
1523,4783082,3142,-0.9999986959453446,-0.0016149636560135257,-3.1399776892317792,3044.609802673456,1523.0
1524,4786223,3141,-0.9999999112610772,-0.0004212811860673965,-3.1411713723912644,3046.609166136219,1524.0
1525,4789365,3142,-0.9999992465048955,-0.0012275950640559753,-3.1403650582174083,3048.609166136219,1525.0
1526,4792506,3141,-0.9999999994249809,-3.391221289670483e-05,-3.14155874137689,3050.6085295989815,1526.0
1527,4795648,3142,-0.9999996470098304,-0.0008402262878959273,-3.1407524272030334,3052.6085295989815,1527.0
1528,4798790,3142,-0.9999986444523975,-0.0016465398166284671,-3.139946113029177,3054.6085295989815,1528.0
1529,4801931,3141,-0.9999998974600889,-0.0004528573856564576,-3.141139796188658,3056.607893061744,1529.0
1530,4805073,3142,-0.9999992072435772,-0.0012591712422493836,-3.140333482014805,3058.607893061744,1530.0
1531,4808214,3141,-0.9999999978556336,-6.548841545507103e-05,-3.1415271651742915,3060.6072565245067,1531.0
1532,4811356,3142,-0.9999996199801466,-0.0008718024789242168,-3.140720851000435,3062.6072565245067,1532.0
1533,4814498,3142,-0.9999985919623949,-0.0016781159755951023,-3.139914536826581,3064.6072565245067,1533.0
1534,4817639,3141,-0.999999882662044,-0.00048443358477945196,-3.1411082199860663,3066.6066199872694,1534.0
1535,4820781,3142,-0.9999991669852031,-0.0012907474191777653,-3.1403019058122115,3068.6066199872694,1535.0
1536,4823922,3141,-0.9999999952892299,-9.706461794429151e-05,-3.1414955889716967,3070.605983450032,1536.0
1537,4827064,3142,-0.9999995919534069,-0.0009033786690800994,-3.1406892747978397,3072.605983450032,1537.0
1538,4830206,3142,-0.9999985384753374,-0.0017096921328922932,-3.1398829606239813,3074.605983450032,1538.0
1539,4833347,3141,-0.9999998668669428,-0.0005160097834293863,-3.1410766437834647,3076.605346912794,1539.0
1540,4836489,3142,-0.999999125729773,-0.0013223235948320129,-3.140270329609605,3078.605346912794,1540.0
1541,4839630,3141,-0.9999999917257697,-0.0001286408203476397,-3.1414640127690907,3080.604710375557,1541.0
1542,4842772,3142,-0.999999562929611,-0.000934954858343909,-3.1406576985952355,3082.604710375557,1542.0
1543,4845914,3142,-0.9999984839912246,-0.001741268288487713,-3.139851384421379,3084.604710375557,1543.0
1544,4849055,3141,-0.9999998500747852,-0.0005475859815636563,-3.141045067580864,3086.6040738383194,1544.0
1545,4852197,3142,-0.9999990834772875,-0.0013538997691583717,-3.140238753407008,3088.6040738383194,1545.0
1546,4855338,3141,-0.9999999871652526,-0.00016021702261592166,-3.141432436566492,3090.603437301082,1546.0
1547,4858480,3142,-0.9999995329087588,-0.0009665310466714874,-3.1406261223926357,3092.603437301082,1547.0
1548,4861622,3142,-0.9999984285100568,-0.0017728444423423745,-3.1398198082187814,3094.603437301082,1548.0
1549,4864763,3141,-0.9999998322855711,-0.0005791621791518,-3.1410134913782635,3096.6028007638447,1549.0
1550,4867905,3142,-0.9999990402277463,-0.0013854759421390716,-3.140207177204407,3098.6028007638447,1550.0
1551,4871046,3141,-0.9999999816076793,-0.00019179322472996922,-3.141400860363887,3100.6021642266073,1551.0
1552,4874188,3142,-0.9999995018908506,-0.0009981072340399372,-3.140594546190031,3102.6021642266073,1552.0
1553,4877330,3142,-0.9999983720318341,-0.0018044205944390838,-3.1397882320161736,3104.6021642266073,1553.0
1554,4880471,3141,-0.9999998134993007,-0.0006107383761696041,-3.1409819151756557,3106.60152768937,1554.0
1555,4883613,3142,-0.9999989959811496,-0.0014170521137443033,-3.1401756010017996,3108.60152768937,1555.0
1556,4886754,3141,-0.9999999750530492,-0.0002233694266499021,-3.1413692841612857,3110.6008911521326,1556.0
1557,4889896,3142,-0.9999994698758865,-0.0010296834204103376,-3.1405629699874296,3112.6008911521326,1557.0
1558,4893038,3142,-0.9999983145565563,-0.0018359967447301837,-3.139756655813573,3114.6008911521326,1558.0
1559,4896179,3141,-0.9999997937159737,-0.0006423145725710145,-3.140950338973056,3116.6002546148948,1559.0
1560,4899321,3142,-0.9999989507374971,-0.0014486282839303373,-3.140144024799199,3118.6002546148948,1560.0
1561,4902462,3141,-0.9999999675013628,-0.0002549456283459828,-3.1413377079586855,3120.5996180776574,1561.0
1562,4905604,3142,-0.9999994368638662,-0.0010612596057516127,-3.1405313937848303,3122.5996180776574,1562.0
1563,4908746,3142,-0.9999982560842238,-0.0018675728931897403,-3.139725079610973,3124.5996180776574,1563.0
1564,4911887,3141,-0.9999997729355903,-0.0006738907683331033,-3.1409187627704545,3126.59898154042,1564.0
1565,4915029,3142,-0.9999989044967891,-0.0014802044526730522,-3.140112448596597,3128.59898154042,1565.0
1566,4918170,3141,-0.9999999589526195,-0.00028652182979381095,-3.141306131756079,3130.5983450031827,1566.0
1567,4921312,3142,-0.9999994028547897,-0.0010928357900461413,-3.14049981758222,3132.5983450031827,1567.0
1568,4924454,3142,-0.9999981966148362,-0.001899149039794886,-3.139693503408365,3134.5983450031827,1568.0
1569,4927595,3141,-0.999999751158151,-0.0007054669634288727,-3.1408871865678476,3136.5977084659453,1569.0
1570,4930737,3142,-0.9999988572590257,-0.001511780619945505,-3.1400808723939897,3138.5977084659453,1570.0
1571,4933878,3141,-0.99999994940682,-0.00031809803095565357,-3.141274555553473,3140.597071928708,1571.0
1572,4937020,3142,-0.9999993678486574,-0.001124411973241014,-3.140468241379619,3142.597071928708,1572.0
1573,4940162,3142,-0.9999981361483941,-0.0019307251844993597,-3.1396619272057644,3144.597071928708,1573.0
1574,4943303,3141,-0.9999997283836549,-0.0007370431578138158,-3.1408556103652483,3146.5964353914705,1574.0
1575,4946445,3142,-0.9999988090242068,-0.0015433567857010733,-3.1400492961913917,3148.5964353914705,1575.0
1576,4949586,3141,-0.9999999388639639,-0.00034967423178753666,-3.1412429793508796,3150.595798854233,1576.0
1577,4952728,3142,-0.9999993318454692,-0.001155988155311138,-3.1404366651770226,3152.595798854233,1577.0
1578,4955870,3142,-0.999998074684897,-0.001962301327275154,-3.139630351003168,3154.595798854233,1578.0
1579,4959011,3141,-0.9999997046121026,-0.0007686193514639766,-3.140824034162649,3156.5951623169954,1579.0
1580,4962153,3142,-0.9999987597923325,-0.0015749329499146973,-3.140017719988797,3158.5951623169954,1580.0
1581,4965294,3141,-0.9999999273240513,-0.00038125043227637824,-3.1412114031482807,3160.594525779758,1581.0
1582,4968436,3142,-0.9999992948452251,-0.0011875643362279766,-3.1404050889744264,3162.594525779758,1582.0
1583,4971578,3142,-0.9999980122243456,-0.0019938774680939215,-3.139598774800571,3164.594525779758,1583.0
1584,4974719,3141,-0.9999996798434941,-0.0008001955443407755,-3.1407924579600563,3166.5938892425206,1584.0
1585,4977861,3142,-0.9999987095634031,-0.0016065091125638056,-3.1399861437861962,3168.5938892425206,1585.0
1586,4981002,3141,-0.9999999147870823,-0.0004128266323882884,-3.1411798269456788,3170.5932527052832,1586.0
1587,4984144,3142,-0.9999992568479251,-0.001219140515966605,-3.1403735127718244,3172.5932527052832,1587.0
1588,4987285,3141,-0.9999999996759539,-2.5457658482295478e-05,-3.1415671959313083,3174.592616168046,1588.0
1589,4990427,3142,-0.9999996540778295,-0.0008317717364305402,-3.140760881757453,3176.592616168046,1589.0
1590,4993569,3142,-0.9999986583374182,-0.0016380852736086673,-3.1399545675835983,3178.592616168046,1590.0
1591,4996710,3141,-0.9999999012530566,-0.0004444028320839142,-3.1411482507430817,3180.5919796308085,1591.0
1592,4999852,3142,-0.9999992178535693,-0.0012507166944873951,-3.1403419365692247,3182.5919796308085,1592.0
1593,5002993,3141,-0.9999999983735693,-5.703386105382169e-05,-3.1415356197287085,3184.591343093571,1593.0
1594,5006135,3142,-0.9999996273151086,-0.0008633479276894669,-3.1407293055548515,3186.591343093571,1594.0
1595,5009277,3142,-0.9999986061143782,-0.001669661433024966,-3.1399229913809954,3188.591343093571,1595.0
1596,5012418,3141,-0.9999998867219745,-0.00047597903134233104,-3.1411166745404784,3190.5907065563338,1596.0
1597,5015560,3142,-0.9999991778621575,-0.0012822928717617556,-3.140310360366624,3192.5907065563338,1597.0
1598,5018701,3141,-0.9999999960741283,-8.861006356843804e-05,-3.141504043526109,3194.590070019096,1598.0
1599,5021843,3142,-0.9999995995553312,-0.0008949241180838848,-3.1406977293522536,3196.590070019096,1599.0
1600,5024985,3142,-0.9999985528942829,-0.0017012375907720458,-3.139891415178397,3198.590070019096,1600.0
1601,5028126,3141,-0.9999998711938358,-0.0005075552301197861,-3.1410850983378813,3200.5894334818586,1601.0
1602,5031268,3142,-0.9999991368736901,-0.0013138690477533257,-3.1402787841640283,3202.5894334818586,1602.0
1603,5034409,3141,-0.9999999927776309,-0.00012018626598691558,-3.141472467323517,3204.588796944621,1603.0
1604,5037551,3142,-0.9999995707984979,-0.0009265003075799854,-3.1406661531496614,3206.588796944621,1604.0
1605,5040693,3142,-0.9999984986771323,-0.0017328137468154677,-3.139859838975806,3208.588796944621,1605.0
1606,5043834,3141,-0.999999854668641,-0.0005391314283846062,-3.141053522135291,3210.588160407384,1606.0
1607,5046976,3142,-0.9999990948881671,-0.001345445222428576,-3.1402472079614383,3212.588160407384,1607.0
1608,5050117,3141,-0.9999999884840766,-0.00015176246829095276,-3.1414408911209195,3214.5875238701465,1608.0
1609,5053259,3142,-0.9999995410446085,-0.0009580764961581717,-3.1406345769470634,3216.5875238701465,1609.0
1610,5056401,3142,-0.999998443462927,-0.0017643899011407325,-3.139828262773206,3218.5875238701465,1610.0
1611,5059542,3141,-0.9999998371463896,-0.0005707076261216326,-3.141021945932691,3220.586887332909,1611.0
1612,5062684,3142,-0.9999990519055882,-0.0013770213957768212,-3.140215631758834,3222.586887332909,1612.0
1613,5065825,3141,-0.999999983193466,-0.00018333867044984176,-3.141409314918316,3224.5862507956717,1613.0
1614,5068967,3142,-0.9999995102936627,-0.0009896526837867565,-3.14060300074446,3226.5862507956717,1614.0
1615,5072109,3142,-0.9999983872516666,-0.0017959660537073888,-3.139796686570605,3228.5862507956717,1615.0
1616,5075250,3141,-0.9999998186270816,-0.0006022838232885101,-3.1409903697300923,3230.585614258434,1616.0
1617,5078392,3142,-0.999999007925954,-0.0014085975677451002,-3.140184055556237,3232.585614258434,1617.0
1618,5081533,3141,-0.9999999769057986,-0.00021491487241722505,-3.141377738715722,3234.5849777211965,1618.0
1619,5084675,3142,-0.9999994785456612,-0.0010212288704182166,-3.140571424541867,3236.5849777211965,1619.0
1620,5087817,3142,-0.9999983300433509,-0.0018275422044759723,-3.1397651103680113,3238.5849777211965,1620.0
1621,5090958,3141,-0.9999997991107176,-0.0006338600198535347,-3.1409587935274943,3240.584341183959,1621.0
1622,5094100,3142,-0.999998962949264,-0.0014401737383077837,-3.140152479353641,3242.584341183959,1622.0
1623,5097241,3141,-0.9999999696210747,-0.0002464910741709371,-3.141346162513126,3244.583704646722,1623.0
1624,5100383,3142,-0.9999994458006034,-0.001052805056036149,-3.140539848339269,3246.583704646722,1624.0
1625,5103525,3142,-0.9999982718379807,-0.001859118353428054,-3.139733534165412,3248.583704646722,1625.0
1626,5106666,3141,-0.9999997785972967,-0.0006654362157883843,-3.140927217324895,3250.5830681094844,1626.0
1627,5109808,3142,-0.9999989169755186,-0.0014717499074406225,-3.140120903151039,3252.5830681094844,1627.0
1628,5112949,3141,-0.9999999613392943,-0.0002780672756865739,-3.141314586310523,3254.582431572247,1628.0
1629,5116091,3142,-0.9999994120584895,-0.0010843812406079502,-3.1405082721366675,3256.582431572247,1629.0
1630,5119233,3142,-0.9999982126355556,-0.001890694500521915,-3.139701957962817,3258.582431572247,1630.0
1631,5122374,3141,-0.99999975708682,-0.000697012411053288,-3.140895641122302,3260.5817950350097,1631.0
1632,5125516,3142,-0.9999988700047175,-0.0015033260750971817,-3.1400893269484453,3262.5817950350097,1632.0
1633,5128657,3141,-0.9999999520604574,-0.00030964347691661944,-3.1412830101079288,3264.5811584977723,1633.0
1634,5131799,3142,-0.99999937731932,-0.0011159574240899232,-3.140476695934075,3266.5811584977723,1634.0
1635,5134941,3142,-0.9999981524360756,-0.0019222706457363036,-3.139670381760217,3268.5811584977723,1635.0
1636,5138082,3141,-0.9999997345792867,-0.0007285886056325474,-3.1408640649197,3270.5805219605345,1636.0
1637,5141224,3142,-0.9999988220368612,-0.0015349022412657837,-3.140057750745841,3272.5805219605345,1637.0
1638,5144365,3141,-0.9999999417845641,-0.00034121967784827233,-3.1412514339053237,3274.579885423297,1638.0
1639,5147507,3142,-0.9999993415830942,-0.0011475336064714827,-3.14044511973147,3276.579885423297,1639.0
1640,5150649,3142,-0.9999980912395409,-0.001953846789033065,-3.139638805557617,3278.579885423297,1640.0
1641,5153790,3141,-0.9999997110746971,-0.0007601647994789687,-3.140832488717104,3280.5792488860598,1641.0
1642,5156932,3142,-0.9999987730719493,-0.0015664784058953803,-3.1400261745432454,3282.5792488860598,1642.0
1643,5160073,3141,-0.9999999305116141,-0.00037279587842925483,-3.141219857702729,3284.5786123488224,1643.0
1644,5163215,3142,-0.9999993048498127,-0.0011791097877017845,-3.140413543528872,3286.5786123488224,1644.0
1645,5166357,3142,-0.9999980290459514,-0.0019854229303860067,-3.139607229355014,3288.5786123488224,1645.0
1646,5169498,3141,-0.9999996865730512,-0.0007917409925802976,-3.140800912514495,3290.577975811585,1646.0
1647,5172640,3142,-0.9999987231099821,-0.0015980545689715912,-3.139994598340641,3292.577975811585,1647.0
1648,5175781,3141,-0.9999999182416076,-0.00040437207864590013,-3.141188281500127,3294.5773392743477,1648.0
1649,5178923,3142,-0.9999992671194751,-0.0012106859677557774,-3.1403819673262747,3296.5773392743477,1649.0
1650,5182064,3141,-0.9999999998554473,-1.7003104035166254e-05,-3.1415756504857573,3298.5767027371103,1650.0
1651,5185206,3142,-0.9999996610743491,-0.0008233171848769487,-3.140769336311902,3300.5767027371103,1651.0
1652,5188348,3142,-0.9999986721509595,-0.0016296307304464722,-3.139963022138045,3302.5767027371103,1652.0
1653,5191489,3141,-0.9999999049745447,-0.0004359482784555122,-3.141156705297529,3304.576066199873,1653.0
1654,5194631,3142,-0.9999992283920818,-0.0012422621466086962,-3.1403503911236714,3306.576066199873,1654.0
1655,5197772,3141,-0.9999999988200255,-4.857930661937589e-05,-3.141544074283155,3308.575429662635,1655.0
1656,5200914,3142,-0.9999996345785908,-0.0008548933763588782,-3.1407377601093023,3310.575429662635,1656.0
1657,5204056,3142,-0.9999986201948818,-0.0016612068902985848,-3.139931445935447,3312.575429662635,1657.0
1658,5207197,3141,-0.9999998907104254,-0.00046752447782912434,-3.1411251290949322,3314.5747931253977,1658.0
1659,5210339,3142,-0.9999991886676329,-0.0012738383242139298,-3.140318814921077,3316.5747931253977,1659.0
1660,5213480,3141,-0.9999999967875473,-8.015550914762562e-05,-3.14151249808056,3318.5741565881603,1660.0
1661,5216622,3142,-0.9999996070857762,-0.0008864695669904001,-3.1407061839067008,3320.5741565881603,1661.0
1662,5219764,3142,-0.9999985672417488,-0.0016927830484995902,-3.1398998697328437,3322.5741565881603,1662.0
1663,5222905,3141,-0.9999998754492494,-0.0004991006767423037,-3.14109355289233,3324.573520050923,1663.0
1664,5226047,3142,-0.9999991479461278,-0.001305414500557511,-3.1402872387184746,3326.573520050923,1664.0
1665,5229188,3141,-0.9999999937580122,-0.0001117317115997042,-3.141480921877961,3328.5728835136856,1665.0
1666,5232330,3142,-0.9999995785959054,-0.0009180457567349552,-3.1406746077041023,3330.5728835136856,1666.0
1667,5235472,3142,-0.9999985132915608,-0.0017243592050044123,-3.1398682935302484,3332.5728835136856,1667.0
1668,5238613,3141,-0.9999998591910172,-0.0005306768751522998,-3.1410619766897327,3334.5722469764482,1668.0
1669,5241755,3142,-0.9999991062275674,-0.0013369906755906326,-3.1402556625158806,3336.5722469764482,1669.0
1670,5244896,3141,-0.9999999897314208,-0.00014330791393642913,-3.1414493456753663,3338.571610439211,1670.0
1671,5248038,3142,-0.9999995491089787,-0.0009496219455572671,-3.1406430315015106,3340.571610439211,1671.0
1672,5251180,3142,-0.9999984583443178,-0.0017559353597879784,-3.1398367173276553,3342.571610439211,1672.0
1673,5254321,3141,-0.9999998419357284,-0.0005622530730322597,-3.141030400487137,3344.570973901973,1673.0
1674,5257463,3142,-0.9999990635119509,-0.001368566849298143,-3.1402240863132795,3346.570973901973,1674.0
1675,5260604,3141,-0.9999999847077728,-0.00017488411613507775,-3.1414177694727665,3348.5703373647357,1675.0
1676,5263746,3142,-0.9999995186249957,-0.0009811981334425445,-3.140611455298909,3350.5703373647357,1676.0
1677,5266888,3142,-0.9999984024000197,-0.0017875115128317336,-3.1398051411250516,3352.5703373647357,1677.0
1678,5270029,3141,-0.9999998236833834,-0.000593829270354817,-3.1409988242845377,3354.5697008274983,1678.0
1679,5273171,3142,-0.9999990197992792,-0.001400143021638873,-3.1401925101106802,3356.5697008274983,1679.0
1680,5276312,3141,-0.9999999786870684,-0.0002064603181609502,-3.1413861932701654,3358.569064290261,1680.0
1681,5279454,3142,-0.9999994871439565,-0.0010127743203486924,-3.140579879096309,3360.569064290261,1681.0
1682,5282596,3142,-0.9999983454586665,-0.0018190876640874964,-3.139773564922453,3362.569064290261,1682.0
1683,5285737,3141,-0.9999998044339816,-0.0006254054670863388,-3.1409672480819375,3364.5684277530236,1683.0
1684,5288879,3142,-0.9999989750895516,-0.0014317191925804277,-3.1401609339080845,3366.5684277530236,1684.0
1685,5292020,3141,-0.9999999716693071,-0.00023803651997714154,-3.1413546170675684,3368.567791215786,1685.0
1686,5295162,3142,-0.9999994546658613,-0.0010443505062401517,-3.140548302893713,3370.567791215786,1686.0
1687,5298304,3142,-0.9999982875202583,-0.0018506638135255536,-3.1397419887198588,3372.567791215786,1687.0
1688,5301445,3141,-0.9999997841875239,-0.0006569816631856796,-3.1409356718793457,3374.567154678549,1688.0
1689,5304587,3142,-0.9999989293827686,-0.0014632953620898146,-3.1401293577054936,3376.567154678549,1689.0
1690,5307728,3141,-0.9999999636544895,-0.00026961272154768013,-3.1413230408649793,3378.5665181413115,1690.0
1691,5310870,3142,-0.9999994211907103,-0.0010759266910872886,-3.1405167266911205,3380.5665181413115,1691.0
1692,5314012,3142,-0.9999982285847956,-0.0018822399611176622,-3.1397104125172652,3382.5665181413115,1692.0
1693,5317153,3141,-0.9999997629440096,-0.0006885578586338558,-3.1409040956767504,3384.5658816040736,1693.0
1694,5320295,3142,-0.9999988826789299,-0.0014948715301468737,-3.1400977815028956,3386.5658816040736,1694.0
1695,5323436,3141,-0.9999999546426154,-0.0003011889228606108,-3.141291464662379,3388.5652450668363,1695.0
1696,5326578,3142,-0.9999993867185031,-0.0011075028748655925,-3.140485150488524,3390.5652450668363,1696.0
1697,5329720,3142,-0.9999981686522778,-0.0019138161068381486,-3.139678836314667,3392.5652450668363,1697.0
1698,5332861,3141,-0.999999740703439,-0.0007201340534007398,-3.14087251947415,3394.564608529599,1698.0
1699,5336003,3142,-0.9999988349780359,-0.001526447696717181,-3.140066205300294,3396.564608529599,1699.0
1700,5339144,3141,-0.9999999446336846,-0.0003327651238735941,-3.1412598884597784,3398.5639719923615,1700.0
1701,5342286,3142,-0.9999993512492399,-0.00113907905754782,-3.140453574285919,3400.5639719923615,1701.0
1702,5345428,3142,-0.9999981077227051,-0.001945392250653368,-3.1396472601120653,3402.5639719923615,1702.0
1703,5348569,3141,-0.9999997174658122,-0.000751710247451109,-3.1408409432715474,3404.563335455124,1703.0
1704,5351711,3142,-0.9999987862800865,-0.001558023861765122,-3.140034629097693,3406.563335455124,1704.0
1705,5354852,3141,-0.9999999336276975,-0.0003643413245552259,-3.1412283122571774,3408.562698917887,1705.0
1706,5357994,3142,-0.9999993147829209,-0.0011706552390867773,-3.140421998083322,3410.562698917887,1706.0
1707,5361136,3142,-0.9999980457960782,-0.001976968392524968,-3.1396156839094673,3412.562698917887,1707.0
1708,5364277,3141,-0.9999996932311288,-0.0007832864407469352,-3.1408093670689503,3414.5620623806494,1708.0
1709,5367419,3142,-0.9999987365850818,-0.0015896000252562984,-3.140003052895095,3416.5620623806494,1709.0
1710,5370560,3141,-0.9999999216246538,-0.00039591752487032686,-3.1411967360545794,3418.561425843412,1710.0
1711,5373702,3142,-0.999999277319546,-0.0012022314194591124,-3.140390421880724,3420.561425843412,1711.0
1712,5376843,3141,-0.9999999999634611,-8.548549581759953e-06,-3.1415841050402116,3422.5607893061742,1712.0
1713,5379985,3142,-0.9999996679993893,-0.0008148626332582535,-3.1407777908663568,3424.5607893061742,1713.0
1714,5383127,3142,-0.9999986858930218,-0.0016211761871552524,-3.1399714766925046,3426.5607893061742,1714.0
1715,5386268,3141,-0.9999999086245535,-0.00042749372478186916,-3.1411651598519907,3428.560152768937,1715.0
1716,5389410,3142,-0.9999992388591151,-0.0012338075986217593,-3.1403588456781377,3430.560152768937,1716.0
1717,5392551,3141,-0.9999999991950023,-4.0124752161263074e-05,-3.141552528837621,3432.5595162316995,1717.0
1718,5395693,3142,-0.9999996417705935,-0.0008464388249514767,-3.1407462146637686,3434.5595162316995,1718.0
1719,5398835,3142,-0.9999986342039064,-0.0016527523474416084,-3.1399399004899102,3436.5595162316995,1719.0
1720,5401976,3141,-0.9999998946273967,-0.0004590699242764722,-3.1411335836493923,3438.558879694462,1720.0
1721,5405118,3142,-0.9999991994016284,-0.0012653837765661043,-3.140327269475539,3440.558879694462,1721.0
1722,5408259,3141,-0.9999999974294866,-7.17009547116667e-05,-3.14152095263502,3442.5582431572248,1722.0
1723,5411401,3142,-0.9999996145447416,-0.0008780150158156734,-3.1407146384611657,3444.5582431572248,1723.0
1724,5414543,3142,-0.9999985815177358,-0.00168432850608592,-3.13990832428731,3446.5582431572248,1724.0
1725,5417684,3141,-0.9999998796331837,-0.0004906461233119726,-3.1411020074467952,3448.5576066199874,1725.0
1726,5420826,3142,-0.9999991589470861,-0.001296959953251621,-3.1402956932729373,3450.5576066199874,1726.0
1727,5423967,3141,-0.9999999946669145,-0.00010327715718750683,-3.141489376432422,3452.55697008275,1727.0
1728,5427109,3142,-0.9999995863218336,-0.0009095912057998638,-3.1406830622585673,3454.55697008275,1728.0
1729,5430251,3142,-0.99999852783451,-0.0017159046630482074,-3.1398767480847125,3456.55697008275,1729.0
1730,5433392,3141,-0.9999998636419138,-0.0005222223218606706,-3.141070431244196,3458.556333545512,1730.0
1731,5436534,3142,-0.9999991174954881,-0.0013285361286402002,-3.14026411707034,3460.556333545512,1731.0
1732,5439675,3141,-0.9999999909072856,-0.00013485335955754792,-3.141457800229827,3462.555697008275,1732.0
1733,5442817,3142,-0.9999995571018695,-0.0009411673948765798,-3.1406514860559693,3464.555697008275,1733.0
1734,5445959,3142,-0.9999984731542292,-0.001747480818298522,-3.1398451718821163,3466.555697008275,1734.0
1735,5449100,3141,-0.9999998466535878,-0.0005537985198840169,-3.1410388550416015,3468.5550604710375,1735.0
1736,5452242,3142,-0.9999990750468342,-0.0013601123026985061,-3.140232540867748,3470.5550604710375,1736.0
1737,5455383,3141,-0.9999999861506003,-0.00016642956179445316,-3.1414262240272306,3472.5544239338,1737.0
1738,5458525,3142,-0.9999995268848488,-0.0009727435830115903,-3.140619909853375,3474.5544239338,1738.0
1739,5461667,3142,-0.9999984174768932,-0.0017790569718070185,-3.1398135956795192,3476.5544239338,1739.0
1740,5464808,3141,-0.9999998286682055,-0.000585374717359216,-3.141007278839003,3478.5537873965627,1740.0
1741,5467950,3142,-0.9999990316011248,-0.0013916884754105773,-3.140200964665146,3480.5537873965627,1741.0
1742,5471091,3141,-0.9999999803968586,-0.00019800576386880408,-3.1413946478246304,3482.5531508593253,1742.0
1743,5474233,3142,-0.9999994956707724,-0.0010043197701846585,-3.1405883336507725,3484.5531508593253,1743.0
1744,5477375,3142,-0.9999983608025026,-0.0018106331235467174,-3.1397820194769173,3486.5531508593253,1744.0
1745,5480516,3141,-0.9999998096857665,-0.0006169509142553003,-3.1409757026364,3488.552514322088,1745.0
1746,5483658,3142,-0.9999989871583597,-0.001423264646732989,-3.1401693884625463,3490.552514322088,1746.0
1747,5486799,3141,-0.9999999736460602,-0.00022958196574369345,-3.141363071622033,3492.5518777848506,1747.0
1748,5489941,3142,-0.99999946345964,-0.0010358959563497054,-3.1405567574481768,3494.5518777848506,1748.0
1749,5493083,3142,-0.9999983031310566,-0.0018422092734777023,-3.139750443274319,3496.5518777848506,1749.0
1750,5496224,3141,-0.9999997897062713,-0.0006485271105293929,-3.1409441264338036,3498.551241247613,1750.0
1751,5499366,3142,-0.9999989417185391,-0.0014548408166340577,-3.140137812259949,3500.551241247613,1751.0
1752,5502507,3141,-0.9999999658982053,-0.0002611581673896301,-3.141331495419435,3502.5506047103754,1752.0
1753,5505649,3142,-0.9999994302514512,-0.0010674721414860701,-3.140525181245577,3504.5506047103754,1753.0
1754,5508791,3142,-0.999998244462556,-0.0018737854215723848,-3.13971886707172,3506.5506047103754,1754.0
1755,5511932,3141,-0.9999997687297197,-0.0006801033061591644,-3.1409125502312047,3508.549968173138,1755.0
1756,5515074,3142,-0.9999988952816631,-0.0014864169850867131,-3.140106236057349,3510.549968173138,1756.0
1757,5518215,3141,-0.9999999571532938,-0.00029273436878108,-3.141299919216831,3512.5493316359007,1757.0
1758,5521357,3142,-0.9999993960462068,-0.0010990483255585433,-3.1404936050429764,3514.5493316359007,1758.0
1759,5524499,3142,-0.9999981847970005,-0.0019053615677994229,-3.1396872908691202,3516.5493316359007,1759.0
1760,5527640,3141,-0.9999997467561119,-0.0007116795011156367,-3.1408809740286014,3518.5486950986633,1760.0
1761,5530782,3142,-0.9999988478477314,-0.0015179931520610892,-3.1400746598547453,3520.5486950986633,1761.0
1762,5533923,3141,-0.9999999474113258,-0.0003243105698787598,-3.1412683430142296,3522.548058561426,1762.0
1763,5537065,3142,-0.9999993608439062,-0.0011306245085348128,-3.1404620288403766,3524.548058561426,1763.0
1764,5540207,3142,-0.9999981241343904,-0.0019369377121266661,-3.139655714666521,3526.548058561426,1764.0
1765,5543348,3141,-0.9999997237854477,-0.0007432556953554045,-3.1408493978260053,3528.5474220241886,1765.0
1766,5546490,3142,-0.9999987994167445,-0.0015495693175151559,-3.1400430836521487,3530.5474220241886,1766.0
1767,5549631,3141,-0.9999999366723012,-0.0003558867706483224,-3.1412367668116326,3532.546785486951,1767.0
1768,5552773,3142,-0.9999993246445495,-0.0011622006903846268,-3.1404304526377755,3534.546785486951,1768.0
1769,5555915,3142,-0.9999980624747252,-0.001968513854524619,-3.139624138463919,3536.546785486951,1769.0
1770,5559056,3141,-0.999999699817727,-0.0007748318888625438,-3.1408178216234006,3538.5461489497134,1770.0
1771,5562198,3142,-0.999998749988702,-0.0015811454814339783,-3.1400115074495423,3540.5461489497134,1771.0
1772,5565339,3141,-0.9999999249362201,-0.0003874629710694393,-3.141205190609029,3542.545512412476,1772.0
1773,5568481,3142,-0.9999992874481372,-0.0011937768710781175,-3.1403988764351722,3544.545512412476,1773.0
1774,5571622,3141,-0.9999999999999956,-9.399513679046357e-08,-3.1415925595946566,3546.5448758752386,1774.0
1775,5574764,3142,-0.9999996748529502,-0.0008064080815901425,-3.1407862454208026,3548.5448758752386,1775.0
1776,5577906,3142,-0.9999986995636044,-0.0016127216437632327,-3.139979931246949,3550.5448758752386,1776.0
1777,5581047,3141,-0.9999999122030827,-0.00041903917109575574,-3.141173614406434,3552.5442393380013,1777.0
1778,5584189,3142,-0.999999249254669,-0.0012253530505713331,-3.140367300232579,3554.5442393380013,1778.0
1779,5587330,3141,-0.9999999994984993,-3.16701977241935e-05,-3.141560983392064,3556.543602800764,1779.0
1780,5590472,3142,-0.999999648891117,-0.000837984273511873,-3.140754669218207,3558.543602800764,1780.0
1781,5593614,3142,-0.9999986481414512,-0.0016442978044876506,-3.1399483550443525,3560.543602800764,1781.0
1782,5596755,3141,-0.9999998984728887,-0.0004506153707048015,-3.1411420382038386,3562.5429662635265,1782.0
1783,5599897,3142,-0.9999992100641448,-0.0012569292288444377,-3.1403357240299843,3564.5429662635265,1783.0
1784,5603038,3141,-0.9999999979999465,-6.324640028441043e-05,-3.141529407189467,3566.542329726289,1784.0
1785,5606180,3142,-0.9999996219322279,-0.000869560464598052,-3.1407230930156107,3568.542329726289,1785.0
1786,5609322,3142,-0.9999985957222431,-0.001675873963569779,-3.139916778841759,3570.542329726289,1786.0
1787,5612463,3141,-0.9999998837456383,-0.0004821915698645141,-3.141110462001243,3572.541693189052,1787.0
1788,5615605,3142,-0.9999991698765649,-0.0012885054058666286,-3.1403041478273868,3574.541693189052,1788.0
1789,5618746,3141,-0.9999999955043372,-9.482260278022285e-05,-3.141497830986871,3576.541056651814,1789.0
1790,5621888,3142,-0.9999995939762822,-0.0009011366548157493,-3.1406915168130167,3578.541056651814,1790.0
1791,5625030,3142,-0.9999985423059797,-0.0017074501209865017,-3.1398852026391597,3580.541056651814,1791.0
1792,5628171,3141,-0.9999998680213313,-0.0005137677685445389,-3.1410788857986467,3582.5404201145766,1792.0
1793,5631313,3142,-0.9999991286919294,-0.0013200815816028057,-3.140272571624791,3584.5404201145766,1793.0
1794,5634454,3141,-0.9999999920116709,-0.0001263988051813028,-3.1414662547842753,3586.539783577339,1794.0
1795,5637596,3142,-0.9999995650232807,-0.0009327128441364352,-3.1406599406104205,3588.539783577339,1795.0
1796,5640738,3142,-0.9999984878926613,-0.0017390262766966544,-3.1398536264365644,3590.539783577339,1796.0
1797,5643879,3141,-0.999999851299968,-0.0005453439667133509,-3.141047309596049,3592.539147040102,1797.0
1798,5647021,3142,-0.9999990865102382,-0.0013516577560249653,-3.140240995422193,3594.539147040102,1798.0
1799,5650162,3141,-0.9999999875219484,-0.00015797500745883287,-3.1414346785816774,3596.5385105028645,1799.0
1800,5653304,3142,-0.9999995350732228,-0.0009642890325279402,-3.140628364407824,3598.5385105028645,1800.0
1801,5656446,3142,-0.9999984324822877,-0.00177060243067493,-3.1398220502339673,3600.5385105028645,1801.0
1802,5659587,3141,-0.9999998335815481,-0.0005769201643403239,-3.1410157333934494,3602.537873965627,1802.0
1803,5662729,3142,-0.9999990433314911,-0.0013832339290991457,-3.140209419219595,3604.537873965627,1803.0
1804,5665870,3141,-0.9999999820351695,-0.00018955120957913973,-3.141403102379079,3606.5372374283897,1804.0
1805,5669012,3142,-0.9999995041261088,-0.000995865219963967,-3.1405967882052215,3608.5372374283897,1805.0
1806,5672154,3142,-0.9999983760748592,-0.0018021785828911659,-3.139790474031367,3610.5372374283897,1806.0
1807,5675295,3141,-0.9999998148660719,-0.0006084963613891188,-3.140984157190853,3612.536600891152,1807.0
1808,5678437,3142,-0.9999989991556886,-0.001414810100794361,-3.140177843016997,3614.536600891152,1808.0
1809,5681578,3141,-0.9999999755513336,-0.00022112741150808336,-3.141371526176483,3616.5359643539146,1809.0
1810,5684720,3142,-0.999999472181939,-0.0010274414063987398,-3.140565212002627,3618.5359643539146,1810.0
1811,5687862,3142,-0.9999983186703756,-0.0018337547333062165,-3.139758897828771,3620.5359643539146,1811.0
1812,5691003,3141,-0.9999997951535393,-0.0006400725578353773,-3.140952580988252,3622.535327816677,1812.0
1813,5694145,3142,-0.9999989539828303,-0.0014463862710824328,-3.1401462668143956,3624.535327816677,1813.0
1814,5697286,3141,-0.9999999680704413,-0.00025270361322160686,-3.141339949973882,3626.53469127944,1814.0
1815,5700428,3142,-0.999999439240713,-0.0010590175918123396,-3.1405336358000295,3628.53469127944,1815.0
1816,5703570,3142,-0.9999982602688371,-0.0018653308818956564,-3.139727321626172,3630.53469127944,1816.0
1817,5706711,3141,-0.9999997744439505,-0.0006716487536406636,-3.1409210047856546,3632.5340547422024,1817.0
1818,5709853,3142,-0.9999989078129167,-0.0014779624399221026,-3.1401146906118003,3634.5340547422024,1818.0
1819,5712994,3141,-0.9999999595924927,-0.0002842798146805069,-3.1413083737712837,3636.533418204965,1819.0
1820,5716136,3142,-0.9999994053024309,-0.0010905937761749149,-3.140502059597427,3638.533418204965,1820.0
1821,5719278,3142,-0.9999982008702439,-0.0018969070286279266,-3.1396957454235705,3640.533418204965,1821.0
1822,5722419,3141,-0.9999997527373052,-0.0007032249487787045,-3.140889428583054,3642.5327816677277,1822.0
1823,5725561,3142,-0.9999988606459475,-0.0015095386072953526,-3.140083114409198,3644.5327816677277,1823.0
1824,5728702,3141,-0.9999999501174873,-0.0003158560158621197,-3.141276797568679,3646.5321451304903,1824.0
1825,5731844,3142,-0.9999993703670929,-0.0011221699594528135,-3.140470483394822,3648.5321451304903,1825.0
1826,5734986,3142,-0.9999981404745959,-0.001928483173470581,-3.1396641692209672,3650.5321451304903,1826.0
1827,5738127,3141,-0.9999997300336035,-0.0007348011432189731,-3.1408578523804502,3652.5315085932525,1827.0
1828,5741269,3142,-0.9999988124819228,-0.0015411147731621618,-3.1400515382065968,3654.5315085932525,1828.0
1829,5744410,3141,-0.9999999396454254,-0.0003474322167236316,-3.1412452213660798,3656.530872056015,1829.0
1830,5747552,3142,-0.9999993344346989,-0.0011537461416040742,-3.1404389071922245,3658.530872056015,1830.0
1831,5750694,3142,-0.9999980790818932,-0.0019600593163826637,-3.139632593018372,3660.530872056015,1831.0
1832,5753835,3141,-0.9999997063328456,-0.0007663773369162947,-3.140826276177857,3662.5302355187778,1832.0
1833,5756977,3142,-0.9999987633208429,-0.0015726909374875915,-3.1400199620040006,3664.5302355187778,1833.0
1834,5760118,3141,-0.9999999281763072,-0.00037900841723820423,-3.141213645163481,3666.5295989815404,1834.0
1835,5763260,3142,-0.9999992975052491,-0.0011853223226054841,-3.140407330989627,3668.5295989815404,1835.0
1836,5766402,3142,-0.9999980166921358,-0.0019916354573464926,-3.1396010168157704,3670.5295989815404,1836.0
1837,5769543,3141,-0.9999996816350313,-0.0007979535298578716,-3.140794699975255,3672.528962444303,1837.0
1838,5772685,3142,-0.9999987131627075,-0.0016042671002476,-3.1399883858014017,3674.528962444303,1838.0
1839,5775826,3141,-0.9999999157101325,-0.0004105846173663173,-3.141182068960891,3676.5283259070657,1839.0
1840,5778968,3142,-0.9999992595787432,-0.0012168985024165265,-3.1403757547870375,3678.5283259070657,1840.0
1841,5782109,3141,-0.999999999730517,-2.3215643269726413e-05,-3.1415694379465213,3680.5276893698283,1841.0
1842,5785251,3142,-0.9999996559401609,-0.0008295297219926476,-3.1407631237726648,3682.5276893698283,1842.0
1843,5788393,3142,-0.9999986620075169,-0.0016358432614006207,-3.1399568095988104,3684.5276893698283,1843.0
1844,5791534,3141,-0.9999999022469012,-0.0004421608170908781,-3.1411504927582947,3686.527052832591,1844.0
1845,5794676,3142,-0.9999992206551817,-0.001248474681018852,-3.1403441785844435,3688.527052832591,1845.0
1846,5797817,3141,-0.9999999984989268,-5.4791845841681755e-05,-3.1415378617439242,3690.526416295353,1846.0
1847,5800959,3142,-0.9999996292482344,-0.0008611059133041227,-3.1407315475700703,3692.526416295353,1847.0
1848,5804101,3142,-0.9999986098552712,-0.0016674194209270236,-3.139925233396214,3694.526416295353,1848.0
1849,5807242,3141,-0.9999998877866133,-0.0004737370163710944,-3.141118916555702,3696.5257797581157,1849.0
1850,5810384,3142,-0.9999991807345644,-0.0012800508583790178,-3.140312602381847,3698.5257797581157,1850.0
1851,5813525,3141,-0.99999999627028,-8.636804835413187e-05,-3.1415062855413316,3700.5251432208784,1851.0
1852,5816667,3142,-0.9999996015592514,-0.0008926821037587405,-3.140699971367474,3702.5251432208784,1852.0
1853,5819809,3142,-0.9999985567059702,-0.0016989955787893012,-3.1398936571936202,3704.5251432208784,1853.0
1854,5822950,3141,-0.9999998723292691,-0.0005053132151860538,-3.1410873403531028,3706.524506683641,1854.0
1855,5826092,3142,-0.9999991398168913,-0.0013116270344667475,-3.1402810261792466,3708.524506683641,1855.0
1856,5829233,3141,-0.9999999930445768,-0.00011794425078654048,-3.141474709338733,3710.5238701464036,1856.0
1857,5832375,3142,-0.9999995728732123,-0.0009242582933236881,-3.1406683951648775,3712.5238701464036,1857.0
1858,5835517,3142,-0.999998502559614,-0.0017305717349595923,-3.1398620809910236,3714.5238701464036,1858.0
1859,5838658,3141,-0.9999998558748684,-0.0005368894134906514,-3.1410557641505097,3716.5232336091663,1859.0
1860,5841800,3142,-0.9999990979021623,-0.0013432032092390914,-3.1402494499766536,3718.5232336091663,1860.0
1861,5844941,3141,-0.9999999888218168,-0.00014952045309604028,-3.14144313313614,3720.522597071929,1861.0
1862,5848083,3142,-0.9999995431901173,-0.0009558344819620241,-3.140636818962286,3722.522597071929,1862.0
1863,5851225,3142,-0.9999984474162026,-0.001762147889399397,-3.1398305047884327,3724.522597071929,1863.0
1864,5854366,3141,-0.9999998384234113,-0.000568465611260846,-3.1410241879479153,3726.521960534691,1864.0
1865,5857508,3142,-0.9999990549903781,-0.0013747793826729697,-3.14021787377406,3728.521960534691,1865.0
1866,5860649,3141,-0.9999999836020005,-0.00018109665526114588,-3.141411556933542,3730.5213239974537,1866.0
1867,5863791,3142,-0.9999995125099659,-0.0009874106696566767,-3.1406052427596856,3732.5213239974537,1867.0
1868,5866933,3142,-0.9999983912757364,-0.0017937240420926109,-3.1397989285858308,3734.5213239974537,1868.0
1869,5870074,3141,-0.999999819974898,-0.0006000418084699786,-3.1409926117453155,3736.5206874602163,1869.0
1870,5873216,3142,-0.9999990110815379,-0.0014063555547422291,-3.1401862975714603,3738.5206874602163,1870.0
1871,5876357,3141,-0.9999999773851277,-0.00021267285724440517,-3.1413799807309455,3740.520050922979,1871.0
1872,5879499,3142,-0.9999994808327584,-0.0010189868563613602,-3.1405736665570902,3742.520050922979,1872.0
1873,5882641,3142,-0.9999983341382152,-0.0018253001929921405,-3.1397673523832346,3744.520050922979,1873.0
1874,5885782,3141,-0.9999998005293279,-0.000631618005076699,-3.14096103554272,3746.5194143857416,1874.0
1875,5888924,3142,-0.9999989661756421,-0.0014379317254056732,-3.1401547213688645,3748.5194143857416,1875.0
1876,5892065,3141,-0.999999970171198,-0.0002442490590170774,-3.1413484045283475,3750.518777848504,1876.0
1877,5895207,3142,-0.999999448158495,-0.0010505630420506971,-3.1405420903544945,3752.518777848504,1877.0
1878,5898349,3142,-0.9999982760036391,-0.0018568763420740496,-3.1397357761806357,3754.518777848504,1878.0
1879,5901490,3141,-0.9999997800867018,-0.0006631942010608652,-3.1409294593401174,3756.518141311267,1879.0
1880,5904632,3142,-0.999998920272691,-0.001469507894641513,-3.140123145166262,3758.518141311267,1880.0
1881,5907773,3141,-0.9999999619602121,-0.0002758252605512214,-3.1413168283257447,3760.5175047740295,1881.0
1882,5910915,3142,-0.9999994144871756,-0.0010821392267042014,-3.1405105141518868,3762.5175047740295,1882.0
1883,5914057,3142,-0.9999982168720081,-0.0018884524893136199,-3.139704199978028,3764.5175047740295,1883.0
1884,5917198,3141,-0.9999997586470191,-0.0006947703963867798,-3.1408978831375114,3766.5168682367917,1884.0
1885,5920340,3142,-0.9999988733726842,-0.0015010840624164628,-3.1400915689636557,3768.5168682367917,1885.0
1886,5923481,3141,-0.9999999527521696,-0.0003074014618106828,-3.1412852521231414,3770.5162316995543,1886.0
1887,5926623,3142,-0.9999993798188003,-0.0011137154102714294,-3.1404789379492866,3772.5162316995543,1887.0
1888,5929765,3142,-0.9999981567433222,-0.001920028634658309,-3.139672623775432,3774.5162316995543,1888.0
1889,5932906,3141,-0.9999997362102802,-0.0007263465910096721,-3.140866306934916,3776.515595162317,1889.0
1890,5936048,3142,-0.9999988254756218,-0.0015326602286827118,-3.1400599927610613,3778.515595162317,1890.0
1891,5939189,3141,-0.9999999425470704,-0.00033897766275429,-3.1412536759205474,3780.5149586250795,1891.0
1892,5942331,3142,-0.9999993441533689,-0.001145291592724961,-3.1404473617466895,3782.5149586250795,1892.0
1893,5945473,3142,-0.9999980956175818,-0.001951604778091517,-3.1396410475728334,3784.5149586250795,1893.0
1894,5948614,3141,-0.9999997127764848,-0.0007579227849090718,-3.14083473073232,3786.514322087842,1894.0
1895,5951756,3142,-0.9999987765815043,-0.001564236393420485,-3.1400284165584673,3788.514322087842,1895.0
1896,5954897,3141,-0.9999999313449149,-0.00037055386335941003,-3.141222099717954,3790.513685550605,1896.0
1897,5958039,3142,-0.9999993074908814,-0.001176867774033594,-3.1404157855440955,3792.513685550605,1897.0
1898,5961181,3142,-0.9999980334947866,-0.001983180919573078,-3.1396094713702407,3794.513685550605,1898.0
1899,5964322,3141,-0.9999996883456332,-0.0007894989780522169,-3.140803154529724,3796.5130490133674,1899.0
1900,5967464,3142,-0.9999987266903314,-0.0015958125566028014,-3.139996840355869,3798.5130490133674,1900.0
1901,5970605,3141,-0.9999999191457029,-0.0004021300636042976,-3.141190523515351,3800.51241247613,1901.0
1902,5973747,3142,-0.9999992698313382,-0.001208443954174387,-3.140384209341496,3802.51241247613,1902.0
1903,5976888,3141,-0.9999999998910551,-1.476108881404849e-05,-3.1415778925009787,3804.5117759388922,1903.0
1904,5980030,3142,-0.9999996629177255,-0.0008210751704144584,-3.140771578327122,3806.5117759388922,1904.0
1905,5983172,3142,-0.9999986758021032,-0.0016273887181959853,-3.1399652641532687,3808.5117759388922,1905.0
1906,5986313,3141,-0.999999905949434,-0.00043370626344510054,-3.1411589473127512,3810.511139401655,1906.0
1907,5989455,3142,-0.9999992311747392,-0.0012400201331130383,-3.140352633138894,3812.511139401655,1907.0
1908,5992596,3141,-0.9999999989264278,-4.633729139878353e-05,-3.1415463162983777,3814.5105028644175,1908.0
1909,5995738,3142,-0.9999996364927615,-0.0008526513619568277,-3.1407400021245215,3816.5105028644175,1909.0
1910,5998880,3142,-0.9999986239168196,-0.0016589648781677004,-3.139933687950667,3818.5105028644175,1910.0
1911,6002021,3141,-0.999999891756109,-0.00046528246285512914,-3.14112737111015,3820.50986632718,1911.0
1912,6005163,3142,-0.9999991915210844,-0.0012715963108115573,-3.1403210569362954,3822.50986632718,1912.0
1913,6008304,3141,-0.9999999969647438,-7.791349393689557e-05,-3.1415147400957775,3824.5092297899428,1913.0
1914,6011446,3142,-0.9999996090707413,-0.0008842275526475169,-3.1407084259219222,3826.5092297899428,1914.0
1915,6014588,3142,-0.999998571034481,-0.0016905410364857403,-3.139902111748065,3828.5092297899428,1915.0
1916,6017729,3141,-0.9999998765657276,-0.0004968586618014683,-3.1410957949075486,3830.5085932527054,1916.0
1917,6020871,3142,-0.9999991508703737,-0.0013031724872443599,-3.1402894807336947,3832.5085932527054,1917.0
1918,6024012,3141,-0.9999999940060031,-0.00010948969639654925,-3.1414831638931777,3834.507956715468,1918.0
1919,6027154,3142,-0.9999995806516646,-0.0009158037424558873,-3.140676849719324,3836.507956715468,1919.0
1920,6030296,3142,-0.9999985171550873,-0.0017221171931159785,-3.139870535545466,3838.507956715468,1920.0
1921,6033437,3141,-0.9999998603782895,-0.0005284348602510415,-3.1410642187049485,3840.50732017823,1921.0
1922,6036579,3142,-0.9999991092226074,-0.0013347486623815684,-3.14025790453109,3842.50732017823,1922.0
1923,6039720,3141,-0.999999990050206,-0.00014106589875094515,-3.1414515876905744,3844.506683640993,1923.0
1924,6042862,3142,-0.9999995512355322,-0.0009473799313575612,-3.1406452735167187,3846.506683640993,1924.0
1925,6046004,3142,-0.9999984622786383,-0.001753693348030557,-3.139838959342865,3848.506683640993,1925.0
1926,6049145,3141,-0.9999998431937952,-0.000560011058175301,-3.141032642502347,3850.5060471037555,1926.0
1927,6052287,3142,-0.9999990665777855,-0.0013663248361839575,-3.14022632832849,3852.5060471037555,1927.0
1928,6055428,3141,-0.9999999850973524,-0.00017264210096024643,-3.1414200114879756,3854.505410566518,1928.0
1929,6058570,3142,-0.9999995208223436,-0.0009789561193079654,-3.1406136973141208,3856.505410566518,1929.0
1930,6061712,3142,-0.9999984064051344,-0.0017852695011909363,-3.1398073831402695,3858.505410566518,1930.0
1931,6064853,3141,-0.9999998250122442,-0.000591587255535,-3.141001066299751,3860.5047740292807,1931.0
1932,6067995,3142,-0.9999990229359076,-0.0013979010086185698,-3.140194752125895,3862.5047740292807,1932.0
1933,6071136,3141,-0.9999999791474421,-0.0002042183029939613,-3.14138843528538,3864.5041374920434,1933.0
1934,6074278,3142,-0.9999994894120987,-0.001010532306283899,-3.1405821211115206,3866.5041374920434,1934.0
1935,6077420,3142,-0.9999983495345754,-0.0018168456525799316,-3.139775806937666,3868.5041374920434,1935.0
1936,6080561,3141,-0.999999805833637,-0.0006231634523110351,-3.1409694900971497,3870.503500954806,1936.0
1937,6083703,3142,-0.9999989782969744,-0.001429477179661587,-3.1401631759232975,3872.503500954806,1937.0
1938,6086844,3141,-0.9999999722004754,-0.0002357945048243774,-3.141356859082784,3874.5028644175686,1938.0
1939,6089986,3142,-0.9999994570047979,-0.0010421084922459763,-3.140550544908927,3876.5028644175686,1939.0
1940,6093128,3142,-0.9999982916669615,-0.0018484218021467312,-3.1397442307350723,3878.5028644175686,1940.0
1941,6096269,3141,-0.9999997856579733,-0.0006547396484590165,-3.140937913894555,3880.502227880331,1941.0
1942,6099411,3142,-0.9999989326609856,-0.0014610533492827738,-3.1401315997206973,3882.502227880331,1942.0
1943,6102552,3141,-0.9999999642564521,-0.0002673707064266468,-3.141325282880181,3884.5015913430934,1943.0
1944,6105694,3142,-0.9999994236004409,-0.0010736846771760263,-3.140518968706327,3886.5015913430934,1944.0
1945,6108836,3142,-0.9999982328022928,-0.0018799979498765817,-3.1397126545324734,3888.5015913430934,1945.0
1946,6111977,3141,-0.9999997644852535,-0.0006863158439566006,-3.1409063376919573,3890.500954805856,1946.0
1947,6115119,3142,-0.9999988860279414,-0.0014926295174381781,-3.1401000235181056,3892.500954805856,1947.0
1948,6118260,3141,-0.9999999553153723,-0.00029894690774970984,-3.141293706677591,3894.5003182686187,1948.0
1949,6121402,3142,-0.9999993891990281,-0.00110526086102648,-3.140487392503735,3896.5003182686187,1949.0
1950,6124544,3142,-0.9999981729405693,-0.001911574095727208,-3.1396810783298785,3898.5003182686187,1950.0
1951,6127685,3141,-0.9999997423154772,-0.0007178920387695812,-3.1408747614893606,3900.4996817313813,1951.0
1952,6130827,3142,-0.9999988383978415,-0.001524205684116378,-3.140068447315503,3902.4996817313813,1952.0
1953,6133968,3141,-0.9999999453772357,-0.0003305231087881308,-3.141262130474987,3904.499045194144,1953.0
1954,6137110,3142,-0.9999993538005593,-0.0011368370437867298,-3.140455816301132,3906.499045194144,1954.0
1955,6140252,3142,-0.9999981120817909,-0.0019431502396795646,-3.1396495021272766,3908.499045194144,1955.0
1956,6143393,3141,-0.9999997191486446,-0.0007494682328675299,-3.1408431852867627,3910.4984086569066,1956.0
1957,6146535,3142,-0.9999987897706866,-0.0015557818492672583,-3.140036871112908,3912.4984086569066,1957.0
1958,6149676,3141,-0.9999999344420428,-0.00036209930948859887,-3.1412305542723917,3914.497772119669,1958.0
1959,6152818,3142,-0.9999993174050344,-0.0011684132254072012,-3.140424240098535,3916.497772119669,1959.0
1960,6155960,3142,-0.999998050225958,-0.0019747263816881494,-3.139617925924681,3918.497772119669,1960.0
1961,6159101,3141,-0.9999996949847557,-0.0007810444262200129,-3.140811609084163,3920.4971355824314,1961.0
1962,6162243,3142,-0.9999987401464759,-0.0015873580128745002,-3.1400052949103054,3922.4971355824314,1962.0
1963,6165384,3141,-0.9999999225097935,-0.000393675509834212,-3.14119897806979,3924.496499045194,1963.0
1964,6168526,3142,-0.9999992800124538,-0.0011999894058662129,-3.1403926638959345,3926.496499045194,1964.0
1965,6171667,3141,-0.9999999999801137,-6.306534374942354e-06,-3.1415863470554184,3928.4958625079566,1965.0
1966,6174809,3142,-0.9999996698238105,-0.0008126206187943106,-3.1407800328815627,3930.4958625079566,1966.0
1967,6177951,3142,-0.9999986895252101,-0.001618934174895501,-3.1399737187077066,3932.4958625079566,1967.0
1968,6181092,3141,-0.9999999095804876,-0.00042525170978679935,-3.1411674018671896,3934.4952259707193,1968.0
1969,6184234,3142,-0.9999992416228172,-0.0012315655851286229,-3.1403610876933343,3936.4952259707193,1969.0
1970,6187375,3141,-0.9999999992824492,-3.78827369635805e-05,-3.1415547708528204,3938.494589433482,1970.0
1971,6190517,3142,-0.9999996436658091,-0.0008441968105557329,-3.1407484566789656,3940.494589433482,1971.0
1972,6193659,3142,-0.9999986379068889,-0.001650510335300616,-3.1399421425051095,3942.494589433482,1972.0
1973,6196800,3141,-0.9999998956541252,-0.00045682790931046865,-3.1411358256645934,3944.4939528962445,1973.0
1974,6199942,3142,-0.9999992022361249,-0.001263141763157055,-3.14032951149074,3946.4939528962445,1974.0
1975,6203083,3141,-0.9999999975877277,-6.94589395132525e-05,-3.1415231946502242,3948.493316359007,1975.0
1976,6206225,3142,-0.9999996165107514,-0.0008757730014732384,-3.1407168804763703,3950.493316359007,1976.0
1977,6209367,3142,-0.9999985852915124,-0.0016820864940578024,-3.139910566302514,3952.493316359007,1977.0
1978,6212508,3141,-0.9999998807307063,-0.0004884041083782429,-3.1411042494619976,3954.49267982177,1978.0
1979,6215650,3142,-0.9999991618523768,-0.0012947179399280448,-3.1402979352881433,3956.49267982177,1979.0
1980,6218791,3141,-0.9999999948959499,-0.0001010351419913528,-3.14149161844763,3958.492043284532,1980.0
1981,6221933,3142,-0.9999995883586376,-0.000907349191519222,-3.1406853042737732,3960.492043284532,1981.0
1982,6225075,3142,-0.999998531679081,-0.001713662651140827,-3.1398789900999162,3962.492043284532,1982.0
1983,6228216,3141,-0.999999864810231,-0.0005199803069601528,-3.141072673259401,3964.4914067472946,1983.0
1984,6231358,3142,-0.999999120471573,-0.0013262941154047877,-3.1402663590855506,3966.4914067472946,1984.0
1985,6234499,3141,-0.9999999912071156,-0.00013261134436990353,-3.1414600422450345,3968.4907702100572,1985.0
1986,6237641,3142,-0.9999995592094676,-0.0009389253806541811,-3.1406537280711824,3970.4907702100572,1986.0
1987,6240783,3142,-0.9999984770695945,-0.0017452388065057587,-3.139847413897328,3972.4907702100572,1987.0
1988,6243924,3141,-0.9999998478926995,-0.000551556505019729,-3.1410410970568083,3974.49013367282,1988.0
1989,6247066,3142,-0.9999990780937136,-0.001357870289563415,-3.140234782882953,3976.49013367282,1989.0
1990,6250207,3141,-0.9999999865212247,-0.00016418754661685155,-3.1414284660424387,3978.4894971355825,1990.0
1991,6253349,3142,-0.9999995290632415,-0.0009705015688622565,-3.1406221518685826,3980.4894971355825,1991.0
1992,6256491,3142,-0.9999984214630528,-0.0017768149601426757,-3.1398158376947274,3982.4894971355825,1992.0
1993,6259632,3141,-0.9999998299781111,-0.0005831327025334206,-3.1410095208542113,3984.488860598345,1993.0
1994,6262774,3142,-0.9999990347187983,-0.0013894464623688259,-3.1402032066803556,3986.488860598345,1994.0
1995,6265915,3141,-0.9999999808382772,-0.00019576374870337174,-3.1413968898398394,3988.4882240611078,1995.0
1996,6269057,3142,-0.9999994979199595,-0.0010020777561032224,-3.1405905756659824,3990.4882240611078,1996.0
1997,6272199,3142,-0.9999983648594561,-0.001808391112006013,-3.1397842614921285,3992.4882240611078,1997.0
1998,6275340,3141,-0.9999998110664667,-0.0006147088994672464,-3.140977944651613,3994.48758752387,1998.0
1999,6278482,3142,-0.9999989903468274,-0.0014210226337897113,-3.1401716304777567,3996.48758752387,1999.0
2000,6281623,3141,-0.9999999741582732,-0.00022733995059501125,-3.14136531363724,3998.4869509866326,2000.0
2001,6284765,3142,-0.9999994657796212,-0.001033653942344775,-3.1405589994633822,4000.4869509866326,2001.0
2002,6287907,3142,-0.9999983072588046,-0.00183996726207167,-3.139752685289525,4002.4869509866326,2002.0
2003,6291048,3141,-0.9999997911577656,-0.0006462850957928583,-3.14094636844901,4004.486314449395,2003.0
2004,6294190,3142,-0.9999989449778011,-0.001452598803798506,-3.140140054275153,4006.486314449395,2004.0
2005,6297331,3141,-0.9999999664812125,-0.00025891615226236937,-3.141333737434638,4008.485677912158,2005.0
2006,6300473,3142,-0.9999994326422269,-0.00106523012755361,-3.1405274232607843,4010.485677912158,2006.0
2007,6303615,3142,-0.9999982486610982,-0.0018715434102948134,-3.1397211090869286,4012.485677912158,2007.0
2008,6306756,3141,-0.9999997702520084,-0.000677861291466506,-3.1409147922464142,4014.4850413749205,2008.0
2009,6309898,3142,-0.9999988986117191,-0.0014841749723495965,-3.140108478072559,4016.4850413749205,2009.0
2010,6313039,3141,-0.9999999578070953,-0.0002904923536660723,-3.1413021612320415,4018.484404837683,2010.0
2011,6316181,3142,-0.9999993985077764,-0.0010968063117017955,-3.1404958470581845,4020.484404837683,2011.0
2012,6319323,3142,-0.9999981890663369,-0.0019031195566567968,-3.139689532884328,4022.484404837683,2012.0
2013,6322464,3141,-0.9999997483491948,-0.0007094374864724136,-3.1408832160438105,4024.4837683004457,2013.0
2014,6325606,3142,-0.9999988512485818,-0.0015157511394314398,-3.1400769018699544,4026.4837683004457,2014.0
2015,6328747,3141,-0.9999999481359216,-0.00032206855478599786,-3.141270585029439,4028.4831317632083,2015.0
2016,6331889,3142,-0.99999936337627,-0.0011283824947567911,-3.1404642708555848,4030.4831317632083,2016.0
2017,6335031,3142,-0.9999981284745207,-0.0019346957011189118,-3.1396579566817295,4032.4831317632083,2017.0
2018,6338172,3141,-0.9999997254493247,-0.0007410136807655999,-3.1408516398412125,4034.4824952259705,2018.0
2019,6341314,3142,-0.9999988028883892,-0.0015473273049950971,-3.140045325667357,4036.4824952259705,2019.0
2020,6344455,3141,-0.9999999374676916,-0.00035364475558271013,-3.141239008826839,4038.481858688733,2020.0
2021,6347597,3142,-0.999999327247708,-0.0011599586766876762,-3.1404326946529837,4040.481858688733,2021.0
2022,6350739,3142,-0.9999980668856501,-0.0019662718436538034,-3.139626380479129,4042.481858688733,2022.0
2023,6353880,3141,-0.9999997015523985,-0.0007725898743209108,-3.140820063638613,4044.481222151496,2023.0
2024,6357022,3142,-0.999998753531141,-0.0015789034690191833,-3.1400137494647558,4046.481222151496,2024.0
2025,6360163,3141,-0.9999999258024047,-0.00038522095602777423,-3.141207432624238,4048.4805856142584,2025.0
2026,6363305,3142,-0.9999992901220898,-0.0011915348574616353,-3.1404011184503835,4050.4805856142584,2026.0
2027,6366447,3142,-0.9999980042997246,-0.0019978479842297637,-3.1395948042765274,4052.4805856142584,2027.0
2028,6369588,3141,-0.9999996766584162,-0.0008041660671083333,-3.1407884874360112,4054.479949077021,2028.0
2029,6372730,3142,-0.9999987031768375,-0.0016104796314688867,-3.1399821732621547,4056.479949077021,2029.0
2030,6375871,3141,-0.9999999131400615,-0.00041679715608670227,-3.141175856421639,4058.4793125397837,2030.0
2031,6379013,3142,-0.9999992519994158,-0.0012231110370453844,-3.140369542247785,4060.4793125397837,2031.0
2032,6382154,3141,-0.999999999566991,-2.9428182519389908e-05,-3.1415632254072694,4062.4786760025463,2032.0
2033,6385296,3142,-0.9999996507673773,-0.0008357422590920598,-3.1407569112334115,4064.4786760025463,2033.0
2034,6388438,3142,-0.9999986518254788,-0.0016420557923111068,-3.139950597059556,4066.4786760025463,2034.0
2035,6391579,3141,-0.9999998994806619,-0.00044837335573217436,-3.1411442802190375,4068.478039465309,2035.0
2036,6394721,3142,-0.9999992128796859,-0.0012546872154166658,-3.14033796604518,4070.478039465309,2036.0
2037,6397862,3141,-0.9999999981392325,-6.100438508965237e-05,-3.1415316492046657,4072.477402928071,2037.0
2038,6401004,3142,-0.9999996238792823,-0.0008673184502437238,-3.140725335030811,4074.477402928071,2038.0
2039,6404146,3142,-0.9999985994770648,-0.0016736319515157974,-3.139919020856957,4076.477402928071,2039.0
2040,6407287,3141,-0.9999998848242059,-0.0004799495549256389,-3.1411127040164413,4078.4767663908337,2040.0
2041,6410429,3142,-0.9999991727629003,-0.0012862633925251827,-3.1403063898425865,4080.4767663908337,2041.0
2042,6413570,3141,-0.9999999957144173,-9.25805875888889e-05,-3.141500073002072,4082.4761298535964,2042.0
2043,6416712,3142,-0.999999595994131,-0.0008988946405220802,-3.140693758828218,4084.4761298535964,2043.0
2044,6419854,3142,-0.9999985461315956,-0.0017052081090473058,-3.1398874446543625,4086.4761298535964,2044.0
2045,6422995,3141,-0.9999998691706932,-0.0005115257536394002,-3.1410811278138464,4088.475493316359,2045.0
2046,6426137,3142,-0.9999991316490592,-0.0013178395683565449,-3.1402748136399876,4090.475493316359,2046.0
2047,6429278,3141,-0.9999999922925457,-0.00012415679000048175,-3.1414684967994737,4092.4748567791216,2047.0
2048,6432420,3142,-0.9999995671119237,-0.000930470829910994,-3.140662182625619,4094.4748567791216,2048.0
2049,6435562,3142,-0.9999984917890713,-0.0017367842648865776,-3.1398558684517606,4096.474856779121,2049.0
2050,6438703,3141,-0.999999852520124,-0.0005431019518508473,-3.1410495516112436,4098.474220241884,2050.0
2051,6441845,3142,-0.999999089538162,-0.0013494157428723386,-3.14024323743739,4100.474220241884,2051.0
2052,6444986,3141,-0.9999999878736174,-0.0001557329922887542,-3.141436920596875,4102.473583704646,2052.0
2053,6448128,3142,-0.9999995372326602,-0.0009620470183729599,-3.1406306064230187,4104.473583704646,2053.0
2054,6451270,3142,-0.9999984364494918,-0.00176836041899163,-3.139824292249161,4106.473583704646,2054.0
2055,6454411,3141,-0.9999998348724987,-0.0005746781495121222,-3.1410179754086496,4108.472947167409,2055.0
2056,6457553,3142,-0.9999990464302093,-0.0013809919160382518,-3.1402116612347974,4110.472947167409,2056.0
2057,6460694,3141,-0.9999999824576327,-0.00018730919441636146,-3.1414053443942818,4112.472310630172,2057.0
2058,6463836,3142,-0.9999995063563406,-0.000993623205870323,-3.1405990302204243,4114.472310630172,2058.0
2059,6466978,3142,-0.9999983801128575,-0.001799936571328753,-3.139792716046566,4116.472310630172,2059.0
2060,6470119,3141,-0.9999998162278169,-0.000606254346603412,-3.140986399206052,4118.471674092934,2060.0
2061,6473261,3142,-0.9999990023252008,-0.0014125680878370336,-3.140180085032195,4120.471674092934,2061.0
2062,6476402,3141,-0.9999999760445915,-0.0002188853963654767,-3.14137376819168,4122.471037555697,2062.0
2063,6479544,3142,-0.9999994744829649,-0.0010251993923813378,-3.1405674540178254,4124.471037555697,2063.0
2064,6482686,3142,-0.9999983227791682,-0.0018315127218734364,-3.139761139843969,4126.471037555697,2064.0
2065,6485827,3141,-0.9999997965860785,-0.000637830543091716,-3.1409548230034536,4128.47040101846,2065.0
2066,6488969,3142,-0.999998957223137,-0.0014441442582214272,-3.1401485088295984,4130.47040101846,2066.0
2067,6492110,3141,-0.9999999686344935,-0.00025046159809082204,-3.1413421919890836,4132.469764481222,2067.0
2068,6495252,3142,-0.9999994416125332,-0.0010567755778691653,-3.1405358778152275,4134.469764481222,2068.0
2069,6498394,3142,-0.9999982644484241,-0.001863088870590855,-3.1397295636413727,4136.469764481222,2069.0
2070,6501535,3141,-0.9999997759472838,-0.0006694067389411308,-3.140923246800858,4138.469127943985,2070.0
2071,6504677,3142,-0.9999989111240176,-0.0014757204271627013,-3.140116932627005,4140.469127943985,2071.0
2072,6507818,3141,-0.9999999602273391,-0.00028203779956781377,-3.1413106157864865,4142.4684914067475,2072.0
2073,6510960,3142,-0.9999994077450453,-0.0010883517623024338,-3.1405043016126304,4144.4684914067475,2073.0
2074,6514102,3142,-0.9999982051206251,-0.0018946650174530841,-3.1396979874387743,4146.4684914067475,2074.0
2075,6517243,3141,-0.999999754311433,-0.0007009829341295816,-3.140891670598256,4148.46785486951,2075.0
2076,6520385,3142,-0.9999988640278428,-0.0015072965946433157,-3.1400853564244007,4150.46785486951,2076.0
2077,6523526,3141,-0.9999999508231281,-0.00031361400076852693,-3.1412790395838837,4152.467218332273,2077.0
2078,6526668,3142,-0.9999993728805016,-0.0011199279456561844,-3.1404727254100275,4154.467218332273,2078.0
2079,6529810,3142,-0.9999981447957713,-0.001926241162427225,-3.139666411236175,4156.467218332273,2079.0
2080,6532951,3141,-0.9999997316785256,-0.000732559128611892,-3.140860094395661,4158.466581795035,2080.0
2081,6536093,3142,-0.9999988159346123,-0.001538872760610056,-3.1400537802218076,4160.466581795035,2081.0
2082,6539234,3141,-0.9999999404218606,-0.0003451902016462632,-3.141247463381292,4162.465945257798,2082.0
2083,6542376,3142,-0.9999993370189019,-0.0011515041278831201,-3.140441149207435,4164.465945257798,2083.0
2084,6545518,3142,-0.9999980834738628,-0.0019578173054785194,-3.139634835033578,4166.465945257798,2084.0
2085,6548659,3141,-0.999999708048562,-0.0007641353223655452,-3.1408285181930644,4168.46530872056,2085.0
2086,6551801,3142,-0.9999987668443268,-0.0015704489250460121,-3.140022204019211,4170.46530872056,2086.0
2087,6554942,3141,-0.9999999290235367,-0.0003767664021841592,-3.1412158871786953,4172.464672183322,2087.0
2088,6558084,3142,-0.9999993001602464,-0.001183080308961493,-3.1404095730048427,4174.464672183322,2088.0
2089,6561226,3142,-0.9999980211548996,-0.0019893934465724265,-3.139603258830986,4176.464672183322,2089.0
2090,6564367,3141,-0.999999683421542,-0.0007957115153533939,-3.1407969419904713,4178.464035646085,2090.0
2091,6567509,3142,-0.9999987167569856,-0.0016020250879111772,-3.139990627816619,4180.464035646085,2091.0
2092,6570650,3141,-0.9999999166281561,-0.0004083426023440243,-3.1411843109761013,4182.463399108848,2092.0
2093,6573792,3142,-0.999999262304535,-0.0012146564888649044,-3.140377996802246,4184.463399108848,2093.0
2094,6576933,3141,-0.9999999997800535,-2.0973628061214426e-05,-3.1415716799617304,4186.46276257161,2094.0
2095,6580075,3142,-0.999999657797466,-0.0008272877075524658,-3.1407653657878742,4188.46276257161,2095.0
2096,6583217,3142,-0.9999986656725891,-0.001633601249189544,-3.139959051614017,4190.46276257161,2096.0
2097,6586358,3141,-0.9999999032357191,-0.000439918802102503,-3.141152734773501,4192.462126034373,2097.0
2098,6589500,3142,-0.9999992234517677,-0.0012462326675619104,-3.1403464205996445,4194.462126034373,2098.0
2099,6592641,3141,-0.9999999986192577,-5.2549830638824746e-05,-3.14154010375913,4196.4614894971355,2099.0
2100,6595783,3142,-0.9999996311763335,-0.0008588638989287686,-3.1407337895852745,4198.4614894971355,2100.0
2101,6598925,3142,-0.9999986135911375,-0.0016651774088344523,-3.1399274754114193,4200.4614894971355,2101.0
2102,6602066,3141,-0.9999998888462256,-0.0004714950014197386,-3.141121158570904,4202.460852959898,2102.0
2103,6605208,3142,-0.9999991836019445,-0.0012778088450120268,-3.1403148443970474,4204.460852959898,2103.0
2104,6608349,3141,-0.9999999964614052,-8.412603316032402e-05,-3.1415085275565335,4206.460216422661,2104.0
2105,6611491,3142,-0.9999996035581449,-0.0008904400894463411,-3.140702213382678,4208.460216422661,2105.0
2106,6614633,3142,-0.9999985605126306,-0.001696753566822712,-3.139895899208818,4210.460216422661,2106.0
2107,6617774,3141,-0.9999998734596758,-0.0005030712002672353,-3.1410895823683065,4212.459579885423,2107.0
2108,6620916,3142,-0.9999991427550657,-0.0013093850211885398,-3.14028326819445,4214.459579885423,2108.0
2109,6624057,3141,-0.9999999933064964,-0.00011570223560161483,-3.1414769513539333,4216.458943348186,2109.0
2110,6627199,3142,-0.9999995749429001,-0.0009220162790779799,-3.1406706371800786,4218.458943348186,2110.0
2111,6630341,3142,-0.9999985064370689,-0.0017283297231115902,-3.1398643230062246,4220.458943348186,2111.0
2112,6633482,3141,-0.9999998570760694,-0.000534647398613534,-3.1410580061657085,4222.458306810949,2112.0
2113,6636624,3142,-0.9999991009111312,-0.0013409611960571949,-3.1402516919918546,4224.458306810949,2113.0
2114,6639765,3141,-0.9999999891545307,-0.00014727843792144597,-3.1414453751513394,4226.457670273711,2114.0
2115,6642907,3142,-0.9999995453305993,-0.0009535924677842242,-3.140639060977486,4228.457670273711,2115.0
2116,6646049,3142,-0.9999984513644518,-0.0017599058776764066,-3.139832746803632,4230.457670273711,2116.0
2117,6649190,3141,-0.9999998396954066,-0.0005662235964223614,-3.141026429963115,4232.457033736474,2117.0
2118,6652332,3142,-0.9999990580701408,-0.0013725373695908285,-3.1402201157892575,4234.457033736474,2118.0
2119,6655473,3141,-0.9999999840055087,-0.00017885464010272892,-3.141413798948737,4236.456397199237,2119.0
2120,6658615,3142,-0.9999995147212424,-0.000985168655550893,-3.1406074847748817,4238.456397199237,2120.0
2121,6661757,3142,-0.9999983952947797,-0.001791482030503071,-3.1398011706010225,4240.456397199237,2121.0
2122,6664898,3141,-0.9999998213176874,-0.0005977997936779237,-3.14099485376051,4242.455760661998,2122.0
2123,6668040,3142,-0.9999990142320951,-0.0014041135417620404,-3.1401885395866542,4244.455760661998,2123.0
2124,6671181,3141,-0.9999999778594301,-0.00021043084209920176,-3.141382222746141,4246.455124124761,2124.0
2125,6674323,3142,-0.9999994831148292,-0.0010167448423254212,-3.1405759085722877,4248.455124124761,2125.0
2126,6677465,3142,-0.9999983382280526,-0.001823058181524665,-3.139769594398432,4250.455124124761,2126.0
2127,6680606,3141,-0.9999998019429119,-0.0006293759903285787,-3.1409632775579137,4252.4544875875235,2127.0
2128,6683748,3142,-0.9999989693969937,-0.0014356897125234038,-3.140156963384061,4254.4544875875235,2128.0
2129,6686889,3141,-0.999999970716295,-0.000242007043884789,-3.1413506465435463,4256.453851050286,2129.0
2130,6690031,3142,-0.9999994505113602,-0.0010483210280890882,-3.1405443323696907,4258.453851050286,2130.0
2131,6693173,3142,-0.9999982801642708,-0.0018546343307332689,-3.139738018195837,4260.453851050286,2131.0
2132,6696314,3141,-0.9999997815710798,-0.000660952186347093,-3.1409317013553224,4262.453214513049,2132.0
2133,6699456,3142,-0.9999989235648367,-0.0014672658818582762,-3.1401253871814627,4264.453214513049,2133.0
2134,6702597,3141,-0.9999999625761031,-0.00027358324543248064,-3.141319070340948,4266.452577975811,2134.0
2135,6705739,3142,-0.9999994169108348,-0.0010798972128082313,-3.1405127561670927,4268.452577975811,2135.0
2136,6708881,3142,-0.999998221103434,-0.0018862104780955754,-3.1397064419932392,4270.452577975811,2136.0
2137,6712022,3141,-0.9999997602021915,-0.0006925283817149835,-3.1409001251527227,4272.451941438574,2137.0
2138,6715164,3142,-0.9999988767356242,-0.0014988420497265035,-3.140093810978868,4274.451941438574,2138.0
2139,6718305,3141,-0.999999953438855,-0.0003051594467044013,-3.1412874941383526,4276.451304901337,2139.0
2140,6721447,3142,-0.9999993823132537,-0.001111473396450895,-3.1404811799644947,4278.451304901337,2140.0
2141,6724589,3142,-0.9999981610455424,-0.0019177866235770026,-3.1396748657906413,4280.451304901337,2141.0
2142,6727730,3141,-0.999999737836247,-0.0007241045763899877,-3.140868548950125,4282.450668364099,2142.0
2143,6730872,3142,-0.9999988289093562,-0.0015304182161052073,-3.140062234776268,4284.450668364099,2143.0
2144,6734013,3141,-0.99999994330455,-0.0003367356476776416,-3.141255917935752,4286.450031826862,2144.0
2145,6737155,3142,-0.9999993467186166,-0.0011430495789846059,-3.1404496037618976,4288.450031826862,2145.0
2146,6740297,3142,-0.9999980999905961,-0.0019493627671493302,-3.1396432895880406,4290.450031826862,2146.0
2147,6743438,3141,-0.999999714473246,-0.0007556807703447949,-3.1408369727475263,4292.449395289625,2147.0
2148,6746580,3142,-0.9999987800860328,-0.001561994380955484,-3.140030658573671,4294.449395289625,2148.0
2149,6749721,3141,-0.9999999321731889,-0.000368311848310988,-3.141224341733155,4296.448758752387,2149.0
2150,6752863,3142,-0.9999993101269236,-0.0011746257603808526,-3.140418027559298,4298.448758752387,2150.0
2151,6756005,3142,-0.999998037938595,-0.001980938908773639,-3.139611713385444,4300.448758752387,2151.0
2152,6759146,3141,-0.9999996901131887,-0.0007872569635421843,-3.140805396544931,4302.44812221515,2152.0
2153,6762288,3142,-0.999998730265654,-0.0015935705442486877,-3.139999082371074,4304.44812221515,2153.0
2154,6765429,3141,-0.9999999200447711,-0.0003998880485784692,-3.141192765530557,4306.4474856779125,2154.0
2155,6768571,3142,-0.9999992725381747,-0.0012062019406032041,-3.1403864513567012,4308.4474856779125,2155.0
2156,6771712,3141,-0.9999999999216364,-1.2519073607647224e-05,-3.141580134516185,4310.446849140675,2156.0
2157,6774854,3142,-0.9999996647560753,-0.0008188331559615844,-3.1407738203423285,4312.446849140675,2157.0
2158,6777996,3142,-0.9999986794482202,-0.0016251467059565322,-3.139967506168473,4314.446849140675,2158.0
2159,6781137,3141,-0.9999999069192967,-0.0004314642484471893,-3.141161189327959,4316.446212603438,2159.0
2160,6784279,3142,-0.99999923395237,-0.0012377781196281253,-3.1403548751540993,4318.446212603438,2160.0
2161,6787420,3141,-0.9999999990278035,-4.409527619281898e-05,-3.1415485583135863,4320.4455760661995,2161.0
2162,6790562,3142,-0.9999996384019054,-0.0008504093475576512,-3.1407422441397332,4322.4455760661995,2162.0
2163,6793704,3142,-0.9999986276337309,-0.0016567228660355746,-3.1399359299658802,4324.4455760661995,2163.0
2164,6796845,3141,-0.999999892796766,-0.00046304044788086554,-3.141129613125366,4326.444939528962,2164.0
2165,6799987,3142,-0.9999991943695093,-0.0012693542974014603,-3.1403232989515146,4328.444939528962,2165.0
2166,6803128,3141,-0.9999999971369138,-7.567147872279474e-05,-3.141516982110998,4330.444302991725,2166.0
2167,6806270,3142,-0.9999996110506796,-0.000881985538301851,-3.140710667937142,4332.444302991725,2167.0
2168,6809412,3142,-0.9999985748221865,-0.0016882990244618417,-3.139904353763289,4334.444302991725,2168.0
2169,6812553,3141,-0.999999877677179,-0.0004946166468557586,-3.1410980369227697,4336.443666454487,2169.0
2170,6815695,3142,-0.9999991537895929,-0.001300930473925024,-3.1402917227489144,4338.443666454487,2170.0
2171,6818836,3141,-0.9999999942489675,-0.0001072476811891579,-3.1414854059083983,4340.44302991725,2171.0
2172,6821978,3142,-0.9999995827023974,-0.0009135617281736273,-3.140679091734544,4342.44302991725,2172.0
2173,6825120,3142,-0.9999985210135868,-0.0017198751812165314,-3.1398727775606856,4344.44302991725,2173.0
2174,6828261,3141,-0.9999998615605352,-0.0005261928453434186,-3.1410664607201677,4346.442393380013,2174.0
2175,6831403,3142,-0.9999991122126209,-0.0013325066491538158,-3.1402601465463116,4348.442393380013,2175.0
2176,6834544,3141,-0.9999999903639647,-0.0001388238835484409,-3.141453829705799,4350.441756842775,2176.0
2177,6837686,3142,-0.9999995533570591,-0.0009451379171388529,-3.140647515531941,4352.441756842775,2177.0
2178,6840828,3142,-0.999998466207932,-0.0017514513362529565,-3.139841201358086,4354.441756842775,2178.0
2179,6843969,3141,-0.999999844446835,-0.0005577690433062144,-3.141034884517566,4356.441120305538,2179.0
2180,6847111,3142,-0.9999990696385932,-0.0013640828230521331,-3.140228570343711,4358.441120305538,2180.0
2181,6850252,3141,-0.9999999854819053,-0.00017040008577620482,-3.1414222535031926,4360.4404837683005,2181.0
2182,6853394,3142,-0.9999995230146647,-0.0009767141051628273,-3.140615939329338,4362.4404837683005,2182.0
2183,6856536,3142,-0.9999984104052224,-0.001783027489549915,-3.139809625155479,4364.4404837683005,2183.0
2184,6859677,3141,-0.9999998263360785,-0.0005893452407113838,-3.141003308314966,4366.439847231063,2184.0
2185,6862819,3142,-0.9999990260675099,-0.0013956589955908105,-3.14019699414111,4368.439847231063,2185.0
2186,6865960,3141,-0.9999999796027893,-0.0002019762878239716,-3.141390677300596,4370.439210693826,2186.0
2187,6869102,3142,-0.9999994916752141,-0.0010082902922059738,-3.1405843631267407,4372.439210693826,2187.0
2188,6872244,3142,-0.9999983536054576,-0.0018146036410564257,-3.139778048952885,4374.439210693826,2188.0
2189,6875385,3141,-0.9999998072282658,-0.0006209214375249339,-3.14097173211237,4376.438574156588,2189.0
2190,6878527,3142,-0.9999989814993708,-0.0014272351667323877,-3.140165417938514,4378.438574156588,2190.0
2191,6881668,3141,-0.999999972726617,-0.00023355248967350196,-3.1413591010979967,4380.437937619351,2191.0
2192,6884810,3142,-0.9999994593387076,-0.0010398664782482283,-3.1405527869241396,4382.437937619351,2192.0
2193,6887952,3142,-0.999998295808638,-0.001846179790760464,-3.139746472750284,4384.437937619351,2193.0
2194,6891093,3141,-0.9999997871233964,-0.0006524976337240944,-3.1409401559097687,4386.437301082114,2194.0
2195,6894235,3142,-0.9999989359341761,-0.0014588113364572576,-3.140133841735912,4388.437301082114,2195.0
2196,6897376,3141,-0.9999999648533878,-0.0002651286912902343,-3.141327524895397,4390.436664544876,2196.0
2197,6900518,3142,-0.999999426005145,-0.0010714426632528768,-3.1405212107215394,4392.436664544876,2197.0
2198,6903660,3142,-0.9999982370147634,-0.0018777559386225868,-3.1397148965476847,4394.436664544876,2198.0
2199,6906801,3141,-0.9999997660214707,-0.0006840738292707789,-3.1409085797071694,4396.436028007638,2199.0
2200,6909943,3142,-0.9999988893719262,-0.001490387504722113,-3.1401022655333155,4398.436028007638,2200.0
2201,6913084,3141,-0.9999999559831024,-0.00029670489264129287,-3.1412959486927985,4400.435391470401,2201.0
2202,6916226,3142,-0.9999993916745263,-0.0011030188471856316,-3.140489634518943,4402.435391470401,2202.0
2203,6919368,3142,-0.9999981772238342,-0.001909332084611307,-3.1396833203450862,4404.435391470401,2203.0
2204,6922509,3141,-0.9999997439224887,-0.0007156500241355259,-3.1408770035045706,4406.434754933163,2204.0
2205,6925651,3142,-0.9999988418126207,-0.0015219636715026834,-3.140070689330717,4408.434754933163,2205.0
2206,6928792,3141,-0.9999999461157604,-0.00032828109369665654,-3.1412643724902,4410.434118395926,2206.0
2207,6931934,3142,-0.9999993563468518,-0.0011345950300202254,-3.1404580583163444,4412.434118395926,2207.0
2208,6935076,3142,-0.9999981164358499,-0.0019409082286959158,-3.139651744142488,4414.434118395926,2208.0
2209,6938217,3141,-0.9999997208264505,-0.0007472262182824258,-3.1408454273019757,4416.4334818586885,2209.0
2210,6941359,3142,-0.9999987932562596,-0.0015535398367662642,-3.1400391131281187,4418.4334818586885,2210.0
2211,6944500,3141,-0.9999999352513618,-0.00035985729442247777,-3.141232796287604,4420.432845321451,2211.0
2212,6947642,3142,-0.9999993200221212,-0.0011661712117238849,-3.1404264821137455,4422.432845321451,2212.0
2213,6950784,3142,-0.9999980546508112,-0.0019724843708443943,-3.1396201679398907,4424.432845321451,2213.0
2214,6953925,3141,-0.9999996967333559,-0.0007788024116898523,-3.140813851099375,4426.432208784214,2214.0
2215,6957067,3142,-0.9999987437028434,-0.0015851160004805916,-3.1400075369255203,4428.432208784214,2215.0
2216,6960208,3141,-0.9999999233899066,-0.0003914334947897908,-3.1412012200850077,4430.431572246976,2216.0
2217,6963350,3142,-0.999999282700335,-0.0011977473922598083,-3.140394905911152,4432.431572246976,2217.0
2218,6966491,3141,-0.9999999999917399,-4.064519154388809e-06,-3.141588589070639,4434.430935709739,2218.0
2219,6969633,3142,-0.9999996716432048,-0.000810378604312852,-3.1407822748967824,4436.430935709739,2219.0
2220,6972775,3142,-0.9999986931523717,-0.0016166921626101457,-3.139975960722926,4438.430935709739,2220.0
2221,6975916,3141,-0.999999910531395,-0.00042300969476649245,-3.1411696438824115,4440.430299172502,2221.0
2222,6979058,3142,-0.9999992443814927,-0.00122932357160674,-3.140363329708553,4442.430299172502,2222.0
2223,6982199,3141,-0.9999999993648695,-3.564072174876628e-05,-3.141557012868037,4444.429662635264,2223.0
2224,6985341,3142,-0.9999996455559977,-0.0008419547961375124,-3.1407506986941804,4446.429662635264,2224.0
2225,6988483,3142,-0.9999986416048449,-0.0016482683231320175,-3.1399443845203274,4448.429662635264,2225.0
2226,6991624,3141,-0.9999998966758269,-0.0004545858943287173,-3.1411380676798077,4450.429026098027,2226.0
2227,6994766,3142,-0.9999992050655946,-0.001260899749729066,-3.1403317535059534,4452.429026098027,2227.0
2228,6997907,3141,-0.9999999977409425,-6.721692430319076e-05,-3.1415254366654395,4454.42838956079,2228.0
2229,7001049,3142,-0.9999996184717345,-0.0008735309871166775,-3.1407191224915842,4456.42838956079,2229.0
2230,7004191,3142,-0.9999985890602626,-0.001679844482009023,-3.139912808317731,4458.42838956079,2230.0
2231,7007332,3141,-0.9999998818232027,-0.000486162093429122,-3.141106491477213,4460.427753023552,2231.0
2232,7010474,3142,-0.9999991647526407,-0.0012924759265892805,-3.140300177303358,4462.427753023552,2232.0
2233,7013615,3141,-0.999999995119959,-9.879312678999086e-05,-3.1414938604628424,4464.427116486315,2233.0
2234,7016757,3142,-0.999999590390415,-0.0009051071772282514,-3.140687546288985,4466.427116486315,2234.0
2235,7019899,3142,-0.9999985355186254,-0.001711420639214467,-3.1398812321151306,4468.427116486315,2235.0
2236,7023040,3141,-0.9999998659735214,-0.0005177382920493339,-3.1410749152746136,4470.4264799490775,2236.0
2237,7026182,3142,-0.9999991234426312,-0.0013240521021626037,-3.1402686011007614,4472.4264799490775,2237.0
2238,7029323,3141,-0.999999991501919,-0.00013036932917754487,-3.141462284260246,4474.425843411839,2238.0
2239,7032465,3142,-0.9999995613120395,-0.0009366833664336639,-3.140655970086389,4476.425843411839,2239.0
2240,7035607,3142,-0.9999984809799332,-0.0017429967947089277,-3.139849655912535,4478.425843411839,2240.0
2241,7038748,3141,-0.9999998491267841,-0.0005493144901478926,-3.1410433390720196,4480.425206874602,2241.0
2242,7041890,3142,-0.999999081135566,-0.0013556282764174772,-3.1402370248981626,4482.425206874602,2242.0
2243,7045031,3141,-0.9999999868868223,-0.00016194553143749778,-3.141430708057648,4484.4245703373645,2243.0
2244,7048173,3142,-0.9999995312366075,-0.0009682595547041521,-3.1406243938837943,4486.4245703373645,2244.0
2245,7051315,3142,-0.9999984254441857,-0.0017745729484659298,-3.1398180797099386,4488.4245703373645,2245.0
2246,7054456,3141,-0.9999998312829902,-0.0005808906877012654,-3.1410117628694234,4490.423933800127,2246.0
2247,7057598,3142,-0.9999990378314451,-0.0013872044493192293,-3.1402054486955655,4492.423933800127,2247.0
2248,7060739,3141,-0.999999981274669,-0.00019352173353457216,-3.1413991318550507,4494.42329726289,2248.0
2249,7063881,3142,-0.9999995001641195,-0.0009998357420156348,-3.140592817681193,4496.42329726289,2249.0
2250,7067023,3142,-0.9999983689113833,-0.0018061491004576669,-3.1397865035073385,4498.42329726289,2250.0
2251,7070164,3141,-0.99999981244214,-0.0006124668846785874,-3.1409801866668237,4500.422660725652,2251.0
2252,7073306,3142,-0.9999989935302686,-0.0014187806208384455,-3.140173872492968,4502.422660725652,2252.0
2253,7076447,3141,-0.9999999746654593,-0.00022509793544262245,-3.1413675556524496,4504.422024188415,2253.0
2254,7079589,3142,-0.9999994680945756,-0.0010314119283274252,-3.1405612414785944,4506.422024188415,2254.0
2255,7082731,3142,-0.9999983113815257,-0.001837725250646271,-3.1397549273047405,4508.422024188415,2255.0
2256,7085872,3141,-0.9999997926042334,-0.0006440430810440734,-3.1409486104642252,4510.421387651178,2256.0
2257,7089014,3142,-0.9999989482320365,-0.001450356790944589,-3.1401422962903687,4512.421387651178,2257.0
2258,7092155,3141,-0.9999999670591931,-0.0002566741371221181,-3.141335979449853,4514.42075111394,2258.0
2259,7095297,3142,-0.9999994350279757,-0.001062988113608336,-3.1405296652759986,4516.42075111394,2259.0
2260,7098439,3142,-0.9999982528546136,-0.001869301399000703,-3.1397233511021447,4518.42075111394,2260.0
2261,7101580,3141,-0.9999997717692702,-0.0006756192767649701,-3.140917034261629,4520.420114576703,2261.0
2262,7104722,3142,-0.9999989019367487,-0.001481932959600817,-3.1401107200877734,4522.420114576703,2262.0
2263,7107863,3141,-0.9999999584558703,-0.0002882503385465952,-3.141304403247255,4524.4194780394655,2263.0
2264,7111005,3142,-0.9999994009643195,-0.0010945642978328692,-3.1404980890733993,4526.4194780394655,2264.0
2265,7114147,3142,-0.9999981933306465,-0.0019008775454974164,-3.1396917748995428,4528.4194780394655,2265.0
2266,7117288,3141,-0.9999997499372512,-0.0007071954718197232,-3.1408854580590257,4530.418841502228,2266.0
2267,7120430,3142,-0.9999988546444057,-0.0015135091267896965,-3.140079143885168,4532.418841502228,2267.0
2268,7123571,3141,-0.9999999488554908,-0.0003198265396887246,-3.141272827044652,4534.418204964991,2268.0
2269,7126713,3142,-0.9999993659036076,-0.00112614048096869,-3.1404665128707974,4536.418204964991,2269.0
2270,7129855,3142,-0.9999981328096246,-0.001932453690097267,-3.139660198696942,4538.418204964991,2270.0
2271,7132996,3141,-0.9999997271081753,-0.0007387716661655671,-3.140853881856426,4540.417568427753,2271.0
2272,7136138,3142,-0.9999988063550073,-0.0015450852924615815,-3.1400475676825703,4542.417568427753,2272.0
2273,7139279,3141,-0.9999999382580551,-0.00035140274050799754,-3.1412412508420533,4544.416931890516,2273.0
2274,7142421,3142,-0.9999993298458394,-0.0011577166629783819,-3.1404349366681985,4546.416931890516,2274.0
2275,7145563,3142,-0.9999980712915479,-0.0019640298327687866,-3.1396286224943433,4548.416931890516,2275.0
2276,7148704,3141,-0.9999997032820435,-0.0007703478597744722,-3.1408223056538267,4550.416295353278,2276.0
2277,7151846,3142,-0.9999987570685532,-0.0015766614565950903,-3.1400159914799706,4552.416295353278,2277.0
2278,7154987,3141,-0.9999999266635627,-0.0003829789409757151,-3.1412096746394553,4554.41565881604,2278.0
2279,7158129,3142,-0.9999992927910157,-0.001189292843832633,-3.140403360465601,4556.41565881604,2279.0
2280,7161271,3142,-0.999998008776417,-0.001995605973480284,-3.139597046291746,4558.41565881604,2280.0
2281,7164412,3141,-0.9999996784588552,-0.000801924052612559,-3.14079072945123,4560.415022278803,2281.0
2282,7167554,3142,-0.999998706785044,-0.0016082376191508489,-3.1399844152773766,4562.415022278803,2282.0
2283,7170695,3141,-0.9999999140720137,-0.0004145551410572079,-3.1411780984368622,4564.414385741566,2283.0
2284,7173837,3142,-0.999999254739136,-0.0012208690234998697,-3.140371784263005,4566.414385741566,2284.0
2285,7176978,3141,-0.9999999996304562,-2.718616730488749e-05,-3.141565467422485,4568.413749204328,2285.0
2286,7180120,3142,-0.9999996526386108,-0.0008335002446552494,-3.1407591532486294,4570.413749204328,2286.0
2287,7183262,3142,-0.9999986555044795,-0.0016398137801131262,-3.1399528390747724,4572.413749204328,2287.0
2288,7186403,3141,-0.9999999004834085,-0.0004461313407380653,-3.141146522234256,4574.413112667091,2288.0
2289,7189545,3142,-0.9999992156902006,-0.001252445201953593,-3.1403402080604046,4576.413112667091,2289.0
2290,7192686,3141,-0.9999999982734921,-5.87623698712462e-05,-3.141533891219888,4578.4124761298535,2290.0
2291,7195828,3142,-0.9999996258213101,-0.0008650764358630342,-3.1407275770460323,4580.4124761298535,2291.0
2292,7198970,3142,-0.9999986032268597,-0.0016713899394326806,-3.1399212628721758,4582.4124761298535,2292.0
2293,7202111,3141,-0.9999998858977465,-0.0004777075399655913,-3.1411149460316583,4584.411839592616,2293.0
2294,7205253,3142,-0.999999175644209,-0.0012840213791609964,-3.140308631857802,4586.411839592616,2294.0
2295,7208394,3141,-0.9999999959194712,-9.033857238109056e-05,-3.141502315017289,4588.411203055379,2295.0
2296,7211536,3142,-0.9999995980069534,-0.0008966526262062022,-3.1406960008434375,4590.411203055379,2296.0
2297,7214678,3142,-0.9999985499521848,-0.0017029660970844407,-3.139889686669581,4592.411203055379,2297.0
2298,7217819,3141,-0.9999998703150283,-0.0005092837387152371,-3.1410833698290626,4594.410566518141,2298.0
2299,7220961,3142,-0.9999991346011621,-0.0013155975550812318,-3.1402770556552064,4596.410566518141,2299.0
2300,7224102,3141,-0.9999999925683938,-0.00012191477479752545,-3.141470738814694,4598.409929980904,2300.0
2301,7227244,3142,-0.99999956919554,-0.0009282288156604033,-3.1406644246408377,4600.409929980904,2301.0
2302,7230386,3142,-0.9999984956804547,-0.0017345422530416737,-3.1398581104669825,4602.409929980904,2302.0
2303,7233527,3141,-0.9999998537352536,-0.0005408599369584632,-3.141051793626465,4604.409293443667,2303.0
2304,7236669,3142,-0.9999990925610592,-0.0013471737296920703,-3.1402454794526085,4606.409293443667,2304.0
2305,7239810,3141,-0.9999999882202599,-0.00015349097709543968,-3.141439162612095,4608.408656906429,2305.0
2306,7242952,3142,-0.9999995393870709,-0.0009598050041875742,-3.1406328484382393,4610.408656906429,2306.0
2307,7246094,3142,-0.9999984404116696,-0.0017661184072690495,-3.1398265342643845,4612.408656906429,2307.0
2308,7249235,3141,-0.9999998361584226,-0.0005724361346628442,-3.1410202174238675,4614.408020369192,2308.0
2309,7252377,3142,-0.9999990495239008,-0.0013787499029594863,-3.1402139032500105,4616.408020369192,2309.0
2310,7255518,3141,-0.9999999828750694,-0.00018506717924205902,-3.141407586409495,4618.407383831955,2310.0
2311,7258660,3142,-0.9999995085815457,-0.000991381191761071,-3.140601272235638,4620.407383831955,2311.0
2312,7261802,3142,-0.9999983841458294,-0.0017976945597381903,-3.139794958061784,4622.407383831955,2312.0
2313,7264943,3141,-0.9999998175845348,-0.000604012331798498,-3.1409886412212678,4624.406747294716,2313.0
2314,7268085,3142,-0.9999990054896867,-0.0014103260748542252,-3.1401823270474107,4626.406747294716,2314.0
2315,7271226,3141,-0.9999999765328226,-0.00021664338120366055,-3.141376010206895,4628.406110757479,2315.0
2316,7274368,3142,-0.9999994767789642,-0.0010229573783440463,-3.140569696033038,4630.406110757479,2316.0
2317,7277510,3142,-0.9999983268829344,-0.0018292707104175553,-3.13976338185918,4632.406110757479,2317.0
2318,7280651,3141,-0.999999798013591,-0.0006355885283318653,-3.140957065018668,4634.405474220242,2318.0
2319,7283793,3142,-0.9999989604584173,-0.001441902245344278,-3.1401507508448097,4636.405474220242,2319.0
2320,7286934,3141,-0.9999999691935187,-0.00024821958295110085,-3.141344434004293,4638.404837683004,2320.0
2321,7290076,3142,-0.9999994439793267,-0.0010545335639083784,-3.1405381198304374,4640.404837683004,2321.0
2322,7293218,3142,-0.9999982686229845,-0.001860846859270573,-3.1397318056565795,4642.404837683004,2322.0
2323,7296359,3141,-0.9999997774455905,-0.000667164724235546,-3.1409254888160643,4644.404201145767,2323.0
2324,7299501,3142,-0.999998914430092,-0.0014734784143974036,-3.1401191746422077,4646.404201145767,2324.0
2325,7302642,3141,-0.9999999608571587,-0.0002797957844526902,-3.14131285780169,4648.403564608529,2325.0
2326,7305784,3142,-0.9999994101826332,-0.001086109748424501,-3.140506543627833,4650.403564608529,2326.0
2327,7308926,3142,-0.9999982093659795,-0.0018924230062695867,-3.139700229453977,4652.403564608529,2327.0
2328,7312067,3141,-0.999999755880534,-0.0006987409194726075,-3.140893912613462,4654.402928071292,2328.0
2329,7315209,3142,-0.9999988674047112,-0.001505054581985684,-3.1400875984396013,4656.402928071292,2329.0
2330,7318350,3141,-0.999999951523742,-0.0003113719856763929,-3.1412812815990856,4658.402291534055,2330.0
2331,7321492,3142,-0.9999993753888838,-0.0011176859318550339,-3.1404749674252317,4660.402291534055,2331.0
2332,7324634,3142,-0.99999814911192,-0.0019239991513843155,-3.1396686532513725,4662.402291534055,2332.0
2333,7327775,3141,-0.999999733318421,-0.0007303171140173753,-3.140862336410855,4664.401654996817,2333.0
2334,7330917,3142,-0.9999988193822751,-0.00153663074806652,-3.140056022237002,4666.401654996817,2334.0
2335,7334058,3141,-0.9999999411932688,-0.0003429481865851527,-3.1412497053964854,4668.40101845958,2335.0
2336,7337200,3142,-0.9999993395980785,-0.0011492621141718396,-3.1404433912226297,4670.40101845958,2336.0
2337,7340342,3142,-0.9999980878608055,-0.0019555752945737124,-3.1396370770487745,4672.40101845958,2337.0
2338,7343483,3141,-0.9999997097592518,-0.0007618933078277974,-3.140830760208255,4674.400381922343,2338.0
2339,7346625,3142,-0.9999987703627836,-0.0015682069126182936,-3.1400244460343996,4676.400381922343,2339.0
2340,7349766,3141,-0.9999999298657393,-0.00037452438715579396,-3.1412181291938817,4678.399745385105,2340.0
2341,7352908,3142,-0.9999993028102171,-0.0011808382953448304,-3.1404118150200255,4680.399745385105,2341.0
2342,7356050,3142,-0.9999980256126365,-0.001987151435815667,-3.1396055008461743,4682.399745385105,2342.0
2343,7359191,3141,-0.9999996852030261,-0.0007934695008747803,-3.1407991840056577,4684.399108847868,2343.0
2344,7362333,3142,-0.9999987203462368,-0.0015997830756026314,-3.1399928698318007,4686.399108847868,2344.0
2345,7365474,3141,-0.999999917541153,-0.0004061005873473129,-3.1411865529912837,4688.3984723106305,2345.0
2346,7368616,3142,-0.9999992650253,-0.0012124144753322354,-3.14038023881743,4690.3984723106305,2346.0
2347,7371757,3141,-0.9999999998245633,-1.8731612876141104e-05,-3.141573921976916,4692.397835773393,2347.0
2348,7374899,3142,-0.9999996596497441,-0.0008250456931305787,-3.140767607803061,4694.397835773393,2348.0
2349,7378041,3142,-0.9999986693326345,-0.0016313592369903824,-3.1399612936292036,4696.397835773393,2349.0
2350,7381182,3141,-0.9999999042195103,-0.00043767678713290336,-3.1411549767886866,4698.397199236156,2350.0
2351,7384324,3142,-0.9999992262433269,-0.0012439906541123653,-3.1403486626148323,4700.397199236156,2351.0
2352,7387465,3141,-0.9999999987345619,-5.03078154585258e-05,-3.1415423457743135,4702.3965626989175,2352.0
2353,7390607,3142,-0.9999996330994062,-0.0008566218845718503,-3.1407360316004564,4704.3965626989175,2353.0
2354,7393749,3142,-0.9999986173219773,-0.0016629353967560028,-3.139929717426602,4706.3965626989175,2354.0
2355,7396890,3141,-0.9999998899008112,-0.0004692529864850024,-3.141123400586087,4708.39592616168,2355.0
2356,7400032,3142,-0.999999186464298,-0.0012755668316563767,-3.1403170864122303,4710.39592616168,2356.0
2357,7403173,3141,-0.9999999966475037,-8.188401798680263e-05,-3.141510769571715,4712.395289624443,2357.0
2358,7406315,3142,-0.999999605552012,-0.0008881980751490257,-3.1407044553978616,4714.395289624443,2358.0
2359,7409457,3142,-0.9999985643142647,-0.0016945115548571892,-3.139898141224007,4716.395289624443,2359.0
2360,7412598,3141,-0.9999998745850557,-0.0005008291853642723,-3.141091824383492,4718.394653087205,2360.0
2361,7415740,3142,-0.9999991456882136,-0.001307143007919797,-3.1402855102096376,4720.394653087205,2361.0
2362,7418881,3141,-0.9999999935633892,-0.00011346022042791588,-3.141479193369122,4722.394016549968,2362.0
2363,7422023,3142,-0.9999995770075614,-0.0009197742648430703,-3.1406728791952645,4724.394016549968,2363.0
2364,7425165,3142,-0.9999985103094968,-0.0017260877112722124,-3.1398665650214084,4726.394016549968,2364.0
2365,7428306,3141,-0.9999998582722437,-0.0005324053837493559,-3.141060248180892,4728.393380012731,2365.0
2366,7431448,3142,-0.9999991039150733,-0.0013387191828835411,-3.140253934007041,4730.393380012731,2366.0
2367,7434589,3141,-0.9999999894822179,-0.00014503642275888324,-3.1414476171665258,4732.392743475493,2367.0
2368,7437731,3142,-0.9999995474660548,-0.0009513504536160643,-3.140641302992671,4734.392743475493,2368.0
2369,7440873,3142,-0.9999984553076741,-0.0017576638659615531,-3.1398349888188144,4736.392743475493,2369.0
2370,7444014,3141,-0.9999998409623753,-0.000563981581598243,-3.141028671978297,4738.392106938256,2370.0
2371,7447156,3142,-0.9999990611448774,-0.0013702953565145428,-3.140222357804442,4740.392106938256,2371.0
2372,7450297,3141,-0.9999999844039903,-0.00017661262494898618,-3.141416040963926,4742.3914704010185,2372.0
2373,7453439,3142,-0.999999516927492,-0.0009829266414494867,-3.1406097267900686,4744.3914704010185,2373.0
2374,7456581,3142,-0.9999983993087963,-0.0017892400189066292,-3.1398034126162124,4746.3914704010185,2374.0
2375,7459722,3141,-0.9999998226554504,-0.0005955577788913484,-3.1409970957756954,4748.390833863781,2375.0
2376,7462864,3142,-0.9999990173776258,-0.0014018715287788671,-3.140190781601844,4750.390833863781,2376.0
2377,7466005,3141,-0.9999999783287059,-0.0002081888269609503,-3.1413844647613285,4752.390197326544,2377.0
2378,7469147,3142,-0.9999994853918732,-0.0010145028282937559,-3.1405781505874755,4754.390197326544,2378.0
2379,7472289,3142,-0.9999983423128633,-0.0018208161700598012,-3.1397718364136185,4756.390197326544,2379.0
2380,7475430,3141,-0.9999998033514691,-0.000627133975580886,-3.140965519573104,4758.389560789306,2380.0
2381,7478572,3142,-0.9999989726133185,-0.001433447699645164,-3.140159205399246,4760.389560789306,2381.0
2382,7481713,3141,-0.9999999712563652,-0.0002397650287652216,-3.141352888558731,4762.388924252069,2382.0
2383,7484855,3142,-0.9999994528591984,-0.001046079014134374,-3.140546574384875,4764.388924252069,2383.0
2384,7487997,3142,-0.9999982843198757,-0.0018523923194055855,-3.139740260211016,4766.388924252069,2384.0
2385,7491138,3141,-0.9999997830504312,-0.0006587101716583511,-3.1409339433704995,4768.388287714832,2385.0
2386,7494280,3142,-0.9999989268519556,-0.0014650238690911074,-3.1401276291966393,4770.388287714832,2386.0
2387,7497421,3141,-0.9999999631869677,-0.00027134123034217315,-3.1413213123561214,4772.387651177594,2387.0
2388,7500563,3142,-0.9999994193294675,-0.001077655198937914,-3.1405149981822675,4774.387651177594,2388.0
2389,7503705,3142,-0.9999982253298332,-0.001883968466905456,-3.1397086840084127,4776.387651177594,2389.0
2390,7506846,3141,-0.9999997617523373,-0.0006902863670756629,-3.140902367167898,4778.387014640356,2390.0
2391,7509988,3142,-0.9999988800935373,-0.001496600037066638,-3.1400960529940423,4780.387014640356,2391.0
2392,7513129,3141,-0.9999999541205138,-0.00030291743163347195,-3.141289736153527,4782.386378103119,2392.0
2393,7516271,3142,-0.9999993848026807,-0.0011092313826560755,-3.140483421979672,4784.386378103119,2393.0
2394,7519413,3142,-0.9999981653427357,-0.001915544612521234,-3.139677107805815,4786.386378103119,2394.0
2395,7522554,3141,-0.9999997394571871,-0.0007218625618007806,-3.1408707909653004,4788.385741565881,2395.0
2396,7525696,3142,-0.9999988323380639,-0.0015281762035499883,-3.140064476791445,4790.385741565881,2396.0
2397,7528837,3141,-0.9999999440570033,-0.0003344936326252584,-3.1412581599509304,4792.385105028644,2397.0
2398,7531979,3142,-0.9999993492788377,-0.0011408075652688371,-3.140451845777075,4794.385105028644,2398.0
2399,7535121,3142,-0.9999981043585836,-0.0019471207562254413,-3.1396455316032195,4796.385105028644,2399.0
2400,7538262,3141,-0.9999997161649804,-0.0007534387558079821,-3.140839214762701,4798.384468491407,2400.0
2401,7541404,3142,-0.9999987835855347,-0.0015597523685123632,-3.1400329005888454,4800.384468491407,2401.0
2402,7544545,3141,-0.9999999329964363,-0.0003660698332857843,-3.1412265837483315,4802.383831954169,2402.0
2403,7547687,3142,-0.999999312757939,-0.00117238374674716,-3.1404202695744754,4804.383831954169,2403.0
2404,7550829,3142,-0.9999980423773768,-0.0019786968979923114,-3.1396139554006193,4806.383831954169,2404.0
2405,7553970,3141,-0.9999996918757176,-0.000785014949063976,-3.140807638560102,4808.383195416932,2405.0
2406,7557112,3142,-0.9999987338359503,-0.0015913285319185384,-3.1400013243862466,4810.383195416932,2406.0
2407,7560253,3141,-0.9999999209388128,-0.0003976460335839034,-3.14119500754573,4812.382558879694,2407.0
2408,7563395,3142,-0.9999992752399844,-0.001203959927056967,-3.1403886933718757,4814.382558879694,2408.0
2409,7566536,3141,-0.999999999947191,-1.0277058435727423e-05,-3.1415823765313573,4816.381922342457,2409.0
2410,7569678,3142,-0.9999996665893982,-0.0008165911415387278,-3.140776062357501,4818.381922342457,2410.0
2411,7572820,3142,-0.9999986830893105,-0.0016229046937432554,-3.139969748183643,4820.381922342457,2411.0
2412,7575961,3141,-0.999999907884133,-0.00042922223348664386,-3.141163431343127,4822.38128580522,2412.0
2413,7579103,3142,-0.9999992367249739,-0.001235536106169254,-3.140357117169273,4824.38128580522,2413.0
2414,7582244,3141,-0.9999999991241522,-4.185326102529408e-05,-3.1415508003287558,4826.380649267982,2414.0
2415,7585386,3142,-0.999999640306023,-0.0008481673331997702,-3.1407444861549,4828.380649267982,2415.0
2416,7588528,3142,-0.9999986313456154,-0.0016544808539445757,-3.139938171981044,4830.380649267982,2416.0
2417,7591669,3141,-0.9999998938323965,-0.00046079843295731036,-3.1411318551405287,4832.380012730745,2417.0
2418,7594811,3142,-0.9999991972129076,-0.001267112284049105,-3.1403255409666704,4834.380012730745,2418.0
2419,7597952,3141,-0.9999999973040571,-7.342946357329209e-05,-3.141519224126154,4836.379376193508,2419.0
2420,7601094,3142,-0.9999996130255911,-0.000879743524015452,-3.1407129099522986,4838.379376193508,2420.0
2421,7604236,3142,-0.9999985786048651,-0.001686057012501924,-3.13990659577844,4840.379376193508,2421.0
2422,7607377,3141,-0.9999998787836035,-0.000492374631975905,-3.1411002789379228,4842.37873965627,2422.0
2423,7610519,3142,-0.9999991567037855,-0.0012986884606662058,-3.140293964764067,4844.37873965627,2423.0
2424,7613660,3141,-0.999999994486905,-0.00010500566604893836,-3.1414876479235514,4846.378103119033,2424.0
2425,7616802,3142,-0.9999995847481035,-0.0009113197139547642,-3.140681333749696,4848.378103119033,2425.0
2426,7619944,3142,-0.9999985248670598,-0.00171763316937145,-3.1398750195758423,4850.378103119033,2426.0
2427,7623085,3141,-0.9999998627377541,-0.0005239508304949858,-3.1410687027353252,4852.3774665817955,2427.0
2428,7626227,3142,-0.9999991151976076,-0.001330264635982175,-3.1402623885614704,4854.3774665817955,2428.0
2429,7629368,3141,-0.9999999906726966,-0.00013658186841423043,-3.1414560717209543,4856.376830044557,2429.0
2430,7632510,3142,-0.9999995554735595,-0.0009428959029793627,-3.1406497575471,4858.376830044557,2430.0
2431,7635652,3142,-0.9999984701321993,-0.0017492093245295855,-3.1398434433732434,4860.376830044557,2431.0
2432,7638793,3141,-0.9999998456948485,-0.0005555270284903039,-3.1410371265327295,4862.37619350732,2432.0
2433,7641935,3142,-0.9999990726943743,-0.0013618408099689923,-3.1402308123588765,4864.37619350732,2433.0
2434,7645076,3141,-0.9999999858614316,-0.00016815807064125406,-3.1414244955183594,4866.3755569700825,2434.0
2435,7648218,3142,-0.9999995252019592,-0.0009744720910656991,-3.1406181813445015,4868.3755569700825,2435.0
2436,7651360,3142,-0.9999984144002838,-0.0017807854779443397,-3.139811867170644,4870.3755569700825,2436.0
2437,7654501,3141,-0.9999998276548864,-0.0005871032259354725,-3.1410055503301297,4872.374920432845,2437.0
2438,7657643,3142,-0.999999029194085,-0.0013934169826053666,-3.1401992361562754,4874.374920432845,2438.0
2439,7660784,3141,-0.99999998005311,-0.0001997342727053424,-3.1413929193157597,4876.374283895608,2439.0
2440,7663926,3142,-0.999999493933303,-0.0010060482781807044,-3.140586605141903,4878.374283895608,2440.0
2441,7667068,3142,-0.9999983576713132,-0.0018123616295818718,-3.139780290968046,4880.374283895608,2441.0
2442,7670209,3141,-0.9999998086178676,-0.0006186794227953689,-3.14097397412753,4882.37364735837,2442.0
2443,7673351,3142,-0.9999989846967403,-0.0014249931538509923,-3.140167659953675,4884.37364735837,2443.0
2444,7676492,3141,-0.9999999732477318,-0.00023131047457136257,-3.141361343113159,4886.373010821133,2444.0
2445,7679634,3142,-0.9999994616675907,-0.0010376244642929292,-3.1405550289393047,4888.373010821133,2445.0
2446,7682776,3142,-0.9999982999452878,-0.001843937779411103,-3.13974871476545,4890.373010821133,2446.0
2447,7685917,3141,-0.9999997885837927,-0.0006502556190377796,-3.1409423979249307,4892.372374283896,2447.0
2448,7689059,3142,-0.9999989392023401,-0.0014565693236758613,-3.1401360837510754,4894.372374283896,2448.0
2449,7692200,3141,-0.9999999654452971,-0.0002628866762090218,-3.141329766910556,4896.371737746658,2449.0
2450,7695342,3142,-0.9999994284048223,-0.0010692006493776933,-3.1405234527366988,4898.371737746658,2450.0
2451,7698484,3142,-0.9999982412222074,-0.0018755139274082063,-3.139717138562847,4900.371737746658,2451.0
2452,7701625,3141,-0.9999997675526612,-0.0006818318146309819,-3.1409108217223323,4902.371101209421,2452.0
2453,7704767,3142,-0.9999988927108842,-0.0014881454920452146,-3.140104507548479,4904.371101209421,2453.0
2454,7707908,3141,-0.9999999566458059,-0.0002944628775744752,-3.1412981907079636,4906.3704646721835,2454.0
2455,7711050,3142,-0.999999394144998,-0.0011007768333793325,-3.14049187653411,4908.3704646721835,2455.0
2456,7714192,3142,-0.9999981815020723,-0.0019070900735269215,-3.139685562360252,4910.3704646721835,2456.0
2457,7717333,3141,-0.9999997455244736,-0.0007134080095410311,-3.1408792455197374,4912.369828134946,2457.0
2458,7720475,3142,-0.999998845222373,-0.0015197216589315488,-3.1400729313458813,4914.369828134946,2458.0
2459,7723616,3141,-0.9999999468492581,-0.0003260390786505419,-3.1412666145053665,4916.369191597709,2459.0
2460,7726758,3142,-0.9999993588881176,-0.0011323530162926515,-3.140460300331512,4918.369191597709,2460.0
2461,7729900,3142,-0.9999981207848824,-0.00193866621774865,-3.1396539861576533,4920.369191597709,2461.0
2462,7733041,3141,-0.9999997224992295,-0.0007449842037449111,-3.140847669317137,4922.368555060471,2462.0
2463,7736183,3142,-0.9999987967368063,-0.0015512978243053545,-3.140041355143281,4924.368555060471,2463.0
2464,7739324,3141,-0.999999936055654,-0.0003576152794062533,-3.1412350383027645,4926.367918523234,2464.0
2465,7742466,3142,-0.9999993226341815,-0.0011639291980787125,-3.1404287241289124,4928.367918523234,2465.0
2466,7745608,3142,-0.9999980590706378,-0.0019702423600318343,-3.13962240995506,4930.367918523234,2466.0
2467,7748749,3141,-0.9999996984769293,-0.0007765603971975889,-3.1408160931145455,4932.367281985996,2467.0
2468,7751891,3142,-0.9999987472541841,-0.0015828739881217776,-3.1400097789406916,4934.367281985996,2468.0
2469,7755032,3141,-0.9999999242649931,-0.0003891914797931894,-3.141203462100175,4936.366645448758,2469.0
2470,7758174,3142,-0.9999992853831893,-0.0011955053786965094,-3.1403971479263206,4938.366645448758,2470.0
2471,7761315,3141,-0.9999999999983393,-1.8225039894117873e-06,-3.1415908310858036,4940.366008911521,2471.0
2472,7764457,3142,-0.9999996734575727,-0.000808136589882353,-3.140784516911947,4942.366008911521,2472.0
2473,7767599,3142,-0.9999986967745068,-0.0016144501503730067,-3.139978202738089,4944.366008911521,2473.0
2474,7770740,3141,-0.9999999114772758,-0.0004207676798046004,-3.141171885897573,4946.365372374284,2474.0
2475,7773882,3142,-0.9999992471351413,-0.0012270815581330787,-3.1403655717237178,4948.365372374284,2475.0
2476,7777023,3141,-0.9999999994422633,-3.3398706586865353e-05,-3.1415592548832003,4950.364735837046,2476.0
2477,7780165,3142,-0.99999964744116,-0.0008397127817662486,-3.140752940709344,4952.364735837046,2477.0
2478,7783307,3142,-0.999998645297774,-0.0016460263110110343,-3.13994662653549,4954.364735837046,2478.0
2479,7786448,3141,-0.9999998976925023,-0.000452343879390591,-3.1411403096949764,4956.364099299809,2479.0
2480,7789590,3142,-0.9999992078900376,-0.001258657736342786,-3.1403339955211185,4958.364099299809,2480.0
2481,7792731,3141,-0.9999999978891307,-6.497490914513007e-05,-3.1415276786806023,4960.3634627625715,2481.0
2482,7795873,3142,-0.9999996204276911,-0.0008712889728084677,-3.1407213645067458,4962.3634627625715,2482.0
2483,7799015,3142,-0.9999985928239862,-0.0016776024700066706,-3.1399150503328923,4964.3634627625715,2483.0
2484,7802156,3141,-0.9999998829106719,-0.0004839200785284414,-3.1411087334923775,4966.362826225334,2484.0
2485,7805298,3142,-0.9999991676478781,-0.0012902339132938691,-3.1403024193185227,4968.362826225334,2485.0
2486,7808439,3141,-0.9999999953389416,-9.655111163769033e-05,-3.1414961024780057,4970.362189688097,2486.0
2487,7811581,3142,-0.9999995924171656,-0.0009028651629802906,-3.1406897883041487,4972.362189688097,2487.0
2488,7814723,3142,-0.9999985393531433,-0.001709178627330295,-3.1398834741302935,4974.362189688097,2488.0
2489,7817864,3141,-0.9999998671317853,-0.0005154962771817775,-3.1410771572897804,4976.361553150859,2489.0
2490,7821006,3142,-0.9999991264086628,-0.001321810088963442,-3.1402708431159225,4978.361553150859,2490.0
2491,7824147,3141,-0.9999999917916957,-0.00012812731403940544,-3.1414645262754033,4980.360916613622,2491.0
2492,7827289,3142,-0.9999995634095843,-0.0009344413522552064,-3.1406582121015485,4982.360916613622,2492.0
2493,7830431,3142,-0.999998484885245,-0.0017407547829509666,-3.139851897927694,4984.360916613622,2493.0
2494,7833572,3141,-0.9999998503558423,-0.0005470724753232395,-3.141045581087181,4986.360280076385,2494.0
2495,7836714,3142,-0.9999990841723918,-0.0013533862633116124,-3.1402392669133254,4988.360280076385,2495.0
2496,7839855,3141,-0.9999999872473935,-0.00015970351630469377,-3.1414329500728098,4990.359643539147,2496.0
2497,7842997,3142,-0.9999995334049468,-0.0009660175405903085,-3.1406266358989567,4992.359643539147,2497.0
2498,7846139,3142,-0.9999984294202918,-0.0017723309368268526,-3.1398203217251033,4994.359643539147,2498.0
2499,7849280,3141,-0.9999998325828428,-0.0005786486729150135,-3.1410140048845863,4996.35900700191,2499.0
2500,7852422,3142,-0.9999990409390652,-0.0013849624363080299,-3.1402076907107306,4998.35900700191,2500.0
2501,7855563,3141,-0.9999999817060345,-0.00019127971841450235,-3.1414013738702122,5000.358370464673,2501.0
2502,7858705,3142,-0.9999995024032531,-0.0009975937279683457,-3.1405950596963583,5002.358370464673,2502.0
2503,7861847,3142,-0.9999983729582835,-0.0018039070889457884,-3.1397887455225026,5004.358370464673,2503.0
2504,7864988,3141,-0.9999998138127868,-0.0006102248699336942,-3.1409824286819874,5006.357733927434,2504.0
2505,7868130,3142,-0.9999989967086829,-0.0014165386079278278,-3.1401761145081317,5008.357733927434,2505.0
2506,7871271,3141,-0.9999999751676191,-0.0002228559203330418,-3.1413697976676156,5010.357097390197,2506.0
2507,7874413,3142,-0.9999994704045034,-0.0010291699143531524,-3.1405634834937586,5012.357097390197,2507.0
2508,7877555,3142,-0.9999983154992204,-0.001835483239266631,-3.1397571693199016,5014.357097390197,2508.0
2509,7880696,3141,-0.9999997940456744,-0.0006418010663467188,-3.140950852479386,5016.35646085296,2509.0
2510,7883838,3142,-0.9999989514812451,-0.0014481147781363287,-3.1401445383055315,5018.35646085296,2510.0
2511,7886979,3141,-0.999999967632147,-0.00025443212203332915,-3.141338221465015,5020.355824315722,2511.0
2512,7890121,3142,-0.9999994374086977,-0.0010607460997122291,-3.140531907291159,5022.355824315722,2512.0
2513,7893263,3142,-0.9999982570431023,-0.0018670593877532747,-3.1397255931173045,5024.355824315722,2513.0
2514,7896404,3141,-0.9999997732815058,-0.00067337726211228,-3.140919276276792,5026.355187778485,2514.0
2515,7899546,3142,-0.9999989052567516,-0.0014796909468933967,-3.140112962102939,5028.355187778485,2515.0
2516,7902687,3141,-0.9999999590996186,-0.0002860083234673704,-3.1413066452624268,5030.3545512412475,2516.0
2517,7905829,3142,-0.999999403415836,-0.0010923222840011708,-3.140500331088571,5032.3545512412475,2517.0
2518,7908971,3142,-0.9999981975899294,-0.0018986355343731506,-3.1396940169147127,5034.3545512412475,2518.0
2519,7912112,3141,-0.9999997515202808,-0.0007049534572121968,-3.140887700074192,5036.35391470401,2519.0
2520,7915254,3142,-0.9999988580352028,-0.0015112671141827734,-3.140081385900339,5038.35391470401,2520.0
2521,7918395,3141,-0.9999999495700336,-0.00031758452463042633,-3.1412750690598243,5040.353278166773,2521.0
2522,7921537,3142,-0.9999993684259182,-0.0011238984672124889,-3.140468754885972,5042.353278166773,2522.0
2523,7924679,3142,-0.9999981371397018,-0.0019302116791038708,-3.139662440712117,5044.353278166773,2523.0
2524,7927820,3141,-0.9999997287619995,-0.0007365296516016904,-3.1408561238716,5046.352641629535,2524.0
2525,7930962,3142,-0.9999988098165984,-0.001542843279960299,-3.140049809697744,5048.352641629535,2525.0
2526,7934103,3141,-0.999999939043392,-0.0003491607254699254,-3.1412434928572286,5050.352005092298,2526.0
2527,7937245,3142,-0.9999993324389447,-0.0011554746493009256,-3.1404371786833756,5052.352005092298,2527.0
2528,7940387,3142,-0.9999980756924195,-0.0019617878219107517,-3.1396308645095203,5054.352005092298,2528.0
2529,7943528,3141,-0.9999997050066618,-0.0007681058452581919,-3.1408245476690064,5056.351368555061,2529.0
2530,7946670,3142,-0.999998760600939,-0.0015744194441994505,-3.140018233495149,5058.351368555061,2530.0
2531,7949811,3141,-0.999999927519694,-0.00038073692595822704,-3.1412119166546364,5060.350732017823,2531.0
2532,7952953,3142,-0.9999992954549151,-0.0011870508302348833,-3.140405602480781,5062.350732017823,2532.0
2533,7956095,3142,-0.9999980132480824,-0.0019933639627584725,-3.1395992883069272,5064.350732017823,2533.0
2534,7959236,3141,-0.9999996802542679,-0.0007996820381482568,-3.1407929714664133,5066.350095480586,2534.0
2535,7962378,3142,-0.9999987103882237,-0.0016059956068648856,-3.1399866572925577,5068.350095480586,2535.0
2536,7965519,3141,-0.9999999149989395,-0.00041231312606825526,-3.1411803404520424,5070.3494589433485,2536.0
2537,7968661,3142,-0.9999992574738297,-0.0012186270099840343,-3.1403740262781885,5072.3494589433485,2537.0
2538,7971802,3141,-0.9999999996888946,-2.4944152118657982e-05,-3.141567709437672,5074.348822406111,2538.0
2539,7974944,3142,-0.9999996545048178,-0.0008312582302459025,-3.1407613952638154,5076.348822406111,2539.0
2540,7978086,3142,-0.9999986591784535,-0.001637571767933117,-3.1399550810899624,5078.348822406111,2540.0
2541,7981227,3141,-0.9999999014811284,-0.0004438893257699543,-3.1411487642494462,5080.348185868874,2541.0
2542,7984369,3142,-0.9999992184956883,-0.0012502031885243082,-3.140342450075589,5082.348185868874,2542.0
2543,7987510,3141,-0.9999999984027247,-5.652035469052399e-05,-3.1415361332350726,5084.3475493316355,2543.0
2544,7990652,3142,-0.9999996277583112,-0.0008628344215155432,-3.1407298190612165,5086.3475493316355,2544.0
2545,7993794,3142,-0.9999986069716281,-0.0016691479273735364,-3.1399235048873626,5088.3475493316355,2545.0
2546,7996935,3141,-0.9999998869662607,-0.0004754655250351514,-3.1411171880468434,5090.346912794398,2546.0
2547,8000077,3142,-0.9999991785204911,-0.00128177936581958,-3.1403108738729886,5092.346912794398,2547.0
2548,8003218,3141,-0.9999999961194983,-8.80965572081427e-05,-3.141504557032471,5094.346276257161,2548.0
2549,8006360,3142,-0.9999996000147487,-0.0008944106119288599,-3.140698242858614,5096.346276257161,2549.0
2550,8009502,3142,-0.9999985537677473,-0.0017007240851525244,-3.1398919286847597,5098.346276257161,2550.0
2551,8012643,3141,-0.999999871454337,-0.0005070417238241484,-3.141085611844243,5100.345639719923,2551.0
2552,8015785,3142,-0.9999991375482385,-0.0013133555418379783,-3.1402792976703866,5102.345639719923,2552.0
2553,8018926,3141,-0.9999999928392153,-0.00011967275963786513,-3.1414729808298696,5104.345003182686,2553.0
2554,8022068,3142,-0.9999995712741298,-0.0009259868014462803,-3.1406666666560152,5106.345003182686,2554.0
2555,8025210,3142,-0.9999984995668115,-0.001732300241235476,-3.139860352482157,5108.345003182686,2555.0
2556,8028351,3141,-0.9999998549453565,-0.0005386179221066419,-3.1410540356416434,5110.344366645449,2556.0
2557,8031493,3142,-0.9999990955789299,-0.0013449317165466883,-3.140247721467785,5112.344366645449,2557.0
2558,8034634,3141,-0.9999999885618758,-0.00015124896194651622,-3.14144140462727,5114.343730108211,2558.0
2559,8037776,3142,-0.999999541536455,-0.0009575629900431141,-3.140635090453414,5116.343730108211,2559.0
2560,8040918,3142,-0.9999984443688206,-0.0017638763955871886,-3.1398287762795585,5118.343730108211,2560.0
2561,8044059,3141,-0.9999998374393195,-0.0005701941198522778,-3.141022459439044,5120.343093570974,2561.0
2562,8047201,3142,-0.9999990526125658,-0.0013765078899109517,-3.1402161452651867,5122.343093570974,2562.0
2563,8050342,3141,-0.9999999832874794,-0.00018282516410614134,-3.1414098284246688,5124.3424570337365,2563.0
2564,8053484,3142,-0.999999510801724,-0.0009891391776845296,-3.1406035142508135,5126.3424570337365,2564.0
2565,8056626,3142,-0.9999983881737746,-0.0017954525481815012,-3.1397972000769587,5128.3424570337365,2565.0
2566,8059767,3141,-0.9999998189362265,-0.0006017703170333904,-3.1409908832364404,5130.341820496499,2566.0
2567,8062909,3142,-0.999999008649146,-0.0014080840619043844,-3.140184569062587,5132.341820496499,2567.0
2568,8066050,3141,-0.9999999770160268,-0.00021440136607729537,-3.1413782522220735,5134.341183959262,2568.0
2569,8069192,3142,-0.9999994790699369,-0.0010207153643319682,-3.140571938048221,5136.341183959262,2569.0
2570,8072334,3142,-0.9999983309816738,-0.0018270286989809758,-3.1397656238743634,5138.341183959262,2570.0
2571,8075475,3141,-0.9999997994360769,-0.0006333465136019876,-3.140959307033849,5140.340547422024,2571.0
2572,8078617,3142,-0.9999989636886707,-0.001439660232484074,-3.140152992859997,5142.340547422024,2572.0
2573,8081758,3141,-0.9999999697475176,-0.00024597756783607247,-3.141346676019477,5144.339910884787,2573.0
2574,8084900,3142,-0.9999994463410937,-0.0010522915499671453,-3.1405403618456225,5146.339910884787,2574.0
2575,8088042,3142,-0.999998272792518,-0.0018586048479609645,-3.1397340476717663,5148.339910884787,2575.0
2576,8091183,3141,-0.9999997789388708,-0.0006649227095460378,-3.140927730831251,5150.33927434755,2576.0
2577,8094325,3142,-0.9999989177311395,-0.0014712364016407956,-3.1401214166573945,5152.33927434755,2577.0
2578,8097466,3141,-0.9999999614819519,-0.00027755376934901927,-3.1413150998168806,5154.338637810312,2578.0
2579,8100608,3142,-0.9999994126151944,-0.0010838677345534206,-3.140508785643024,5156.338637810312,2579.0
2580,8103750,3142,-0.9999982136063074,-0.0018901809950893653,-3.1397024714691675,5158.338637810312,2580.0
2581,8106891,3141,-0.9999997574446083,-0.0006964989048264978,-3.1408961546286536,5160.338001273074,2581.0
2582,8110033,3142,-0.999998870776553,-0.001502812569328273,-3.1400898404547943,5162.338001273074,2582.0
2583,8113174,3141,-0.9999999522193296,-0.00030912997059415035,-3.1412835236142755,5164.337364735837,2583.0
2584,8116316,3142,-0.9999993778922395,-0.0011154439180636442,-3.1404772094404207,5166.337364735837,2584.0
2585,8119458,3142,-0.9999981534230419,-0.0019217571403347968,-3.139670895266567,5168.337364735837,2585.0
2586,8122599,3141,-0.9999997349532898,-0.000728075099418128,-3.1408645784260503,5170.336728198599,2586.0
2587,8125741,3142,-0.9999988228249113,-0.00153438873551657,-3.140058264252195,5172.336728198599,2587.0
2588,8128882,3141,-0.9999999419596508,-0.000340706171523636,-3.141251947411678,5174.336091661362,2588.0
2589,8132024,3142,-0.9999993421722282,-0.0011470201004576063,-3.140445633237822,5176.336091661362,2589.0
2590,8135166,3142,-0.9999980922427217,-0.0019533332836614075,-3.139639319063969,5178.336091661362,2590.0
2591,8138307,3141,-0.9999997114649146,-0.0007596512932801455,-3.140833002223451,5180.335455124125,2591.0
2592,8141449,3142,-0.9999987738762142,-0.0015659649001748806,-3.1400266880495957,5182.335455124125,2592.0
2593,8144590,3141,-0.9999999307029153,-0.000372282372115663,-3.1412203712090783,5184.334818586887,2593.0
2594,8147732,3142,-0.9999993054551612,-0.0011785962817073656,-3.140414057035223,5186.334818586887,2594.0
2595,8150874,3142,-0.9999980300653469,-0.0019849094250454684,-3.139607742861366,5188.334818586887,2595.0
2596,8154015,3141,-0.9999996869794835,-0.0007912274863845428,-3.1408014260208517,5190.33418204965,2596.0
2597,8157157,3142,-0.9999987239304615,-0.0015975410632712605,-3.1399951118469973,5192.33418204965,2597.0
2598,8160298,3141,-0.9999999184491234,-0.0004038585723330225,-3.141188795006482,5194.3335455124125,2598.0
2599,8163440,3142,-0.9999992677410382,-0.0012101724617794107,-3.1403824808326273,5196.3335455124125,2599.0
2600,8166581,3141,-0.9999999998640465,-1.6489597679985525e-05,-3.1415761639921125,5198.332908975175,2600.0
2601,8169723,3142,-0.9999996614969959,-0.0008228036786948461,-3.1407698498182577,5200.332908975175,2601.0
2602,8172865,3142,-0.9999986729876534,-0.0016291172247721582,-3.139963535644401,5202.332908975175,2602.0
2603,8176006,3141,-0.9999999051982751,-0.0004354347721472178,-3.141157218803886,5204.332272437938,2603.0
2604,8179148,3142,-0.9999992290298595,-0.0012417486406457279,-3.14035090463003,5206.332272437938,2604.0
2605,8182289,3141,-0.9999999988448395,-4.8065800261703226e-05,-3.141544587789513,5208.3316359007,2605.0
2606,8185431,3142,-0.9999996350174521,-0.0008543798701878356,-3.1407382736156606,5210.3316359007,2606.0
2607,8188573,3142,-0.9999986210477904,-0.001660693384647571,-3.1399319594418063,5212.3316359007,2607.0
2608,8191714,3141,-0.9999998909503702,-0.00046701097152826345,-3.1411256426012892,5214.330999363463,2608.0
2609,8194856,3142,-0.9999991893216251,-0.001273324818277767,-3.1403193284274296,5216.330999363463,2609.0
2610,8197997,3141,-0.9999999968285757,-7.964200279310451e-05,-3.141513011586916,5218.330362826226,2610.0
2611,8201139,3142,-0.9999996075408522,-0.000885956060832588,-3.14070669741306,5220.330362826226,2611.0
2612,8204281,3142,-0.999998568110872,-0.0016922695428725106,-3.139900383239206,5222.330362826226,2612.0
2613,8207422,3141,-0.999999875705409,-0.0004985871704437539,-3.141094066398692,5224.329726288988,2613.0
2614,8210564,3142,-0.9999991486163345,-0.0013049009946357526,-3.1402877522248334,5226.329726288988,2614.0
2615,8213705,3141,-0.9999999938152554,-0.00011121820524841426,-3.1414814353843155,5228.329089751751,2615.0
2616,8216847,3142,-0.9999995790671959,-0.0009175322505956719,-3.1406751212104576,5230.329089751751,2616.0
2617,8219989,3142,-0.9999985141768983,-0.001723845699413247,-3.1398688070366028,5232.329089751751,2617.0
2618,8223130,3141,-0.9999998594633912,-0.0005301633688669297,-3.1410624901960906,5234.3284532145135,2618.0
2619,8226272,3142,-0.9999991069139886,-0.0013364771696949625,-3.140256176022235,5236.3284532145135,2619.0
2620,8229413,3141,-0.9999999898048786,-0.0001427944075864053,-3.1414498591817215,5238.327816677275,2620.0
2621,8232555,3142,-0.9999995495964837,-0.0009491084394326119,-3.1406435450078667,5240.327816677275,2621.0
2622,8235697,3142,-0.9999984592458699,-0.0017554218542215885,-3.1398372308340132,5242.327816677275,2622.0
2623,8238838,3141,-0.999999842224317,-0.0005617395667521635,-3.141030913993498,5244.327180140038,2623.0
2624,8241980,3142,-0.9999990642145868,-0.0013680533434151318,-3.140224599819643,5246.327180140038,2624.0
2625,8245121,3141,-0.999999984797445,-0.0001743706097789056,-3.1414182829791306,5248.3265436028005,2625.0
2626,8248263,3142,-0.9999995191287153,-0.0009806846273228025,-3.1406119688052763,5250.3265436028005,2626.0
2627,8251405,3142,-0.9999984033177863,-0.001786998007283939,-3.1398056546314193,5252.3265436028005,2627.0
2628,8254546,3141,-0.9999998239881865,-0.0005933157640829622,-3.1409993377909,5254.325907065563,2628.0
2629,8257688,3142,-0.9999990205181296,-0.0013996295157772834,-3.140193023617045,5256.325907065563,2629.0
2630,8260829,3141,-0.9999999787929552,-0.00020594681180846175,-3.141386706776529,5258.325270528326,2630.0
2631,8263971,3142,-0.9999994876638908,-0.001012260814250247,-3.1405803926026703,5260.325270528326,2631.0
2632,8267113,3142,-0.9999983463926477,-0.0018185741585772892,-3.139774078428813,5262.325270528326,2632.0
2633,8270254,3141,-0.9999998047549995,-0.0006248919608279734,-3.1409677615882963,5264.324633991088,2633.0
2634,8273396,3142,-0.9999989758246166,-0.001431205686749488,-3.1401614474144415,5266.324633991088,2634.0
2635,8276537,3141,-0.9999999717914085,-0.00023752301363370726,-3.1413551305739262,5268.323997453851,2635.0
2636,8279679,3142,-0.9999994552020102,-0.0010438370001639296,-3.140548816400069,5270.323997453851,2636.0
2637,8282821,3142,-0.9999982884704541,-0.0018501503080457127,-3.139742502226218,5272.323997453851,2637.0
2638,8285962,3141,-0.9999997845247564,-0.0006564681569411038,-3.1409361853857014,5274.323360916614,2638.0
2639,8289104,3142,-0.9999989301340483,-0.0014627818562881238,-3.140129871211845,5276.323360916614,2639.0
2640,8292245,3141,-0.9999999637928054,-0.0002690992152174561,-3.141323554371328,5278.322724379376,2640.0
2641,8295387,3142,-0.9999994217430735,-0.0010754131850312949,-3.1405172401974735,5280.322724379376,2641.0
2642,8298529,3142,-0.9999982295512058,-0.0018817264556763075,-3.139710926023616,5282.322724379376,2642.0
2643,8301670,3141,-0.9999997632974564,-0.0006880443524037043,-3.140904609183102,5284.322087842139,2643.0
2644,8304812,3142,-0.9999988834464242,-0.001494358024370259,-3.140098295009246,5286.322087842139,2644.0
2645,8307953,3141,-0.9999999547971459,-0.00030067541653157803,-3.141291978168731,5288.3214513049015,2645.0
2646,8311095,3142,-0.9999993872870812,-0.00110698936882974,-3.1404856639948746,5290.3214513049015,2646.0
2647,8314237,3142,-0.9999981696349026,-0.0019133026014278188,-3.139679349821017,5292.3214513049015,2647.0
2648,8317378,3141,-0.9999997410731005,-0.0007196205471854354,-3.140873032980498,5294.320814767664,2648.0
2649,8320520,3142,-0.9999988357617448,-0.001525934190966506,-3.1400667188066427,5296.320814767664,2649.0
2650,8323661,3141,-0.9999999448044297,-0.0003322516175530028,-3.1412604019661274,5298.320178230427,2650.0
2651,8326803,3142,-0.9999993518340324,-0.0011385655515291496,-3.140454087792271,5300.320178230427,2651.0
2652,8329945,3142,-0.9999981087215446,-0.0019448787452748457,-3.139647773618415,5302.320178230427,2652.0
2653,8333086,3141,-0.9999997178516883,-0.0007511967412448215,-3.1408414567778986,5304.319541693189,2653.0
2654,8336228,3142,-0.9999987870800098,-0.0015575103560375296,-3.1400351426040434,5306.319541693189,2654.0
2655,8339369,3141,-0.999999933814657,-0.00036382781824142324,-3.141228825763525,5308.318905155952,2655.0
2656,8342511,3142,-0.9999993153839278,-0.001170141733089635,-3.140422511589671,5310.318905155952,2656.0
2657,8345653,3142,-0.9999980468111319,-0.001976454887179432,-3.1396161974158163,5312.318905155952,2657.0
2658,8348794,3141,-0.9999996936332195,-0.0007827729345541702,-3.1408098805753006,5314.318268618714,2658.0
2659,8351936,3142,-0.9999987374012197,-0.0015890865195546473,-3.1400035664014454,5316.318268618714,2659.0
2660,8355077,3141,-0.9999999218278279,-0.00039540401855898765,-3.141197249560931,5318.317632081476,2660.0
2661,8358219,3142,-0.9999992779367677,-0.0012017179134815824,-3.1403909353870727,5320.317632081476,2661.0
2662,8361360,3141,-0.999999999967719,-8.03504323862165e-06,-3.1415846185465544,5322.316995544239,2662.0
2663,8364502,3142,-0.9999996684176947,-0.0008143491270899101,-3.1407783043726956,5324.316995544239,2663.0
2664,8367644,3142,-0.9999986867253741,-0.001620662681492804,-3.1399719901988417,5326.316995544239,2664.0
2665,8370785,3141,-0.9999999088439424,-0.0004269802184918138,-3.1411656733583273,5328.316359007002,2665.0
2666,8373927,3142,-0.9999992394925512,-0.0012332940926761526,-3.140359359184474,5330.316359007002,2666.0
2667,8377068,3141,-0.9999999992154747,-3.961124582941563e-05,-3.1415530423439533,5332.315722469764,2667.0
2668,8380210,3142,-0.9999996422051135,-0.0008459253188053623,-3.1407467281700985,5334.315722469764,2668.0
2669,8383352,3142,-0.9999986350524733,-0.0016522388418094471,-3.1399404139962437,5336.315722469764,2669.0
2670,8386493,3141,-0.9999998948630002,-0.0004585564179936668,-3.1411340971557293,5338.315085932527,2670.0
2671,8389635,3142,-0.9999992000512793,-0.0012648702706421118,-3.140327782981874,5340.315085932527,2671.0
2672,8392776,3141,-0.9999999974661735,-7.118744837362778e-05,-3.1415214661413593,5342.31444939529,2672.0
2673,8395918,3142,-0.9999996149954762,-0.0008775015096743874,-3.140715151967505,5344.31444939529,2673.0
2674,8399060,3142,-0.9999985823825175,-0.0016838150004751088,-3.1399088377936493,5346.31444939529,2674.0
2675,8402201,3141,-0.9999998798850016,-0.0004901326170384312,-3.141102520953131,5348.313812858052,2675.0
2676,8405343,3142,-0.9999991596129515,-0.0012964464473434005,-3.1402962067792775,5350.313812858052,2676.0
2677,8408484,3141,-0.999999994719816,-0.0001027636508510752,-3.1414898899387613,5352.313176320815,2677.0
2678,8411626,3142,-0.9999995867887825,-0.0009090776996724982,-3.140683575764907,5354.313176320815,2678.0
2679,8414768,3142,-0.999998528715506,-0.0017153911574677623,-3.1398772615910486,5356.313176320815,2679.0
2680,8417909,3141,-0.9999998639099468,-0.0005217088155954827,-3.141070944750531,5358.312539783577,2680.0
2681,8421051,3142,-0.9999991181775679,-0.0013280226227578103,-3.140264630576675,5360.312539783577,2681.0
2682,8424192,3141,-0.999999990976402,-0.00013433985322881237,-3.1414583137361602,5362.31190324634,2682.0
2683,8427334,3142,-0.9999995575850329,-0.0009406538887684013,-3.140651999562305,5364.31190324634,2683.0
2684,8430476,3142,-0.9999984740514399,-0.001746967312749292,-3.1398456853884493,5366.31190324634,2684.0
2685,8433617,3141,-0.9999998469378352,-0.0005532850136336082,-3.1410393685479305,5368.311266709103,2685.0
2686,8436759,3142,-0.9999990757451287,-0.001359598796849725,-3.1402330543740713,5370.311266709103,2686.0
2687,8439900,3141,-0.9999999862359312,-0.00016591605547442722,-3.1414267375335574,5372.310630171865,2687.0
2688,8443042,3142,-0.9999995273842273,-0.0009722300769256142,-3.140620423359704,5374.310630171865,2688.0
2689,8446184,3142,-0.9999984183903186,-0.0017785434662928215,-3.139814109185846,5376.310630171865,2689.0
2690,8449325,3141,-0.9999998289686672,-0.0005848612111212755,-3.1410077923453286,5378.309993634628,2690.0
2691,8452467,3142,-0.9999990323156338,-0.0013911749695793433,-3.140201478171474,5380.309993634628,2691.0
2692,8455608,3141,-0.9999999804984038,-0.0001974922575514853,-3.141395161330958,5382.309357097391,2692.0
2693,8458750,3142,-0.9999994961863652,-0.001003806264114081,-3.140588847157102,5384.309357097391,2693.0
2694,8461892,3142,-0.9999983617321422,-0.0018101196180598125,-3.139782532983246,5386.309357097391,2694.0
2695,8465033,3141,-0.9999998100024431,-0.0006164374080228566,-3.1409762161427297,5388.308720560152,2695.0
2696,8468175,3142,-0.9999989878890835,-0.0014227511409245963,-3.1401699019688745,5390.308720560152,2696.0
2697,8471316,3141,-0.9999999737638202,-0.00022906845943143267,-3.1413635851283583,5392.308084022915,2697.0
2698,8474458,3142,-0.9999994639914471,-0.0010353824503002793,-3.1405572709545018,5394.308084022915,2698.0
2699,8477600,3142,-0.999998304076911,-0.0018416957680219787,-3.1397509567806456,5396.308084022915,2699.0
2700,8480741,3141,-0.9999997900391622,-0.000648013604311019,-3.1409446399401295,5398.307447485678,2700.0
2701,8483883,3142,-0.9999989424654773,-0.0014543273108489595,-3.140138325766277,5400.307447485678,2701.0
2702,8487024,3141,-0.9999999660321797,-0.00026064466108282957,-3.141332008925759,5402.30681094844,2702.0
2703,8490166,3142,-0.9999994307994731,-0.0010669586354542073,-3.140525694751901,5404.30681094844,2703.0
2704,8493308,3142,-0.999998245424625,-0.0018732719161468183,-3.139719380578047,5406.30681094844,2704.0
2705,8496449,3141,-0.9999997690788252,-0.0006795897999495947,-3.140913063737533,5408.306174411203,2705.0
2706,8499591,3142,-0.9999988960448157,-0.001485903479329814,-3.1401067495636728,5410.306174411203,2706.0
2707,8502732,3141,-0.9999999573034829,-0.0002922208624767314,-3.1413004327231575,5412.3055378739655,2707.0
2708,8505874,3142,-0.9999993966104432,-0.0010985348195449748,-3.1404941185493,5414.3055378739655,2708.0
2709,8509016,3142,-0.999998185775284,-0.001904848062407872,-3.139687804375444,5416.3055378739655,2709.0
2710,8512157,3141,-0.9999997471214318,-0.0007111659949188768,-3.1408814875349282,5418.304901336728,2710.0
2711,8515299,3142,-0.9999988486270986,-0.0015174796463231304,-3.140075173361075,5420.304901336728,2711.0
2712,8518440,3141,-0.9999999475777295,-0.00032379706357729205,-3.1412688565205578,5422.304264799491,2712.0
2713,8521582,3142,-0.9999993614243572,-0.0011301110025380991,-3.140462542346701,5424.304264799491,2713.0
2714,8524724,3142,-0.9999981251288882,-0.0019364242067663553,-3.139656228172844,5426.304264799491,2714.0
2715,8527865,3141,-0.9999997241669821,-0.0007427421891743643,-3.140849911332328,5428.303628262253,2715.0
2716,8531007,3142,-0.9999988002123262,-0.0015490558118076518,-3.140043597158473,5430.303628262253,2716.0
2717,8534148,3141,-0.9999999368549195,-0.0003553732643549807,-3.141237280317958,5432.302991725016,2717.0
2718,8537290,3142,-0.9999993252412153,-0.0011616871844035016,-3.1404309661441037,5434.302991725016,2718.0
2719,8540432,3142,-0.9999980634854378,-0.001968000349193873,-3.1396246519702444,5436.302991725016,2719.0
2720,8543573,3141,-0.9999997002154761,-0.0007743183826881339,-3.1408183351297287,5438.302355187779,2720.0
2721,8546715,3142,-0.9999987508004984,-0.0015806319757437055,-3.1400120209558744,5440.302355187779,2721.0
2722,8549856,3141,-0.9999999251350532,-0.0003869494647761422,-3.141205704115361,5442.301718650541,2722.0
2723,8552998,3142,-0.9999992880610172,-0.0011932633651109022,-3.1403993899415052,5444.301718650541,2723.0
2724,8556140,3142,-0.9999980008449327,-0.001999576489656242,-3.1395930757676482,5446.301718650541,2724.0
2725,8559281,3141,-0.999999675266914,-0.0008058945754267561,-3.140786758927133,5448.301082113304,2725.0
2726,8562423,3142,-0.9999987003916153,-0.0016122081381017576,-3.139980444753278,5450.301082113304,2726.0
2727,8565564,3141,-0.9999999124181302,-0.0004185256648118654,-3.141174127912763,5452.3004455760665,2727.0
2728,8568706,3142,-0.9999992498837637,-0.0012248395446273369,-3.1403678137389086,5454.3004455760665,2728.0
2729,8571847,3141,-0.9999999995146304,-3.1156691400971514e-05,-3.141561496898387,5456.299809038829,2729.0
2730,8574989,3142,-0.9999996493212954,-0.0008374707673698714,-3.140755182724529,5458.299809038829,2730.0
2731,8578131,3142,-0.9999986489856769,-0.0016437842988609674,-3.139948868550673,5460.299809038829,2731.0
2732,8581272,3141,-0.9999998987041506,-0.0004501018644350581,-3.1411425517101605,5462.299172501592,2732.0
2733,8584414,3142,-0.9999992107094543,-0.0012564157229278798,-3.140336237536306,5464.299172501592,2733.0
2734,8587555,3141,-0.9999999980322919,-6.273289396101757e-05,-3.141529920695791,5466.2985359643535,2734.0
2735,8590697,3142,-0.9999996223786208,-0.0008690469584682949,-3.140723606521935,5468.2985359643535,2735.0
2736,8593839,3142,-0.9999985965826832,-0.0016753604579709143,-3.1399172923480787,5470.2985359643535,2736.0
2737,8596980,3141,-0.9999998839931148,-0.0004816780636041151,-3.141110975507563,5472.297899427116,2737.0
2738,8600122,3142,-0.9999991705380888,-0.0012879918999711094,-3.1403046613337087,5474.297899427116,2738.0
2739,8603263,3141,-0.9999999955528971,-9.430909645944485e-05,-3.141498344493194,5476.297262889879,2739.0
2740,8606405,3142,-0.9999995944388897,-0.000900623148703776,-3.140692030319337,5478.297262889879,2740.0
2741,8609547,3142,-0.9999985431826344,-0.001706936615412151,-3.1398857161454825,5480.297262889879,2741.0
2742,8612688,3141,-0.9999998682850225,-0.0005132542622922125,-3.1410793993049664,5482.296626352641,2742.0
2743,8615830,3142,-0.9999991293696677,-0.0013195680757314022,-3.14027308513111,5484.296626352641,2743.0
2744,8618971,3141,-0.9999999920764459,-0.00012588529887071244,-3.14146676829059,5486.295989815404,2744.0
2745,8622113,3142,-0.9999995655021027,-0.0009321993380456598,-3.140660454116735,5488.295989815404,2745.0
2746,8625255,3142,-0.9999984887855304,-0.0017385127711608153,-3.1398541399428765,5490.295989815404,2746.0
2747,8628396,3141,-0.9999998515798736,-0.0005448304604796538,-3.141047823102359,5492.295353278167,2747.0
2748,8631538,3142,-0.999999087204191,-0.0013511442501859558,-3.1402415089285007,5494.295353278167,2748.0
2749,8634679,3141,-0.9999999876029376,-0.0001574615011611808,-3.1414351920879815,5496.294716740929,2749.0
2750,8637821,3142,-0.9999995355682594,-0.0009637755264622898,-3.1406288779141285,5498.294716740929,2750.0
2751,8640963,3142,-0.9999984333913713,-0.0017700889251755308,-3.1398225637402715,5500.294716740929,2751.0
2752,8644104,3141,-0.9999998338776684,-0.0005764066581184962,-3.1410162468997567,5502.294080203692,2752.0
2753,8647246,3142,-0.9999990440416585,-0.0013827204232830723,-3.1402099327259023,5504.294080203692,2753.0
2754,8650387,3141,-0.9999999821323733,-0.0001890377032808945,-3.1414036158853866,5506.293443666455,2754.0
2755,8653529,3142,-0.9999995046373602,-0.00099535171390831,-3.1405973017115314,5508.293443666455,2755.0
2756,8656671,3142,-0.9999983770001574,-0.0018016650774183075,-3.1397909875376735,5510.293443666455,2756.0
2757,8659812,3141,-0.9999998151784067,-0.0006079828551760166,-3.140984670697161,5512.292807129217,2757.0
2758,8662954,3142,-0.9999989998820705,-0.0014142965949983442,-3.140178356523307,5514.292807129217,2758.0
2759,8666095,3141,-0.999999975664752,-0.0002206139052123159,-3.1413720396827913,5516.29217059198,2759.0
2760,8669237,3142,-0.9999994727094047,-0.0010269279003605979,-3.140565725508936,5518.29217059198,2760.0
2761,8672379,3142,-0.9999983196118883,-0.0018332412278594767,-3.139759411335081,5520.29217059198,2761.0
2762,8675520,3141,-0.999999795482089,-0.0006395590516282925,-3.1409530944945647,5522.291534054742,2762.0
2763,8678662,3142,-0.9999989547254269,-0.0014458727653103927,-3.1401467803207046,5524.291534054742,2763.0
2764,8681803,3141,-0.9999999682000745,-0.0002521901069320021,-3.141340463480188,5526.290897517505,2764.0
2765,8684945,3142,-0.9999994397843932,-0.0010585040857970152,-3.140534149306333,5528.290897517505,2765.0
2766,8688087,3142,-0.9999982612265647,-0.0018648173764834618,-3.1397278351324776,5530.290897517505,2766.0
2767,8691228,3141,-0.9999997747887145,-0.0006711352474502792,-3.1409215182919605,5532.290260980268,2767.0
2768,8694370,3142,-0.9999989085717277,-0.0014774489341770377,-3.140115204118106,5534.290260980268,2768.0
2769,8697511,3141,-0.9999999597383403,-0.00028376630839260515,-3.1413088872775923,5536.28962444303,2769.0
2770,8700653,3142,-0.9999994058623257,-0.00109008027016856,-3.140502573103739,5538.28962444303,2770.0
2771,8703795,3142,-0.9999982018441859,-0.0018963935232414453,-3.1396962589298805,5540.28962444303,2771.0
2772,8706936,3141,-0.9999997530982838,-0.0007027114425968294,-3.140889942089363,5542.288987905792,2772.0
2773,8710078,3142,-0.9999988614209733,-0.0015090251015734673,-3.1400836279155047,5544.288987905792,2773.0
2774,8713219,3141,-0.9999999502795496,-0.0003153425095766292,-3.1412773110749903,5546.288351368555,2774.0
2775,8716361,3142,-0.9999993709432025,-0.0011216564534665989,-3.1404709969011315,5548.288351368555,2775.0
2776,8719503,3142,-0.9999981414647523,-0.0019279696681176967,-3.139664682727275,5550.288351368555,2776.0
2777,8722644,3141,-0.9999997304107966,-0.0007342876370515071,-3.1408583658867566,5552.287714831317,2777.0
2778,8725786,3142,-0.9999988132731632,-0.0015406012674671098,-3.1400520517129014,5554.287714831317,2778.0
2779,8728927,3141,-0.9999999398237023,-0.0003469187104469701,-3.1412457348723875,5556.28707829408,2779.0
2780,8732069,3142,-0.999999335027023,-0.0011532326356391038,-3.1404394206985313,5558.28707829408,2780.0
2781,8735211,3142,-0.9999980800882642,-0.001959545811068249,-3.1396331065246725,5560.28707829408,2781.0
2782,8738352,3141,-0.9999997067262533,-0.0007658638307701781,-3.1408267896841537,5562.286441756843,2782.0
2783,8741494,3142,-0.9999987641282976,-0.0015721774318286394,-3.1400204755102945,5564.286441756843,2783.0
2784,8744635,3141,-0.9999999283707985,-0.0003784949109801752,-3.141214158669776,5566.285805219605,2784.0
2785,8747777,3142,-0.9999992981137877,-0.0011848088166740553,-3.1404078444959187,5568.285805219605,2785.0
2786,8750919,3142,-0.9999980177147214,-0.0019911219520708837,-3.139601530322064,5570.285805219605,2786.0
2787,8754060,3141,-0.9999996820446537,-0.0007974400237311546,-3.140795213481545,5572.285168682368,2787.0
2788,8757202,3142,-0.999998713986377,-0.001603753594621741,-3.139988899307688,5574.285168682368,2788.0
2789,8760343,3141,-0.9999999159208385,-0.00041007111112908393,-3.1411825824671715,5576.2845321451305,2789.0
2790,8763485,3142,-0.9999992602034965,-0.0012163849965174383,-3.1403762682933167,5578.2845321451305,2790.0
2791,8766626,3141,-0.9999999997423065,-2.270213698920976e-05,-3.141569951452802,5580.283895607893,2791.0
2792,8769768,3142,-0.9999996563659979,-0.0008290162158875515,-3.1407636372789463,5582.283895607893,2792.0
2793,8772910,3142,-0.9999986628474009,-0.0016353297558024896,-3.139957323105095,5584.283895607893,2793.0
2794,8776051,3141,-0.9999999024738216,-0.0004416473108551469,-3.1411510062645807,5586.283259070656,2794.0
2795,8779193,3142,-0.9999992212961495,-0.0012479611751378982,-3.1403446920907245,5588.283259070656,2795.0
2796,8782334,3141,-0.9999999985269309,-5.427833956017892e-05,-3.1415383752502066,5590.282622533418,2796.0
2797,8785476,3142,-0.9999996296902859,-0.0008605924072123452,-3.1407320610763523,5592.282622533418,2797.0
2798,8788618,3142,-0.9999986107113695,-0.0016669059153565772,-3.1399257469024984,5594.282622533418,2798.0
2799,8791759,3141,-0.9999998880297484,-0.00047322351015122464,-3.1411194300619796,5596.281985996181,2799.0
2800,8794901,3142,-0.9999991813917467,-0.0012795373525228506,-3.1403131158881235,5598.281985996181,2800.0
2801,8798042,3141,-0.9999999963144988,-8.58545420778063e-05,-3.14150679904761,5600.281349458944,2801.0
2802,8801184,3142,-0.9999996020175174,-0.0008921685976837603,-3.1407004848737534,5602.281349458944,2802.0
2803,8804326,3142,-0.999998557578283,-0.001698482073251785,-3.1398941706998986,5604.281349458944,2803.0
2804,8807467,3141,-0.9999998725886189,-0.0005047997089735317,-3.1410878538593807,5606.280712921706,2804.0
2805,8810609,3142,-0.9999991404902882,-0.0013111135286298788,-3.140281539685525,5608.280712921706,2805.0
2806,8813750,3141,-0.9999999931050101,-0.00011743074451522956,-3.141475222845008,5610.280076384469,2806.0
2807,8816892,3142,-0.999999573347693,-0.0009237447872711464,-3.1406689086711497,5612.280076384469,2807.0
2808,8820034,3142,-0.9999985034481415,-0.0017300582294593335,-3.1398625944972927,5614.280076384469,2808.0
2809,8823175,3141,-0.9999998561504327,-0.0005363759072980082,-3.141056277656776,5616.2794398472315,2809.0
2810,8826317,3142,-0.9999990985917739,-0.0013426897034347065,-3.1402499634829213,5618.2794398472315,2810.0
2811,8829458,3141,-0.9999999888984648,-0.00014900694683792754,-3.141443646642404,5620.278803309993,2811.0
2812,8832600,3142,-0.9999995436808122,-0.0009553209759342349,-3.1406373324685486,5622.278803309993,2812.0
2813,8835742,3142,-0.9999984483209449,-0.0017616343839350853,-3.139831018294694,5624.278803309993,2813.0
2814,8838883,3141,-0.9999998387151902,-0.0005679521050814056,-3.1410247014541777,5626.278166772756,2814.0
2815,8842025,3142,-0.9999990556962041,-0.0013742658768939981,-3.140218387280324,5628.278166772756,2815.0
2816,8845166,3141,-0.999999983694863,-0.0001805831490014283,-3.1414120704398103,5630.2775302355185,2816.0
2817,8848308,3142,-0.9999995130168756,-0.0009868971636363352,-3.140605756265956,5632.2775302355185,2817.0
2818,8851450,3142,-0.9999983921966931,-0.001793210536643856,-3.1397994420921056,5634.2775302355185,2818.0
2819,8854591,3141,-0.9999998202828911,-0.0005995283022867401,-3.1409931252515912,5636.276893698281,2819.0
2820,8857733,3142,-0.9999990118035784,-0.0014058420489747394,-3.1401868110777356,5638.276893698281,2820.0
2821,8860874,3141,-0.9999999774942047,-0.00021215935098074893,-3.1413804942372208,5640.276257161044,2821.0
2822,8864016,3142,-0.9999994813558829,-0.001018473350353187,-3.140574180063365,5642.276257161044,2822.0
2823,8867158,3142,-0.9999983350753864,-0.001824786687573272,-3.1397678658895085,5644.276257161044,2823.0
2824,8870299,3141,-0.999999800853536,-0.0006311044989038963,-3.140961549048995,5646.275620623806,2824.0
2825,8873441,3142,-0.9999989669138973,-0.0014374182196583603,-3.1401552348751425,5648.275620623806,2825.0
2826,8876582,3141,-0.9999999702964898,-0.00024373555275217262,-3.1413489180346277,5650.274984086569,2826.0
2827,8879724,3142,-0.999999448697834,-0.0010500495360568091,-3.1405426038607716,5652.274984086569,2827.0
2828,8882866,3142,-0.999998276957025,-0.0018563628366796473,-3.1397362896869154,5654.274984086569,2828.0
2829,8886007,3141,-0.9999997804271242,-0.0006626806948939073,-3.140929972846397,5656.274347549332,2829.0
2830,8889149,3142,-0.9999989210271606,-0.0014689943889182268,-3.1401236586725396,5658.274347549332,2830.0
2831,8892290,3141,-0.9999999621017183,-0.0002753117542910792,-3.1413173418320244,5660.273711012094,2831.0
2832,8895432,3142,-0.9999994150427292,-0.001081625720723876,-3.140511027658168,5662.273711012094,2832.0
2833,8898574,3142,-0.9999982178416083,-0.001887938983944656,-3.139704713484312,5664.273711012094,2833.0
2834,8901715,3141,-0.9999997590036561,-0.0006942568902286792,-3.1408983966437933,5666.273074474857,2834.0
2835,8904857,3142,-0.9999988741433685,-0.0015005705567140463,-3.1400920824699363,5668.273074474857,2835.0
2836,8907998,3141,-0.9999999529098902,-0.00030688795555517946,-3.141285765629421,5670.2724379376195,2836.0
2837,8911140,3142,-0.9999993803905682,-0.001113201904314262,-3.1404794514555623,5672.2724379376195,2837.0
2838,8914282,3142,-0.9999981577291371,-0.0019195151293273103,-3.1396731372817093,5674.2724379376195,2838.0
2839,8917423,3141,-0.9999997365831318,-0.0007258330848673745,-3.1408668204411936,5676.271801400382,2839.0
2840,8920565,3142,-0.9999988262625208,-0.0015321467230081719,-3.140060506267339,5678.271801400382,2840.0
2841,8923706,3141,-0.9999999427210058,-0.00033846415650850355,-3.141254189426822,5680.271164863145,2841.0
2842,8926848,3142,-0.9999993447413513,-0.0011447780867828664,-3.1404478752529683,5682.271164863145,2842.0
2843,8929990,3142,-0.9999980966196111,-0.001951091272789093,-3.1396415610791135,5684.271164863145,2843.0
2844,8933131,3141,-0.999999713165551,-0.0007574092787764216,-3.1408352442385996,5686.270528325907,2844.0
2845,8936273,3142,-0.9999987773846178,-0.0015637228877671018,-3.140028930064749,5688.270528325907,2845.0
2846,8939414,3141,-0.9999999315350646,-0.00037004035711619553,-3.1412226132242322,5690.26989178867,2846.0
2847,8942556,3142,-0.9999993080950786,-0.0011763542681093328,-3.1404162990503752,5692.26989178867,2847.0
2848,8945698,3142,-0.9999980345130307,-0.001982667414305849,-3.1396099848765173,5694.26989178867,2848.0
2849,8948839,3141,-0.999999688750914,-0.0007889854719362808,-3.140803668036,5696.269255251432,2849.0
2850,8951981,3142,-0.9999987275096592,-0.0015952990509797741,-3.1399973538621455,5698.269255251432,2850.0
2851,8955122,3141,-0.9999999193520671,-0.00040161655736676086,-3.14119103702163,5700.268618714194,2851.0
2852,8958264,3142,-0.99999927045175,-0.0012079304482723457,-3.140384722847773,5702.268618714194,2852.0
2853,8961405,3141,-0.9999999998985032,-1.4247582537115347e-05,-3.141578406007256,5704.267982176957,2853.0
2854,8964547,3142,-0.9999996633392209,-0.0008205616643094068,-3.1407720918334,5706.267982176957,2854.0
2855,8967689,3142,-0.9999986766376456,-0.00162687521260107,-3.139965777659543,5708.267982176957,2855.0
2856,8970830,3141,-0.9999999061720131,-0.00043319275721357867,-3.141159460819031,5710.26734563972,2856.0
2857,8973972,3142,-0.9999992318113653,-0.0012395066272257798,-3.1403531466451757,5712.26734563972,2857.0
2858,8977113,3141,-0.9999999989500904,-4.5823785115307875e-05,-3.141546829804662,5714.266709102482,2858.0
2859,8980255,3142,-0.9999996369304713,-0.0008521378558580671,-3.1407405156308066,5716.266709102482,2859.0
2860,8983397,3142,-0.9999986247685768,-0.001658451372590535,-3.139934201456951,5718.266709102482,2860.0
2861,8986538,3141,-0.9999998919949027,-0.0004647689566266166,-3.1411278846164343,5720.266072565245,2861.0
2862,8989680,3142,-0.9999991921739251,-0.001271082804943509,-3.140321570442578,5722.266072565245,2862.0
2863,8992821,3141,-0.9999999970046209,-7.739998765386704e-05,-3.141515253602062,5724.265436028008,2863.0
2864,8995963,3142,-0.9999996095246657,-0.0008837140465628149,-3.1407089394282077,5726.265436028008,2864.0
2865,8999105,3142,-0.9999985719024527,-0.001690027530934052,-3.1399026252543507,5728.265436028008,2865.0
2866,9002246,3141,-0.9999998768207358,-0.0004963451555811609,-3.1410963084138324,5730.26479949077,2866.0
2867,9005388,3142,-0.9999991515394291,-0.0013026589813969508,-3.140289994239978,5732.26479949077,2867.0
2868,9008529,3141,-0.999999994062095,-0.00010897619011590079,-3.1414836773994614,5734.264162953533,2868.0
2869,9011671,3142,-0.9999995811218039,-0.0009152902363892265,-3.1406773632256058,5736.264162953533,2869.0
2870,9014813,3142,-0.9999985180392733,-0.0017216036875924148,-3.1398710490517505,5738.264162953533,2870.0
2871,9017954,3141,-0.9999998606495124,-0.0005279213540402345,-3.141064732211231,5740.2635264162955,2871.0
2872,9021096,3142,-0.9999991099078773,-0.0013342351565525867,-3.1402584180373765,5742.2635264162955,2872.0
2873,9024237,3141,-0.9999999901225125,-0.00014055239247016198,-3.1414521011968604,5744.262889879058,2873.0
2874,9027379,3142,-0.9999995517218857,-0.0009468664252982081,-3.1406457870230087,5746.262889879058,2874.0
2875,9030521,3142,-0.999998463179039,-0.0017531798425286745,-3.139839472849156,5748.262889879058,2875.0
2876,9033662,3141,-0.9999998434812325,-0.0005594975519622425,-3.1410331560086404,5750.262253341821,2876.0
2877,9036804,3142,-0.9999990672792698,-0.0013658113303668129,-3.140226841834786,5752.262253341821,2877.0
2878,9039945,3141,-0.9999999851858735,-0.00017212859467105165,-3.141420524994272,5754.261616804583,2878.0
2879,9043087,3142,-0.9999995213249117,-0.0009784426132580844,-3.1406142108204165,5756.261616804583,2879.0
2880,9046229,3142,-0.9999984073217495,-0.0017847559957193601,-3.1398078966465595,5758.261616804583,2880.0
2881,9049370,3141,-0.9999998253158963,-0.0005910737493345582,-3.1410015798060416,5760.260980267346,2881.0
2882,9052512,3142,-0.9999990236536069,-0.001397387502830067,-3.140195265632185,5762.260980267346,2882.0
2883,9055653,3141,-0.9999999792521777,-0.00020370479671880275,-3.1413889487916657,5764.260343730109,2883.0
2884,9058795,3142,-0.9999994899308816,-0.001010018800257312,-3.1405826346178096,5766.260343730109,2884.0
2885,9061937,3142,-0.9999983504674052,-0.0018163321471388457,-3.139776320443954,5768.260343730109,2885.0
2886,9065078,3141,-0.9999998061535034,-0.0006226499461209542,-3.1409700036034396,5770.25970719287,2886.0
2887,9068220,3142,-0.9999989790308881,-0.0014289636738953305,-3.1401636894295883,5772.25970719287,2887.0
2888,9071361,3141,-0.9999999723214256,-0.00023528099855029026,-3.141357372589072,5774.259070655633,2888.0
2889,9074503,3142,-0.9999994575397952,-0.0010415949862369396,-3.140551058415215,5776.259070655633,2889.0
2890,9077645,3142,-0.9999982926160057,-0.0018479082967367627,-3.1397447442413595,5778.259070655633,2890.0
2891,9080786,3141,-0.9999997859940545,-0.0006542261422811939,-3.1409384274008425,5780.258434118396,2891.0
2892,9083928,3142,-0.9999989334111139,-0.0014605398435416442,-3.1401321132269864,5782.258434118396,2892.0
2893,9087069,3141,-0.9999999643936167,-0.00026685720015575613,-3.1413257963864702,5784.257797581158,2893.0
2894,9090211,3142,-0.999999424151653,-0.001073171171183507,-3.140519482212615,5786.257797581158,2894.0
2895,9093353,3142,-0.9999982337675517,-0.0018794844444966685,-3.13971316803876,5788.257797581158,2895.0
2896,9096494,3141,-0.9999997648375492,-0.0006858023377943212,-3.1409068511982405,5790.257161043921,2896.0
2897,9099636,3142,-0.9999988867942842,-0.0014921160117307693,-3.140100537024385,5792.257161043921,2897.0
2898,9102777,3141,-0.9999999554687515,-0.00029843340149238504,-3.141294220183871,5794.2565245066835,2898.0
2899,9105919,3142,-0.9999993897664546,-0.0011047473550615293,-3.1404879060100135,5796.2565245066835,2899.0
2900,9109061,3142,-0.9999981739220427,-0.001911060590383125,-3.139681591836161,5798.2565245066835,2900.0
2901,9112202,3141,-0.9999997426839874,-0.0007173785326156549,-3.1408752749956466,5800.255887969446,2901.0
2902,9115344,3142,-0.9999988391803988,-0.001523692178425295,-3.1400689608217904,5802.255887969446,2902.0
2903,9118485,3141,-0.9999999455468297,-0.00033000960252504925,-3.1412626439812783,5804.255251432209,2903.0
2904,9121627,3142,-0.9999993543842003,-0.001136323537831613,-3.1404563298074186,5806.255251432209,2904.0
2905,9124769,3142,-0.9999981130794788,-0.0019426367343606426,-3.1396500156335647,5808.255251432209,2905.0
2906,9127910,3141,-0.9999997195333694,-0.0007489547267241299,-3.1408436987930504,5810.254614894971,2906.0
2907,9131052,3142,-0.9999987905694584,-0.0015552683436037059,-3.140037384619193,5812.254614894971,2907.0
2908,9134193,3141,-0.9999999346278514,-0.0003615858032367234,-3.141231067778677,5814.253978357734,2908.0
2909,9137335,3142,-0.9999993180048901,-0.0011678997194734938,-3.140424753604819,5816.253978357734,2909.0
2910,9140477,3142,-0.9999980512398605,-0.001974212876406857,-3.1396184394309627,5818.253978357734,2910.0
2911,9143618,3141,-0.999999695385695,-0.0007805309200937318,-3.1408121225904457,5820.253341820497,2911.0
2912,9146760,3142,-0.9999987409614622,-0.0015868445072372479,-3.1400058084165896,5822.253341820497,2912.0
2913,9149901,3141,-0.9999999227118164,-0.0003931620035909304,-3.1411994915760735,5824.252705283259,2913.0
2914,9153043,3142,-0.999999280628524,-0.001199475899952297,-3.140393177402218,5826.252705283259,2914.0
2915,9156184,3141,-0.9999999999832203,-5.793028089419307e-06,-3.141586860561704,5828.252068746022,2915.0
2916,9159326,3142,-0.9999996702409644,-0.0008121071126804061,-3.1407805463878464,5830.252068746022,2916.0
2917,9162468,3142,-0.9999986903564111,-0.0016184206692868013,-3.139974232213988,5832.252068746022,2917.0
2918,9165609,3141,-0.9999999097987252,-0.00042473820355224393,-3.14116791537347,5834.2514322087845,2918.0
2919,9168751,3142,-0.9999992422551021,-0.0012310520792374352,-3.1403616011996145,5836.2514322087845,2919.0
2920,9171892,3141,-0.9999999993017704,-3.736923068530599e-05,-3.1415552843590993,5838.250795671547,2920.0
2921,9175034,3142,-0.9999996440991775,-0.000843683304461425,-3.1407489701852427,5840.250795671547,2921.0
2922,9178176,3142,-0.9999986387543045,-0.0016499968297260259,-3.139942656011383,5842.250795671547,2922.0
2923,9181317,3141,-0.9999998958885774,-0.000456314403088914,-3.1411363391708687,5844.25015913431,2923.0
2924,9184459,3142,-0.9999992028846243,-0.0012626282572915028,-3.1403300249970147,5846.25015913431,2924.0
2925,9187600,3141,-0.9999999976232635,-6.894543324087929e-05,-3.1415237081564977,5848.2495225970715,2925.0
2926,9190742,3142,-0.9999996169603345,-0.0008752594953973792,-3.140717393982643,5850.2495225970715,2926.0
2927,9193884,3142,-0.9999985861551428,-0.0016815729885130569,-3.1399110798087855,5852.2495225970715,2927.0
2928,9197025,3141,-0.999999880981373,-0.00048789060217189795,-3.1411047629682654,5854.248886059834,2928.0
2929,9200167,3142,-0.9999991625170909,-0.001294204434095992,-3.1402984487944057,5856.248886059834,2929.0
2930,9203308,3141,-0.9999999949477004,-0.00010052163573739775,-3.1414921319538864,5858.248249522597,2930.0
2931,9206450,3142,-0.9999995888244352,-0.000906835685475903,-3.1406858177800276,5860.248249522597,2931.0
2932,9209592,3142,-0.9999985325589257,-0.0017131491456412109,-3.1398795036061697,5862.248249522597,2932.0
2933,9212733,3141,-0.9999998650771124,-0.00051946680077726,-3.141073186765653,5864.247612985359,2933.0
2934,9215875,3142,-0.9999991211525014,-0.001325780609611728,-3.1402668725917953,5866.247612985359,2934.0
2935,9219016,3141,-0.9999999912750804,-0.00013209783812754723,-3.1414605557512814,5868.246976448122,2935.0
2936,9222158,3142,-0.9999995596914799,-0.0009384118746411183,-3.1406542415774217,5870.246976448122,2936.0
2937,9225300,3142,-0.9999984779656538,-0.001744725301048937,-3.1398479274035664,5872.246976448122,2937.0
2938,9228441,3141,-0.9999998481757951,-0.0005510429988557119,-3.1410416105630503,5874.246339910885,2938.0
2939,9231583,3142,-0.9999990787908565,-0.0013573567837927589,-3.1402352963891973,5876.246339910885,2939.0
2940,9234724,3141,-0.9999999866054042,-0.00016367404037979612,-3.1414289795486825,5878.245703373647,2940.0
2941,9237866,3142,-0.9999995295614684,-0.0009699880628645362,-3.140622665374822,5880.245703373647,2941.0
2942,9241008,3142,-0.9999984223753267,-0.001776301454715371,-3.139816351200965,5882.245703373647,2942.0
2943,9244149,3141,-0.9999998302774215,-0.0005826191963805269,-3.1410100343604515,5884.24506683641,2943.0
2944,9247291,3142,-0.999999035432156,-0.001388932956625331,-3.1402037201865944,5886.24506683641,2944.0
2945,9250432,3141,-0.9999999809386712,-0.00019525024247538865,-3.1413974033460774,5888.244430299173,2945.0
2946,9253574,3142,-0.9999994984344006,-0.0010015642501224392,-3.140591089172221,5890.244430299173,2946.0
2947,9256716,3142,-0.9999983657879444,-0.0018078776066075015,-3.1397847749983665,5892.244430299173,2947.0
2948,9259857,3141,-0.9999998113819917,-0.0006141953933266581,-3.1409784581578504,5894.243793761935,2948.0
2949,9262999,3142,-0.9999989910763994,-0.00142050912807143,-3.1401721439839934,5896.243793761935,2949.0
2950,9266140,3141,-0.9999999742748816,-0.00022682644437373032,-3.1413658271434746,5898.243157224698,2950.0
2951,9269282,3142,-0.9999994663102769,-0.001033140436379639,-3.1405595129696215,5900.243157224698,2951.0
2952,9272424,3142,-0.9999983082035074,-0.0018394537567021885,-3.139753198795763,5902.243157224698,2952.0
2953,9275565,3141,-0.9999997914895054,-0.0006457715896617194,-3.140946881955248,5904.2425206874605,2953.0
2954,9278707,3142,-0.9999989457235878,-0.0014520852981020932,-3.1401405677813914,5906.2425206874605,2954.0
2955,9281848,3141,-0.9999999666140357,-0.0002584026460424684,-3.1413342509408753,5908.241884150223,2955.0
2956,9284990,3142,-0.9999994331890972,-0.0010647166216101818,-3.1405279367670187,5910.241884150223,2956.0
2957,9288132,3142,-0.9999982496220154,-0.0018710299049584144,-3.1397216225931643,5912.241884150223,2957.0
2958,9291273,3141,-0.9999997705999624,-0.0006773477853504586,-3.140915305752648,5914.241247612986,2958.0
2959,9294415,3142,-0.9999988993737204,-0.0014836614666794725,-3.1401089915787948,5916.241247612986,2959.0
2960,9297556,3141,-0.9999999579561331,-0.000289978847451658,-3.1413026747382777,5918.240611075748,2960.0
2961,9300698,3142,-0.9999993990708614,-0.0010962928057718908,-3.1404963605644234,5920.240611075748,2961.0
2962,9303840,3142,-0.9999981900434686,-0.001902606051344952,-3.1396900463905695,5922.240611075748,2962.0
2963,9306981,3141,-0.9999997487133635,-0.0007089239803577005,-3.1408837295500547,5924.23997453851,2963.0
2964,9310123,3142,-0.9999988520267977,-0.0015152376337758578,-3.1400774153762,5926.23997453851,2964.0
2965,9313264,3141,-0.999999948301174,-0.00032155504856759803,-3.141271098535684,5928.239338001273,2965.0
2966,9316406,3142,-0.9999993639555698,-0.001127868988837638,-3.1404647843618307,5930.239338001273,2966.0
2967,9319548,3142,-0.9999981294678673,-0.001934182195833091,-3.139658470187976,5932.239338001273,2967.0
2968,9322689,3141,-0.9999997258297081,-0.0007405001746582684,-3.1408521533474607,5934.238701464035,2968.0
2969,9325831,3142,-0.9999988036828195,-0.0015468137993603433,-3.140045839173606,5936.238701464035,2969.0
2970,9328972,3141,-0.9999999376491583,-0.00035313124936358996,-3.1412395223330902,5938.238064926798,2970.0
2971,9332114,3142,-0.999999327843222,-0.001159445170781451,-3.1404332081592354,5940.238064926798,2971.0
2972,9335256,3142,-0.999998067895211,-0.0019657583383942655,-3.139626893985381,5942.238064926798,2972.0
2973,9338397,3141,-0.9999997019489965,-0.000772076368223083,-3.140820577144864,5944.237428389561,2973.0
2974,9341539,3142,-0.9999987543417859,-0.0015783899634086072,-3.140014262971006,5946.237428389561,2974.0
2975,9344680,3141,-0.9999999260000864,-0.00038470744981354153,-3.14120794613049,5948.236791852323,2975.0
2976,9347822,3142,-0.9999992907338185,-0.0011910213515743575,-3.1404016319566352,5950.236791852323,2976.0
2977,9350964,3142,-0.9999980053255001,-0.0019973344789978712,-3.1395953177827836,5952.236791852323,2977.0
2978,9354105,3141,-0.9999996770712284,-0.0008036525610173529,-3.1407890009422683,5954.236155315086,2978.0
2979,9357247,3142,-0.999998704003697,-0.0016099661258759767,-3.1399826867684135,5956.236155315086,2979.0
2980,9360388,3141,-0.9999999133539578,-0.0004162836498727652,-3.1411763699278974,5958.2355187778485,2980.0
2981,9363530,3142,-0.9999992526273592,-0.0012225975311735424,-3.140370055754041,5960.2355187778485,2981.0
2982,9366671,3141,-0.9999999995819708,-2.8914676263668475e-05,-3.1415637389135256,5962.234882240611,2982.0
2983,9369813,3142,-0.9999996511964041,-0.0008352287530112779,-3.1407574247396717,5964.234882240611,2983.0
2984,9372955,3142,-0.9999986526685528,-0.0016415422867444415,-3.1399511105658147,5966.234882240611,2984.0
2985,9376096,3141,-0.9999998997107725,-0.00044785984952263984,-3.141144793725299,5968.234245703374,2985.0
2986,9379238,3142,-0.9999992135238438,-0.001254173709557498,-3.140338479551443,5970.234245703374,2986.0
2987,9382379,3141,-0.999999998170427,-6.049087882981469e-05,-3.1415321627109267,5972.233609166136,2987.0
2988,9385521,3142,-0.9999996243245239,-0.0008668049441783873,-3.1407258485370693,5974.233609166136,2988.0
2989,9388663,3142,-0.9999986003363535,-0.0016731184459765035,-3.1399195343632154,5976.233609166136,2989.0
2990,9391804,3141,-0.999999885070531,-0.0004794360487255841,-3.1411132175227006,5978.232972628899,2990.0
2991,9394946,3142,-0.9999991734232727,-0.0012857498866911193,-3.140306903348845,5980.232972628899,2991.0
2992,9398087,3141,-0.9999999957618262,-9.206708133346195e-05,-3.1415005865083296,5982.232336091662,2992.0
2993,9401229,3142,-0.9999995964555872,-0.0008983811344741728,-3.1406942723344735,5984.232336091662,2993.0
2994,9404371,3142,-0.9999985470070988,-0.0017046946035390606,-3.1398879581606174,5986.232336091662,2994.0
2995,9407512,3141,-0.999999869433233,-0.000511012247449402,-3.1410816413201035,5988.231699554424,2995.0
2996,9410654,3142,-0.9999991323256462,-0.001317326062540911,-3.1402753271462487,5990.231699554424,2996.0
2997,9413795,3141,-0.9999999923561691,-0.0001236432837472362,-3.141469010305731,5992.231063017187,2997.0
2998,9416937,3142,-0.9999995675895945,-0.0009299573238779796,-3.140662696131874,5994.231063017187,2998.0
2999,9420079,3142,-0.9999984926807891,-0.0017362707594022497,-3.139856381958019,5996.231063017187,2999.0
3000,9423220,3141,-0.9999998527988785,-0.000542588445667944,-3.141050065117502,5998.2304264799495,3000.0
3001,9426362,3142,-0.9999990902309636,-0.0013489022370829498,-3.140243750943647,6000.2304264799495,3001.0
3002,9429503,3141,-0.9999999879534555,-0.0001552194860377968,-3.1414374341031324,6002.229789942711,3002.0
3003,9432645,3142,-0.9999995377265456,-0.0009615335123519687,-3.1406311199292776,6004.229789942711,3003.0
3004,9435787,3142,-0.9999984373574242,-0.0017678469135336502,-3.1398248057554214,6006.229789942711,3004.0
3005,9438928,3141,-0.9999998351674676,-0.000574164643341587,-3.1410184889149044,6008.229153405474,3005.0
3006,9442070,3142,-0.9999990471392254,-0.0013804784102750516,-3.14021217474105,6010.229153405474,3006.0
3007,9445211,3141,-0.9999999825536854,-0.0001867956881722961,-3.141405857900535,6012.2285168682365,3007.0
3008,9448353,3142,-0.9999995068664403,-0.0009931096998682695,-3.1405995437266796,6014.2285168682365,3008.0
3009,9451495,3142,-0.9999983810370044,-0.0017994230659024845,-3.1397932295528235,6016.2285168682365,3009.0
3010,9454636,3141,-0.9999998165390004,-0.0006057408404415536,-3.1409869127123082,6018.227880330999,3010.0
3011,9457778,3142,-0.9999990030504317,-0.001412054582091859,-3.140180598538452,6020.227880330999,3011.0
3012,9460919,3141,-0.9999999761568585,-0.0002183718901228053,-3.141374281697935,6022.227243793762,3012.0
3013,9464061,3142,-0.9999994750092792,-0.0010246858864005213,-3.140567967524076,6024.227243793762,3013.0
3014,9467203,3142,-0.9999983237195297,-0.001830999216484494,-3.139761653350219,6026.227243793762,3014.0
3015,9470344,3141,-0.9999997969134764,-0.0006373170369489333,-3.140955336509701,6028.226607256524,3015.0
3016,9473486,3142,-0.9999989579645823,-0.0014436307525097268,-3.1401490223358453,6030.226607256524,3016.0
3017,9476627,3141,-0.9999999687629751,-0.0002499480918630537,-3.141342705495328,6032.225970719287,3017.0
3018,9479769,3142,-0.9999994421550621,-0.0010562620719096459,-3.1405363913214734,6034.225970719287,3018.0
3019,9482911,3142,-0.9999982654050001,-0.0018625753652380206,-3.1397300771476164,6036.225970719287,3019.0
3020,9486052,3141,-0.9999997762908965,-0.0006688932328088865,-3.140923760307105,6038.22533418205,3020.0
3021,9489194,3142,-0.9999989118816774,-0.0014752069214773607,-3.140117446133249,6040.22533418205,3021.0
3022,9492335,3141,-0.9999999603720353,-0.00028152429334432855,-3.1413111292927303,6042.224697644812,3022.0
3023,9495477,3142,-0.999999408303789,-0.0010878382563607844,-3.140504815118876,6044.224697644812,3023.0
3024,9498619,3142,-0.9999982060934156,-0.0018941515121299458,-3.139698500945019,6046.224697644812,3024.0
3025,9501760,3141,-0.9999997546712601,-0.0007004694280081099,-3.140892184104503,6048.224061107575,3025.0
3026,9504902,3142,-0.9999988648017171,-0.001506783088976032,-3.140085869930651,6050.224061107575,3026.0
3027,9508043,3141,-0.999999950984039,-0.00031310049454505526,-3.1412795530901327,6052.223424570338,3027.0
3028,9511185,3142,-0.9999993734554599,-0.0011194144397297227,-3.1404732389162757,6054.223424570338,3028.0
3029,9514327,3142,-0.9999981457847763,-0.0019257276571369147,-3.1396669247424174,6056.223424570338,3029.0
3030,9517468,3141,-0.9999997320545674,-0.0007320456225087168,-3.1408606079019017,6058.2227880331,3030.0
3031,9520610,3142,-0.9999988167247014,-0.0015383592549771015,-3.1400542937280482,6060.2227880331,3031.0
3032,9523751,3141,-0.9999999405989861,-0.0003446766954376923,-3.1412479768875308,6062.222151495863,3032.0
3033,9526893,3142,-0.9999993376100748,-0.0011509906219853204,-3.140441662713673,6064.222151495863,3033.0
3034,9530035,3142,-0.9999980844790822,-0.0019573038002215154,-3.1396353485398185,6066.222151495863,3034.0
3035,9533176,3141,-0.9999997084408183,-0.000763621816275214,-3.140829031699304,6068.221514958625,3035.0
3036,9536318,3142,-0.9999987676506301,-0.001569935419441797,-3.140022717525448,6070.221514958625,3036.0
3037,9539459,3141,-0.9999999292168765,-0.00037625289598282026,-3.141216400684933,6072.220878421388,3037.0
3038,9542601,3142,-0.9999993007676335,-0.0011825668030861988,-3.140410086511077,6074.220878421388,3038.0
3039,9545743,3142,-0.9999980221763335,-0.001988879941353235,-3.139603772337221,6076.220878421388,3039.0
3040,9548884,3141,-0.9999996838300131,-0.0007951980092829638,-3.1407974554967044,6078.22024188415,3040.0
3041,9552026,3142,-0.9999987175795035,-0.00160151158233867,-3.1399911413228505,6080.22024188415,3041.0
3042,9555167,3141,-0.9999999168377107,-0.0004078290961541356,-3.141184824482334,6082.219605346912,3042.0
3043,9558309,3142,-0.9999992629281369,-0.0012141429830130456,-3.1403785103084765,6084.219605346912,3043.0
3044,9561450,3141,-0.9999999997906917,-2.0460121832798357e-05,-3.141572193467959,6086.218968809675,3044.0
3045,9564592,3142,-0.9999996582221514,-0.0008267742015019343,-3.1407658792941002,6088.218968809675,3045.0
3046,9567734,3142,-0.9999986665113216,-0.0016330877436488281,-3.1399595651202428,6090.218968809675,3046.0
3047,9570875,3141,-0.9999999034614883,-0.00043940529592334873,-3.14115324827973,6092.218332272438,3047.0
3048,9574017,3142,-0.999999224091584,-0.001245719161729765,-3.1403469341058754,6094.218332272438,3048.0
3049,9577158,3141,-0.9999999986461103,-5.203632441105725e-05,-3.141540617265359,6096.2176957352,3049.0
3050,9580300,3142,-0.9999996316172337,-0.0008583503928901175,-3.1407343030915027,6098.2176957352,3050.0
3051,9583442,3142,-0.9999986144460846,-0.0016646639033215437,-3.139927988917644,6100.2176957352,3051.0
3052,9586583,3141,-0.9999998890882094,-0.0004709814952523869,-3.1411216720771282,6102.217059197963,3052.0
3053,9589725,3142,-0.9999991842579755,-0.0012772953392072748,-3.140315357903271,6104.217059197963,3053.0
3054,9592866,3141,-0.9999999965044727,-8.361252694025934e-05,-3.1415090410627555,6106.216422660726,3054.0
3055,9596008,3142,-0.9999996040152596,-0.0008899265834275041,-3.1407027268889,6108.216422660726,3055.0
3056,9599150,3142,-0.9999985613837925,-0.001696240061334653,-3.1398964127150455,6110.216422660726,3056.0
3057,9602291,3141,-0.999999873717874,-0.0005025576941074676,-3.141090095874531,6112.215786123488,3057.0
3058,9605433,3142,-0.9999991434273113,-0.001308871515404469,-3.140283781700674,6114.215786123488,3058.0
3059,9608574,3141,-0.9999999933657784,-0.00011518872938023306,-3.1414774648601584,6116.215149586251,3059.0
3060,9611716,3142,-0.9999995754162295,-0.0009215027730711399,-3.1406711506863036,6118.215149586251,3060.0
3061,9614858,3142,-0.9999985073244451,-0.0017278162176509538,-3.139864836512452,6120.215149586251,3061.0
3062,9617999,3141,-0.9999998573504825,-0.0005341338924624477,-3.1410585196719327,6122.2145130490135,3062.0
3063,9621141,3142,-0.9999991015995913,-0.0013404476902961029,-3.1402522054980775,6124.2145130490135,3063.0
3064,9624282,3141,-0.9999999892300273,-0.0001467649317071063,-3.141445888657559,6126.213876511776,3064.0
3065,9627424,3142,-0.9999995458201432,-0.000953078961796416,-3.140639574483707,6128.213876511776,3065.0
3066,9630566,3142,-0.9999984522680424,-0.0017593923722512028,-3.139833260309852,6130.213876511776,3066.0
3067,9633707,3141,-0.9999998399860343,-0.0005657100902808106,-3.1410269434693388,6132.213239974539,3067.0
3068,9636849,3142,-0.9999990587748155,-0.0013720238638500282,-3.1402206292954817,6134.213239974539,3068.0
3069,9639990,3141,-0.9999999840972198,-0.00017834113388180228,-3.141414312454966,6136.212603437301,3069.0
3070,9643132,3142,-0.9999995152270008,-0.0009846551495708645,-3.140607998281111,6138.212603437301,3070.0
3071,9646274,3142,-0.999998396214585,-0.0017909685250943831,-3.139801684107255,6140.212603437301,3071.0
3072,9649415,3141,-0.9999998216245295,-0.0005972862875409815,-3.1409953672667386,6142.211966900064,3072.0
3073,9652557,3142,-0.9999990149529844,-0.001403600036040062,-3.1401890530928824,6144.211966900064,3073.0
3074,9655698,3141,-0.9999999779673557,-0.00020991733588494768,-3.1413827362523667,6146.211330362827,3074.0
3075,9658840,3142,-0.9999994836368022,-0.0010162313363700126,-3.1405764220785084,6148.211330362827,3075.0
3076,9661982,3142,-0.9999983391640724,-0.0018225446761567753,-3.139770107904653,6150.211330362827,3076.0
3077,9665123,3141,-0.9999998022659684,-0.0006288624842079836,-3.140963791064136,6152.210693825588,3077.0
3078,9668265,3142,-0.9999989701340972,-0.0014351762068334519,-3.14015747689028,6154.210693825588,3078.0
3079,9671406,3141,-0.9999999708404351,-0.00024149353768063083,-3.1413511600497652,6156.210057288351,3079.0
3080,9674548,3142,-0.9999994510495477,-0.0010478075221505073,-3.1405448458759113,6158.210057288351,3080.0
3081,9677690,3142,-0.9999982811165052,-0.0018541208253988807,-3.1397385317020543,6160.210057288351,3081.0
3082,9680831,3141,-0.9999997819103511,-0.0006604386802406024,-3.140932214861541,6162.209420751114,3082.0
3083,9683973,3142,-0.9999989243181548,-0.0014667523761884471,-3.1401259006876847,6164.209420751114,3083.0
3084,9687114,3141,-0.9999999627164582,-0.00027306973922998,-3.1413195838471695,6166.208784213876,3084.0
3085,9690256,3142,-0.9999994174652369,-0.0010793837068870486,-3.1405132696733133,6168.208784213876,3085.0
3086,9693398,3142,-0.9999982220718828,-0.0018856969727921555,-3.139706955499456,6170.208784213876,3086.0
3087,9696539,3141,-0.9999997605576773,-0.0006920148756209087,-3.1409006386589398,6172.208147676639,3087.0
3088,9699681,3142,-0.999998877505157,-0.0014983285440895926,-3.1400943244850814,6174.208147676639,3088.0
3089,9702822,3141,-0.9999999535954245,-0.0003046459405152895,-3.1412880076445657,6176.2075111394015,3089.0
3090,9705964,3142,-0.9999993828838704,-0.0011109598905524431,-3.1404816934707105,6178.2075111394015,3090.0
3091,9709106,3142,-0.9999981620302059,-0.001917273118306799,-3.1396753792968557,6180.2075111394015,3091.0
3092,9712247,3141,-0.9999997382079473,-0.0007235910703067586,-3.140869062456343,6182.206874602164,3092.0
3093,9715389,3142,-0.9999988296951037,-0.0015299047104857734,-3.1400627482824888,6184.206874602164,3093.0
3094,9718530,3141,-0.9999999434773341,-0.00033622214148845784,-3.14125643144197,6186.206238064927,3094.0
3095,9721672,3142,-0.9999993473054478,-0.0011425360731025626,-3.1404501172681147,6188.206238064927,3095.0
3096,9724814,3142,-0.9999981009914741,-0.0019488492619069504,-3.139643803094258,6190.206238064927,3096.0
3097,9727955,3141,-0.9999997148611609,-0.0007551672642743754,-3.140837486253743,6192.205601527689,3097.0
3098,9731097,3142,-0.9999987808879949,-0.0015614808753658938,-3.140031172079887,6194.205601527689,3098.0
3099,9734238,3141,-0.9999999323621873,-0.0003677983421266502,-3.1412248552393742,6196.204964990452,3099.0
3100,9737380,3142,-0.9999993107299695,-0.0011741122545136035,-3.1404185410655194,6198.204964990452,3100.0
3101,9740522,3142,-0.9999980389556876,-0.0019804254035586588,-3.1396122268916664,6200.204964990452,3101.0
3102,9743663,3141,-0.9999996905173182,-0.0007867434574821272,-3.14080591005115,6202.204328453215,3102.0
3103,9746805,3142,-0.9999987310838306,-0.0015930570386790263,-3.139999595877295,6204.204328453215,3103.0
3104,9749946,3141,-0.9999999202499844,-0.00039937454239927277,-3.141193279036777,6206.203691915977,3104.0
3105,9753088,3142,-0.999999273157435,-0.0012056884347547206,-3.1403869648629232,6208.203691915977,3105.0
3106,9756229,3141,-0.9999999999279331,-1.2005567386735124e-05,-3.141580648022406,6210.20305537874,3106.0
3107,9759371,3142,-0.9999996651764191,-0.0008183196499111055,-3.1407743338485514,6212.20305537874,3107.0
3108,9762513,3142,-0.9999986802826113,-0.0016246332004150974,-3.139968019674692,6214.20305537874,3108.0
3109,9765654,3141,-0.9999999071407247,-0.00043095074227635815,-3.141161702834178,6216.202418841503,3109.0
3110,9768796,3142,-0.9999992345878448,-0.0012372646137988478,-3.1403553886603217,6218.202418841503,3110.0
3111,9771937,3141,-0.9999999990503147,-4.358176997209725e-05,-3.1415490718198074,6220.201782304265,3111.0
3112,9775079,3142,-0.999999638838464,-0.0008498958415267976,-3.14074275764595,6222.201782304265,3112.0
3113,9778221,3142,-0.9999986284843366,-0.0016562093605250491,-3.1399364434720956,6224.201782304265,3113.0
3114,9781362,3141,-0.9999998930344084,-0.00046252694172099204,-3.1411301266315808,6226.201145767028,3114.0
3115,9784504,3142,-0.9999991950211989,-0.0012688407916038192,-3.140323812457726,6228.201145767028,3115.0
3116,9787645,3141,-0.9999999971756396,-7.515797251130369e-05,-3.141517495617211,6230.2005092297895,3116.0
3117,9790787,3142,-0.9999996115034527,-0.0008814720322878364,-3.140711181443356,6232.2005092297895,3117.0
3118,9793929,3142,-0.9999985756890066,-0.0016877855189798392,-3.1399048672695025,6234.2005092297895,3118.0
3119,9797070,3141,-0.9999998779310358,-0.0004941031407043912,-3.141098550428984,6236.199872692552,3119.0
3120,9800212,3142,-0.9999991544574971,-0.0013004169681456192,-3.1402922362551284,6238.199872692552,3120.0
3121,9803353,3141,-0.9999999943039081,-0.00010673417497801963,-3.1414859194146127,6240.199236155315,3121.0
3122,9806495,3142,-0.9999995831713852,-0.0009130482221730926,-3.1406796052407584,6242.199236155315,3122.0
3123,9809637,3142,-0.9999985218966215,-0.0017193616757588046,-3.1398732910669027,6244.199236155315,3123.0
3124,9812778,3141,-0.9999998618306066,-0.0005256793391970404,-3.1410669742263853,6246.198599618077,3124.0
3125,9815920,3142,-0.9999991128967395,-0.0013319931433912887,-3.14026066005253,6248.198599618077,3125.0
3126,9819061,3141,-0.9999999904351198,-0.00013831037733735558,-3.1414543432120148,6250.19796308084,3126.0
3127,9822203,3142,-0.9999995538422614,-0.0009446244111495732,-3.14064802903816,6252.19796308084,3127.0
3128,9825345,3142,-0.9999984671071813,-0.0017509378308253483,-3.1398417148643007,6254.19796308084,3128.0
3129,9828486,3141,-0.9999998447331212,-0.0005572555371668141,-3.1410353980237855,6256.197326543603,3129.0
3130,9831628,3142,-0.9999990703389264,-0.001363569317311481,-3.1402290838499294,6258.197326543603,3130.0
3131,9834769,3141,-0.9999999855692749,-0.00016988657956386704,-3.1414227670094124,6260.196690006365,3131.0
3132,9837911,3142,-0.9999995235160817,-0.0009762005991892044,-3.1406164528355562,6262.196690006365,3132.0
3133,9841053,3142,-0.9999984113206862,-0.0017825139841466738,-3.1398101386616983,6264.196690006365,3133.0
3134,9844194,3141,-0.9999998266385791,-0.0005888317345839649,-3.141003821821182,6266.196053469128,3134.0
3135,9847336,3142,-0.9999990267840575,-0.001395145489875624,-3.1401975076473247,6268.196053469128,3135.0
3136,9850477,3141,-0.9999999797063737,-0.00020146278161992833,-3.1413911908068104,6270.195416931891,3136.0
3137,9853619,3142,-0.9999994921928457,-0.001007776786251714,-3.140584876632956,6272.195416931891,3137.0
3138,9856761,3142,-0.999998354537136,-0.0018140901356897864,-3.139778562459097,6274.195416931891,3138.0
3139,9859902,3141,-0.9999998075469808,-0.0006204079314104377,-3.140972245618583,6276.194780394653,3139.0
3140,9863044,3142,-0.9999989822321329,-0.0014267216610411304,-3.140165931444728,6278.194780394653,3140.0
3141,9866185,3141,-0.9999999728464156,-0.00023303898347033252,-3.1413596146042138,6280.194143857416,3141.0
3142,9869327,3142,-0.9999994598725537,-0.0010393529723069206,-3.1405533004303585,6282.194143857416,3142.0
3143,9872469,3142,-0.999998296756531,-0.001845666285420604,-3.139746986256499,6284.194143857416,3143.0
3144,9875610,3141,-0.9999997874583261,-0.0006519841276174434,-3.1409406694159845,6286.1935073201785,3144.0
3145,9878752,3142,-0.9999989366831531,-0.0014582978307883278,-3.140134355242127,6288.1935073201785,3145.0
3146,9881893,3141,-0.9999999649894015,-0.0002646151850930205,-3.1413280384016122,6290.192870782941,3146.0
3147,9885035,3142,-0.9999994265552055,-0.001070929157329027,-3.140521724227758,6292.192870782941,3147.0
3148,9888177,3142,-0.999998237978871,-0.0018772424333093978,-3.1397154100539026,6294.192870782941,3148.0
3149,9891318,3141,-0.9999997663726149,-0.000683560323172779,-3.140909093213388,6296.192234245704,3149.0
3150,9894460,3142,-0.9999988901371176,-0.001489873999074249,-3.1401027790395335,6298.192234245704,3150.0
3151,9897601,3141,-0.9999999561353303,-0.000296191386444867,-3.141296462199018,6300.191597708466,3151.0
3152,9900743,3142,-0.9999993922408015,-0.0011025053412760308,-3.1404901480251644,6302.191597708466,3152.0
3153,9903885,3142,-0.9999981782041562,-0.0019088185793231524,-3.13968383385131,6304.191597708466,3153.0
3154,9907026,3141,-0.9999997442898476,-0.0007151365180413895,-3.140877517010796,6306.190961171228,3154.0
3155,9910168,3142,-0.9999988425940267,-0.0015214501658747397,-3.1400712028369395,6308.190961171228,3155.0
3156,9913309,3141,-0.9999999462842029,-0.00032776758749967317,-3.1412648859964247,6310.190324633991,3156.0
3157,9916451,3142,-0.9999993569293416,-0.0011340815241241368,-3.140458571822571,6312.190324633991,3157.0
3158,9919593,3142,-0.9999981174323865,-0.0019403947234336917,-3.1396522576487174,6314.190324633991,3158.0
3159,9922734,3141,-0.9999997212100238,-0.0007467127121970966,-3.1408459408082043,6316.189688096753,3159.0
3160,9925876,3142,-0.9999987940538801,-0.0015530263311560504,-3.140039626634348,6318.189688096753,3160.0
3161,9929017,3141,-0.9999999354360188,-0.00035934378822522563,-3.1412333097938343,6320.189051559516,3161.0
3162,9932159,3142,-0.9999993206208256,-0.0011656577058378713,-3.140426995619981,6322.189051559516,3162.0
3163,9935301,3142,-0.9999980556635624,-0.001971970865610204,-3.139620681446124,6324.189051559516,3163.0
3164,9938442,3141,-0.9999996971331437,-0.0007782889056069004,-3.1408143646056135,6326.188415022279,3164.0
3165,9941584,3142,-0.9999987445166786,-0.0015846024948881984,-3.1400080504317573,6328.188415022279,3165.0
3166,9944725,3141,-0.9999999235907784,-0.0003909199885953788,-3.141201733591241,6330.187778485041,3166.0
3167,9947867,3142,-0.9999992833152539,-0.0011972338863947842,-3.140395419417385,6332.187778485041,3167.0
3168,9951008,3141,-0.9999999999936953,-3.551012923051475e-06,-3.1415891025768703,6334.187141947804,3168.0
3169,9954150,3142,-0.9999996720592077,-0.000809865098249875,-3.140782788403014,6336.187141947804,3169.0
3170,9957292,3142,-0.9999986939824214,-0.0016161786570505713,-3.1399764742291563,6338.187141947804,3170.0
3171,9960433,3141,-0.9999999107484814,-0.0004224961885870806,-3.1411701573886366,6340.1865054105665,3171.0
3172,9963575,3142,-0.9999992450126262,-0.0012288100657703864,-3.1403638432147774,6342.1865054105665,3172.0
3173,9966716,3141,-0.9999999993830394,-3.512721552616587e-05,-3.14155752637426,6344.185868873329,3173.0
3174,9969858,3142,-0.9999996459882151,-0.0008414412900980183,-3.140751212200402,6346.185868873329,3174.0
3175,9973000,3142,-0.999998642451109,-0.0016477548176111775,-3.139944898026546,6348.185868873329,3175.0
3176,9976141,3141,-0.9999998969091278,-0.0004540723881587731,-3.141138581186031,6350.185232336092,3176.0
3177,9979283,3142,-0.9999992057129427,-0.0012603862439161063,-3.140332267012174,6352.185232336092,3177.0
3178,9982424,3141,-0.9999999977753271,-6.670341808389132e-05,-3.1415259501716597,6354.184595798854,3178.0
3179,9985566,3142,-0.9999996189201664,-0.0008730174810914326,-3.1407196359978053,6356.184595798854,3179.0
3180,9988708,3142,-0.9999985899227415,-0.0016793309765144768,-3.1399133218239497,6358.184595798854,3180.0
3181,9991849,3141,-0.9999998820727178,-0.00048564858727042964,-3.141107004983432,6360.183959261617,3181.0
3182,9994991,3142,-0.9999991654162034,-0.0012919624207990389,-3.140300690809577,6362.183959261617,3182.0
3183,9998132,3141,-0.9999999951705582,-9.827962057379157e-05,-3.1414943739690613,6364.18332272438,3183.0
3184,10001274,3142,-0.9999995908550612,-0.0009045936712109689,-3.1406880597952123,6366.18332272438,3184.0
3185,10004416,3142,-0.9999985363973187,-0.0017109071337391758,-3.1398817456213575,6368.18332272438,3185.0
3186,10007557,3141,-0.9999998662392515,-0.0005172247858910091,-3.141075428780841,6370.182686187142,3186.0
3187,10010699,3142,-0.9999991241224082,-0.0013235385963877467,-3.140269114606986,6372.182686187142,3187.0
3188,10013840,3141,-0.9999999915687325,-0.00012985582295843684,-3.14146279776647,6374.182049649905,3188.0
3189,10016982,3142,-0.9999995617929003,-0.0009361698604362121,-3.1406564835926116,6376.182049649905,3189.0
3190,10020124,3142,-0.9999984818748409,-0.0017424832892717066,-3.139850169418752,6378.182049649905,3190.0
3191,10023265,3141,-0.9999998494087287,-0.000548800984006609,-3.1410438525782385,6380.1814131126675,3191.0
3192,10026407,3142,-0.9999990818315576,-0.0013551147706702357,-3.1402375384043815,6382.1814131126675,3192.0
3193,10029548,3141,-0.9999999869698507,-0.00016143202522343872,-3.1414312215638684,6384.180776575429,3193.0
3194,10032690,3142,-0.999999531733683,-0.0009677460487273522,-3.1406249073900114,6386.180776575429,3194.0
3195,10035832,3142,-0.9999984263553081,-0.0017740594430532236,-3.1398185932161597,6388.180776575429,3195.0
3196,10038973,3141,-0.9999998315811494,-0.0005803771815704879,-3.1410122763756405,6390.180140038192,3196.0
3197,10042115,3142,-0.9999990385436512,-0.001386690943595435,-3.1402059622017835,6392.180140038192,3197.0
3198,10045256,3141,-0.999999981373912,-0.00019300822732555404,-3.141399645361269,6394.1795035009545,3198.0
3199,10048398,3142,-0.9999995006774097,-0.0009993222360508514,-3.1405933311874143,6396.1795035009545,3199.0
3200,10051540,3142,-0.9999983698387203,-0.001805635595072271,-3.1397870170135613,6398.1795035009545,3200.0
3201,10054681,3141,-0.9999998127565138,-0.0006119533785505749,-3.140980700173048,6400.178866963717,3201.0
3202,10057823,3142,-0.9999989942586893,-0.0014182671151307343,-3.140174385999192,6402.178866963717,3202.0
3203,10060964,3141,-0.9999999747809167,-0.00022458442922754275,-3.141368069158678,6404.17823042648,3203.0
3204,10064106,3142,-0.9999994686240801,-0.0010308984223727686,-3.140561754984822,6406.17823042648,3204.0
3205,10067248,3142,-0.9999983123250773,-0.0018372117452882767,-3.1397554408109656,6408.17823042648,3205.0
3206,10070389,3141,-0.9999997929348217,-0.0006435295749265955,-3.140949123970449,6410.177593889242,3206.0
3207,10073531,3142,-0.9999989489766719,-0.0014498432852613613,-3.140142809796592,6412.177593889242,3207.0
3208,10076672,3141,-0.9999999671908651,-0.00025616063091746065,-3.141336492956074,6414.176957352005,3208.0
3209,10079814,3142,-0.9999994355736948,-0.001062474607679092,-3.140530178782218,6416.176957352005,3209.0
3210,10082956,3142,-0.9999982538143797,-0.001868787893682164,-3.13972386460836,6418.176957352005,3210.0
3211,10086097,3141,-0.9999997721160733,-0.0006751057706674505,-3.140917547767844,6420.176320814768,3211.0
3212,10089239,3142,-0.9999989026975987,-0.0014814194539493073,-3.1401112335939887,6422.176320814768,3212.0
3213,10092380,3141,-0.9999999586037569,-0.0002877368323489325,-3.141304916753474,6424.17568427753,3213.0
3214,10095522,3142,-0.9999994015262533,-0.0010940507919202785,-3.1404986025796195,6426.17568427753,3214.0
3215,10098664,3142,-0.999998194306627,-0.0019003640402024539,-3.139692288405765,6428.17568427753,3215.0
3216,10101805,3141,-0.9999997503002684,-0.0007066819657248536,-3.140885971565249,6430.175047740293,3216.0
3217,10104947,3142,-0.9999988554214702,-0.001512995621154982,-3.1400796573913907,6432.175047740293,3217.0
3218,10108088,3141,-0.9999999490195919,-0.0003193130334912293,-3.141273340550876,6434.174411203056,3218.0
3219,10111230,3142,-0.9999993664817559,-0.001125626975071248,-3.1404670263770202,6436.174411203056,3219.0
3220,10114372,3142,-0.9999981338018198,-0.0019319401848337625,-3.139660712203164,6438.174411203056,3220.0
3221,10117513,3141,-0.9999997274874074,-0.0007382581600848756,-3.1408543953626467,6440.173774665818,3221.0
3222,10120655,3142,-0.9999988071482862,-0.001544571786852515,-3.140048081188792,6442.173774665818,3222.0
3223,10123796,3141,-0.9999999384383708,-0.00035088923431875245,-3.141241764348274,6444.173138128581,3223.0
3224,10126938,3142,-0.9999993304402024,-0.0011572031571030186,-3.140435450174418,6446.173138128581,3224.0
3225,10130080,3142,-0.9999980722999577,-0.001963516327539758,-3.139629136000562,6448.173138128581,3225.0
3226,10133221,3141,-0.9999997036774899,-0.0007698343537075134,-3.140822819160046,6450.1725015913435,3226.0
3227,10136363,3142,-0.9999987578780467,-0.0015761479510147478,-3.140016504986189,6452.1725015913435,3227.0
3228,10139504,3141,-0.999999926860093,-0.00038246543479467684,-3.141210188145674,6454.171865054106,3228.0
3229,10142646,3142,-0.9999992934015932,-0.0011887793379800227,-3.1404038739718168,6456.171865054106,3229.0
3230,10145788,3142,-0.999998009801041,-0.001995092468286619,-3.139597559797962,6458.171865054106,3230.0
3231,10148929,3141,-0.9999996788705164,-0.0008014105465604605,-3.140791242957447,6460.171228516868,3231.0
3232,10152071,3142,-0.9999987076107522,-0.0016077241135999177,-3.139984928783591,6462.171228516868,3232.0
3233,10155212,3141,-0.9999999142847587,-0.0004140416348880341,-3.1411786119430753,6464.17059197963,3233.0
3234,10158354,3142,-0.999999255365928,-0.0012203555176677698,-3.1403722977692192,6466.17059197963,3234.0
3235,10161495,3141,-0.9999999996442845,-2.6672661085075636e-05,-3.141565980928705,6468.169955442393,3235.0
3236,10164637,3142,-0.9999996530664865,-0.0008329867386150503,-3.140759666754848,6470.169955442393,3236.0
3237,10167779,3142,-0.9999986563464022,-0.001639300274583713,-3.1399533525809917,6472.169955442393,3237.0
3238,10170920,3141,-0.999999900712368,-0.0004456178345697774,-3.141147035740475,6474.169318905156,3238.0
3239,10174062,3142,-0.9999992163332071,-0.0012519316961402246,-3.1403407215666204,6476.169318905156,3239.0
3240,10177203,3141,-0.9999999983035349,-5.8248863658986215e-05,-3.141534404726101,6478.168682367918,3240.0
3241,10180345,3142,-0.9999996262654004,-0.0008645629298408333,-3.1407280905522468,6480.168682367918,3241.0
3242,10183487,3142,-0.9999986040849972,-0.0016708764339313997,-3.139921776378394,6482.168682367918,3242.0
3243,10186628,3141,-0.9999998861429206,-0.0004771940338063101,-3.1411154595378763,6484.168045830681,3243.0
3244,10189770,3142,-0.9999991763034302,-0.001283507873365275,-3.1403091453640206,6486.168045830681,3244.0
3245,10192911,3141,-0.9999999959657287,-8.982506616733915e-05,-3.141502828523505,6488.167409293444,3245.0
3246,10196053,3142,-0.9999995984672579,-0.0008961391201991001,-3.140696514349651,6490.167409293444,3246.0
3247,10199195,3142,-0.9999985508265368,-0.001702452591615673,-3.139890200175794,6492.167409293444,3247.0
3248,10202336,3141,-0.9999998705764169,-0.0005087702325682876,-3.141083883335276,6494.166772756206,3248.0
3249,10205478,3142,-0.9999991352765977,-0.0013150840493104847,-3.1402775691614213,6496.166772756206,3249.0
3250,10208619,3141,-0.9999999926308659,-0.00012140126858916186,-3.141471252320906,6498.166136218969,3250.0
3251,10211761,3142,-0.9999995696720596,-0.0009277153096713274,-3.140664938147048,6500.166136218969,3251.0
3252,10214903,3142,-0.999998496571021,-0.001734028747604711,-3.1398586239731916,6502.166136218969,3252.0
3253,10218044,3141,-0.9999998540128567,-0.0005403464308216762,-3.141052307132677,6504.1654996817315,3253.0
3254,10221186,3142,-0.9999990932527094,-0.00134666022394489,-3.1402459929588216,6506.1654996817315,3254.0
3255,10224327,3141,-0.9999999882989467,-0.0001529774708914888,-3.141439676118305,6508.164863144494,3255.0
3256,10227469,3142,-0.9999995398798048,-0.0009592914982107541,-3.140633361944453,6510.164863144494,3256.0
3257,10230611,3142,-0.9999984413184505,-0.0017656049018566354,-3.1398270477705976,6512.164863144494,3257.0
3258,10233752,3141,-0.99999983645224,-0.0005719226285326227,-3.141020730930082,6514.164226607257,3258.0
3259,10236894,3142,-0.9999990502317656,-0.001378236397229993,-3.140214416756228,6516.164226607257,3259.0
3260,10240035,3141,-0.9999999829699707,-0.0001845536730312465,-3.141408099915714,6518.163590070019,3260.0
3261,10243177,3142,-0.9999995090904942,-0.000990867685793719,-3.1406017857418576,6520.163590070019,3261.0
3262,10246319,3142,-0.999998385068825,-0.0017971810543493452,-3.139795471568002,6522.163590070019,3262.0
3263,10249460,3141,-0.9999998178945672,-0.0006034988256716087,-3.140989154727488,6524.162953532782,3263.0
3264,10252602,3142,-0.999999006213766,-0.0014098125691419194,-3.1401828405536336,6526.162953532782,3264.0
3265,10255743,3141,-0.9999999766439384,-0.00021612987499356287,-3.141376523713117,6528.162316995545,3265.0
3266,10258885,3142,-0.9999994773041272,-0.0010224438723890016,-3.140570209539262,6530.162316995545,3266.0
3267,10262027,3142,-0.9999983278221444,-0.0018287572050487476,-3.139763895365408,6532.162316995545,3267.0
3268,10265168,3141,-0.9999997983398378,-0.0006350750222112772,-3.140957578524892,6534.161680458306,3268.0
3269,10268310,3142,-0.9999989611987109,-0.001441388739651323,-3.140151264351036,6536.161680458306,3269.0
3270,10271451,3141,-0.9999999693208493,-0.00024770607673960327,-3.1413449475105204,6538.161043921069,3270.0
3271,10274593,3142,-0.9999994445207044,-0.0010540200579666386,-3.1405386333366643,6540.161043921069,3271.0
3272,10277735,3142,-0.9999982695784089,-0.0018603333539322132,-3.139732319162807,6542.161043921069,3272.0
3273,10280876,3141,-0.9999997777880519,-0.0006666512181230557,-3.1409260023222907,6544.160407383832,3273.0
3274,10284018,3142,-0.9999989151866004,-0.0014729649087271573,-3.140119688148435,6546.160407383832,3274.0
3275,10287159,3141,-0.9999999610007039,-0.00027928227824331115,-3.1413133713079193,6548.159770846594,3275.0
3276,10290301,3142,-0.9999994107402256,-0.001085596242495264,-3.140507057134065,6550.159770846594,3276.0
3277,10293443,3142,-0.9999982103376188,-0.0018919095009587185,-3.139700742960207,6552.159770846594,3277.0
3278,10296584,3141,-0.9999997562392099,-0.0006982274133698238,-3.14089442611969,6554.159134309357,3278.0
3279,10299726,3142,-0.9999988681774344,-0.0015045410763331007,-3.1400881119458353,6556.159134309357,3279.0
3280,10302867,3141,-0.9999999516835016,-0.0003108584794632264,-3.1412817951053236,6558.1584977721195,3280.0
3281,10306009,3142,-0.9999993759626906,-0.0011171724259416912,-3.1404754809314657,6560.1584977721195,3281.0
3282,10309151,3142,-0.9999981500997736,-0.0019234856460967013,-3.13966916675761,6562.1584977721195,3282.0
3283,10312292,3141,-0.9999997336933114,-0.0007298036079123616,-3.140862849917097,6564.157861234882,3283.0
3284,10315434,3142,-0.9999988201712129,-0.0015361172424341112,-3.1400565357432404,6566.157861234882,3284.0
3285,10318575,3141,-0.9999999413692431,-0.00034243468037584195,-3.141250218902725,6568.157224697645,3285.0
3286,10321717,3142,-0.9999993401880998,-0.0011487486082699084,-3.140443904728871,6570.157224697645,3286.0
3287,10324859,3142,-0.9999980888648738,-0.0019550617893115555,-3.1396375905550182,6572.157224697645,3287.0
3288,10328000,3141,-0.9999997101503567,-0.0007613798017285688,-3.140831273714503,6574.156588160407,3288.0
3289,10331142,3142,-0.9999987711679358,-0.0015676934070009475,-3.140024959540648,6576.156588160407,3289.0
3290,10334283,3141,-0.9999999300579281,-0.00037401088094123525,-3.1412186427001325,6578.15595162317,3290.0
3291,10337425,3142,-0.9999993034164533,-0.0011803247894521685,-3.140412328526276,6580.15595162317,3291.0
3292,10340567,3142,-0.9999980266329193,-0.001986637930583035,-3.1396060143524207,6582.15595162317,3292.0
3293,10343708,3141,-0.9999996856103459,-0.0007929559947896823,-3.1407996975119046,6584.155315085933,3293.0
3294,10346850,3142,-0.9999987211676035,-0.0015992695700092273,-3.139993383338051,6586.155315085933,3294.0
3295,10349991,3141,-0.9999999177495564,-0.00040558708114169634,-3.1411870664975314,6588.154678548695,3295.0
3296,10353133,3142,-0.9999992656477504,-0.0012119009694635972,-3.1403807523236753,6590.154678548695,3296.0
3297,10356274,3141,-0.9999999998340504,-1.8218106633426177e-05,-3.1415744354831587,6592.154042011458,3297.0
3298,10359416,3142,-0.9999996600732786,-0.0008245321870643447,-3.140768121309302,6594.154042011458,3298.0
3299,10362558,3142,-0.9999986701702159,-0.001630845731426008,-3.139961807135451,6596.154042011458,3299.0
3300,10365699,3141,-0.9999999044441282,-0.00043716328093234506,-3.1411554902949366,6598.153405474221,3300.0
3301,10368841,3142,-0.999999226881992,-0.0012434771482636659,-3.140349176121078,6600.153405474221,3301.0
3302,10371982,3141,-0.9999999987602635,-4.979430921004619e-05,-3.1415428592805625,6602.152768936983,3302.0
3303,10375124,3142,-0.999999633539155,-0.0008561083785095128,-3.140736545106707,6604.152768936983,3303.0
3304,10378266,3142,-0.9999986181757731,-0.0016624218912171904,-3.1399302309328507,6606.152768936983,3304.0
3305,10381407,3141,-0.9999998901416437,-0.0004687394802951664,-3.1411239140923333,6608.152132399746,3305.0
3306,10384549,3142,-0.9999991871191778,-0.00127505332582652,-3.1403175999184776,6610.152132399746,3306.0
3307,10387690,3141,-0.99999999668942,-8.137051174106127e-05,-3.1415112830779623,6612.1514958625075,3307.0
3308,10390832,3142,-0.9999996060079754,-0.000887684569106405,-3.1407049689041067,6614.1514958625075,3308.0
3309,10393974,3142,-0.999998565184275,-0.001693998049351029,-3.13989865473025,6616.1514958625075,3309.0
3310,10397115,3141,-0.9999998748421027,-0.0005003156791895603,-3.141092337889731,6618.15085932527,3310.0
3311,10400257,3142,-0.9999991463593079,-0.001306629502119747,-3.140286023715876,6620.15085932527,3311.0
3312,10403398,3141,-0.9999999936215199,-0.00011294671418948698,-3.1414797068753635,6622.150222788033,3312.0
3313,10406540,3142,-0.9999995774797393,-0.0009192607588177125,-3.140673392701507,6624.150222788033,3313.0
3314,10409682,3142,-0.9999985111957219,-0.001725574205792672,-3.1398670785276526,6626.150222788033,3314.0
3315,10412823,3141,-0.9999998585455052,-0.0005318918775783874,-3.1410607616871355,6628.149586250795,3315.0
3316,10415965,3142,-0.999999104602382,-0.00133820567710435,-3.14025444751328,6630.149586250795,3316.0
3317,10419106,3141,-0.9999999895565632,-0.00014452291652814877,-3.141448130672762,6632.148949713558,3317.0
3318,10422248,3142,-0.9999995479544473,-0.0009508369476144102,-3.140641816498905,6634.148949713558,3318.0
3319,10425390,3142,-0.9999984562101136,-0.001757150360521963,-3.139835502325047,6636.148949713558,3319.0
3320,10428531,3141,-0.9999998412518514,-0.0005634680754492652,-3.1410291854845274,6638.148313176321,3320.0
3321,10431673,3142,-0.9999990618484005,-0.001369781850765463,-3.1402228713106735,6640.148313176321,3321.0
3322,10434814,3141,-0.9999999844945501,-0.00017609911872517778,-3.1414165544701578,6642.147676639083,3322.0
3323,10437956,3142,-0.9999995174320991,-0.0009824131354632339,-3.140610240296303,6644.147676639083,3323.0
3324,10441098,3142,-0.9999984002274503,-0.001788726513495645,-3.139803926122445,6646.147676639083,3324.0
3325,10444239,3141,-0.999999822961141,-0.0005950442727483198,-3.1409976092819294,6648.147040101846,3325.0
3326,10447381,3142,-0.9999990180973635,-0.001401358023053959,-3.1401912951080733,6650.147040101846,3326.0
3327,10450522,3141,-0.9999999784354803,-0.00020767532074079687,-3.14138497826756,6652.146403564609,3327.0
3328,10453664,3142,-0.9999994859126949,-0.0010139893223293456,-3.140578664093704,6654.146403564609,3328.0
3329,10456806,3142,-0.9999983432477321,-0.0018203026646797698,-3.1397723499198493,6656.146403564609,3329.0
3330,10459947,3141,-0.9999998036733745,-0.0006266204694501252,-3.140966033079336,6658.145767027371,3330.0
3331,10463089,3142,-0.9999989733492709,-0.001432934193938224,-3.1401597189054806,6660.145767027371,3331.0
3332,10466230,3141,-0.9999999713793541,-0.00023925152254282694,-3.141353402064968,6662.145130490134,3332.0
3333,10469372,3142,-0.9999994533962347,-0.001045565508176406,-3.1405470878911133,6664.145130490134,3333.0
3334,10472514,3142,-0.999998285270959,-0.0018518788140469908,-3.1397407737172554,6666.145130490134,3334.0
3335,10475655,3141,-0.9999997833885512,-0.000658196665529405,-3.1409344568767397,6668.1444939528965,3335.0
3336,10478797,3142,-0.9999989276041229,-0.001464510363398035,-3.1401281427028835,6670.1444939528965,3336.0
3337,10481938,3141,-0.9999999633261712,-0.00027082772411403464,-3.1413218258623683,6672.143857415659,3337.0
3338,10485080,3142,-0.9999994198827182,-0.0010771416929915916,-3.140515511688512,6674.143857415659,3338.0
3339,10488222,3142,-0.9999982262971308,-0.0018834549615720276,-3.1397091975146574,6676.143857415659,3339.0
3340,10491363,3141,-0.9999997621066719,-0.0006897728609530026,-3.1409028806741426,6678.143220878422,3340.0
3341,10494505,3142,-0.9999988808619192,-0.0014960865313992198,-3.1400965665002847,6680.143220878422,3341.0
3342,10497646,3141,-0.9999999542759319,-0.0003024039254156363,-3.1412902496597686,6682.142584341184,3342.0
3343,10500788,3142,-0.999999385372146,-0.0011087178767328612,-3.1404839354859106,6684.142584341184,3343.0
3344,10503930,3142,-0.9999981663262478,-0.0019150311072229692,-3.1396776213120554,6686.142584341184,3344.0
3345,10507071,3141,-0.9999997398277362,-0.0007213490556946118,-3.14087130447154,6688.141947803946,3345.0
3346,10510213,3142,-0.99999883312266,-0.0015276626979105275,-3.140064990297684,6690.141947803946,3346.0
3347,10513354,3141,-0.9999999442286361,-0.0003339801264183573,-3.141258673457166,6692.141311266709,3347.0
3348,10516496,3142,-0.9999993498645179,-0.0011402940593647113,-3.140452359283313,6694.141311266709,3348.0
3349,10519638,3142,-0.9999981053583104,-0.0019466072509632902,-3.1396460451094548,6696.141311266709,3349.0
3350,10522779,3141,-0.999999716551744,-0.0007529252497168704,-3.1408397282689378,6698.140674729471,3350.0
3351,10525921,3142,-0.9999987843863455,-0.0015592388628982681,-3.140033414095084,6700.140674729471,3351.0
3352,10529062,3141,-0.9999999331842837,-0.0003655563270824272,-3.141227097254569,6702.140038192234,3352.0
3353,10532204,3142,-0.9999993133598336,-0.001171870240861068,-3.1404207830807143,6704.140038192234,3353.0
3354,10535346,3142,-0.9999980433933183,-0.001978183392757028,-3.1396144689068595,6706.140038192234,3354.0
3355,10538487,3141,-0.9999996922786957,-0.0007845014429780785,-3.140808152066346,6708.139401654997,3355.0
3356,10541629,3142,-0.9999987346529753,-0.0015908150263230754,-3.140001837892492,6710.139401654997,3356.0
3357,10544770,3141,-0.9999999211428748,-0.0003971325273779351,-3.1411955210519764,6712.138765117759,3357.0
3358,10547912,3142,-0.9999992758580935,-0.0012034464211843517,-3.1403892068781203,6714.138765117759,3358.0
3359,10551053,3141,-0.9999999999523365,-9.763552186556731e-06,-3.1415828900376064,6716.138128580522,3359.0
3360,10554195,3142,-0.999999667008591,-0.0008160776354626293,-3.1407765758637485,6718.138128580522,3360.0
3361,10557337,3142,-0.9999986839225501,-0.001622391188168059,-3.139970261689894,6720.138128580522,3361.0
3362,10560478,3141,-0.9999999081044094,-0.0004287087272839769,-3.141163944849377,6722.1374920432845,3362.0
3363,10563620,3142,-0.9999992373592976,-0.0012350226003126484,-3.140357630675521,6724.1374920432845,3363.0
3364,10566761,3141,-0.9999999991455123,-4.1339754774630225e-05,-3.1415513138350066,6726.136855506047,3364.0
3365,10569903,3142,-0.9999996407414302,-0.0008476538271298364,-3.1407449996611545,6728.136855506047,3365.0
3366,10573045,3142,-0.9999986321950698,-0.0016539673483957405,-3.1399386854872957,6730.136855506047,3366.0
3367,10576186,3141,-0.9999998940688875,-0.00046028492676114427,-3.141132368646779,6732.13621896881,3367.0
3368,10579328,3142,-0.9999991978634459,-0.0012665987782079391,-3.1403260544729235,6734.13621896881,3368.0
3369,10582469,3141,-0.9999999973416316,-7.291595731900288e-05,-3.1415197376324095,6736.135582431572,3369.0
3370,10585611,3142,-0.999999613477213,-0.0008792300179608943,-3.1407134234585516,6738.135582431572,3370.0
3371,10588753,3142,-0.9999985794705342,-0.001685543506978174,-3.1399071092846933,6740.135582431572,3371.0
3372,10591894,3141,-0.9999998790363093,-0.000491861125785829,-3.141100792444175,6742.134945894335,3372.0
3373,10595036,3142,-0.9999991573705381,-0.001298174954848344,-3.140294478270318,6744.134945894335,3373.0
3374,10598177,3141,-0.9999999945406943,-0.00010449215980065241,-3.1414881614298023,6746.134309357098,3374.0
3375,10601319,3142,-0.9999995852159398,-0.0009108062079163717,-3.1406818472559475,6748.134309357098,3375.0
3376,10604461,3142,-0.9999985257489432,-0.0017171196638770087,-3.139875533082094,6750.134309357098,3376.0
3377,10607602,3141,-0.9999998630066744,-0.0005234373243125286,-3.1410692162415783,6752.13367281986,3377.0
3378,10610744,3142,-0.9999991158805751,-0.0013297511301851913,-3.1402629020677217,6754.13367281986,3378.0
3379,10613885,3141,-0.9999999907427003,-0.00013606836216941695,-3.141456585227204,6756.133036282623,3379.0
3380,10617027,3142,-0.9999995559576104,-0.0009423823969579207,-3.1406502710533495,6758.133036282623,3380.0
3381,10620169,3142,-0.9999984710302973,-0.0017486958190642032,-3.1398439568794942,6760.133036282623,3381.0
3382,10623310,3141,-0.9999998459799831,-0.0005550135223230789,-3.141037640038976,6762.132399745386,3382.0
3383,10626452,3142,-0.9999990733935562,-0.0013613273042019682,-3.1402313258651198,6764.132399745386,3383.0
3384,10629593,3141,-0.9999999859476499,-0.00016764456440418178,-3.1414250090246036,6766.131763208147,3384.0
3385,10632735,3142,-0.999999525702225,-0.0009739585850615023,-3.1406186948507497,6768.131763208147,3385.0
3386,10635877,3142,-0.9999984153145963,-0.001780271972507525,-3.139812380676895,6770.131763208147,3386.0
3387,10639018,3141,-0.9999998279562355,-0.0005865897197716807,-3.141006063836382,6772.13112667091,3387.0
3388,10642160,3142,-0.9999990299094816,-0.0013929034768523276,-3.1401997496625267,6774.13112667091,3388.0
3389,10645301,3141,-0.9999999801555429,-0.00019922076646278967,-3.1413934328220128,6776.1304901336725,3389.0
3390,10648443,3142,-0.9999994944497831,-0.001005534772187774,-3.140587118648156,6778.1304901336725,3390.0
3391,10651585,3142,-0.9999983586018405,-0.0018118481241709966,-3.1397808044743,6780.1304901336725,3391.0
3392,10654726,3141,-0.9999998089354316,-0.0006181659166368229,-3.1409744876337866,6782.129853596435,3392.0
3393,10657868,3142,-0.9999989854283514,-0.0014244796481153194,-3.1401681734599323,6784.129853596435,3393.0
3394,10661009,3141,-0.9999999733663794,-0.00023079696832605505,-3.1413618566194184,6786.129217059198,3394.0
3395,10664151,3142,-0.9999994622002855,-0.0010371109583112337,-3.1405555424455627,6788.129217059198,3395.0
3396,10667293,3142,-0.9999983008920295,-0.0018434242740265386,-3.139749228271707,6790.129217059198,3396.0
3397,10670434,3141,-0.9999997889175712,-0.0006497421128853547,-3.1409429114311913,6792.12858052196,3397.0
3398,10673576,3142,-0.9999989399501656,-0.0014560558179590216,-3.140136597257337,6794.12858052196,3398.0
3399,10676717,3141,-0.9999999655801592,-0.000262373169965098,-3.1413302804168177,6796.127943984723,3399.0
3400,10679859,3142,-0.9999994289537316,-0.0010686871434063003,-3.140523966242964,6798.127943984723,3400.0
3401,10683001,3142,-0.9999982421851636,-0.0018750004220498533,-3.139717652069108,6800.127943984723,3401.0
3402,10686142,3141,-0.9999997679026543,-0.0006813183084890689,-3.1409113352285933,6802.127307447486,3402.0
3403,10689284,3142,-0.9999988934749243,-0.0014876319863566842,-3.1401050210547354,6804.127307447486,3403.0
3404,10692425,3141,-0.9999999567968827,-0.000293949371340141,-3.1412987042142198,6806.126670910248,3404.0
3405,10695567,3142,-0.999999394710122,-0.0011002633274356612,-3.140492390040365,6808.126670910248,3405.0
3406,10698709,3142,-0.9999981824812431,-0.001906576568202605,-3.13968607586651,6810.126670910248,3406.0
3407,10701850,3141,-0.9999997458906813,-0.0007128945034133123,-3.1408797590259954,6812.126034373011,3407.0
3408,10704992,3142,-0.9999988460026278,-0.0015192081532619279,-3.1400734448521437,6814.126034373011,3408.0
3409,10708133,3141,-0.9999999470165493,-0.0003255255724196563,-3.1412671280116244,6816.125397835774,3409.0
3410,10711275,3142,-0.9999993594694564,-0.0011318395103672144,-3.1404608138377665,6818.125397835774,3410.0
3411,10714417,3142,-0.9999981217802677,-0.0019381527124576747,-3.139654499663909,6820.125397835774,3411.0
3412,10717558,3141,-0.9999997228816517,-0.0007444706976304785,-3.140848182823394,6822.124761298536,3412.0
3413,10720700,3142,-0.9999987975332756,-0.0015507843186666518,-3.1400418686495373,6824.124761298536,3413.0
3414,10723841,3141,-0.9999999362391597,-0.0003571017731788523,-3.1412355518090247,6826.124124761299,3414.0
3415,10726983,3142,-0.9999993232317346,-0.0011634156921723664,-3.1404292376351663,6828.124124761299,3415.0
3416,10730125,3142,-0.9999980600822378,-0.0019697288547761913,-3.139622923461312,6830.124124761299,3416.0
3417,10733266,3141,-0.9999996988755661,-0.0007760468911065292,-3.140816606620791,6832.1234882240615,3417.0
3418,10736408,3142,-0.9999987480668681,-0.0015823604825188195,-3.1400102924469375,6834.1234882240615,3418.0
3419,10739549,3141,-0.9999999244647136,-0.00038867797358770674,-3.141203975606419,6836.122851686824,3419.0
3420,10742691,3142,-0.9999992859969571,-0.0011949918728214849,-3.1403976614325626,6838.122851686824,3420.0
3421,10745832,3141,-0.9999999999991434,-1.3089977458325346e-06,-3.1415913445920474,6840.122215149586,3421.0
3422,10748974,3142,-0.999999673872424,-0.0008076230838040337,-3.140785030418193,6842.122215149586,3422.0
3423,10752116,3142,-0.9999986976034052,-0.0016139366447934923,-3.1399787162443373,6844.122215149586,3423.0
3424,10755257,3141,-0.9999999116932109,-0.00042025417360239174,-3.1411723994038203,6846.1215786123485,3424.0
3425,10758399,3142,-0.9999992477651237,-0.0012265680522739748,-3.1403660852299633,6848.1215786123485,3425.0
3426,10761540,3141,-0.9999999994592819,-3.28852003407378e-05,-3.1415597683894467,6850.120942075111,3426.0
3427,10764682,3142,-0.9999996478722258,-0.0008391992757002093,-3.140753454215591,6852.120942075111,3427.0
3428,10767824,3142,-0.999998646142887,-0.0016455128054608502,-3.1399471400417354,6854.120942075111,3428.0
3429,10770965,3141,-0.9999998979246517,-0.0004518303731991857,-3.1411408232012206,6856.120305537874,3429.0
3430,10774107,3142,-0.9999992085362344,-0.0012581442305048026,-3.140334509027363,6858.120305537874,3430.0
3431,10777248,3141,-0.9999999979223638,-6.446140290083613e-05,-3.141528192186848,6860.119669000636,3431.0
3432,10780390,3142,-0.9999996208749715,-0.0008707754667567437,-3.140721878012992,6862.119669000636,3432.0
3433,10783532,3142,-0.9999985936853137,-0.001677088964484082,-3.139915563839137,6864.119669000636,3433.0
3434,10786673,3141,-0.9999998831590361,-0.0004834065723444543,-3.1411092469986217,6866.119032463399,3434.0
3435,10789815,3142,-0.9999991683102893,-0.0012897204074766592,-3.1403029328247674,6868.119032463399,3435.0
3436,10792956,3141,-0.9999999953883892,-9.603760539466878e-05,-3.141496615984251,6870.118395926162,3436.0
3437,10796098,3142,-0.9999995928806606,-0.0009023516569444878,-3.1406903018103938,6872.118395926162,3437.0
3438,10799240,3142,-0.9999985402306854,-0.0017086651218390426,-3.1398839876365345,6874.118395926162,3438.0
3439,10802381,3141,-0.999999867396364,-0.0005149827710148564,-3.1410776707960153,6876.117759388924,3439.0
3440,10805523,3142,-0.9999991270872887,-0.0013212965831770349,-3.1402713566221574,6878.117759388924,3440.0
3441,10808664,3141,-0.999999991857358,-0.00012761380780180188,-3.1414650397816453,6880.117122851687,3441.0
3442,10811806,3142,-0.9999995638892938,-0.0009339278462385278,-3.1406587256077896,6882.117122851687,3442.0
3443,10814948,3142,-0.9999984857790016,-0.0017402412774866708,-3.139852411433936,6884.117122851687,3443.0
3444,10818089,3141,-0.9999998506366355,-0.0005465589691612505,-3.14104609459342,6886.1164863144495,3444.0
3445,10821231,3142,-0.9999990848672324,-0.001352872757543903,-3.140239780419563,6888.1164863144495,3445.0
3446,10824372,3141,-0.9999999873292702,-0.0001591900100736127,-3.1414334635790473,6890.115849777212,3446.0
3447,10827514,3142,-0.9999995339008709,-0.0009655040345913404,-3.140627149405195,6892.115849777212,3447.0
3448,10830656,3142,-0.999998430330263,-0.0017718174313967263,-3.13982083523134,6894.115849777212,3448.0
3449,10833797,3141,-0.9999998328798506,-0.0005781351667602336,-3.141014518390827,6896.115213239975,3449.0
3450,10836939,3142,-0.9999990416501201,-0.0013844489305598453,-3.140208204216971,6898.115213239975,3450.0
3451,10840080,3141,-0.9999999818041261,-0.00019076621218146978,-3.1414018873764546,6900.114576702737,3451.0
3452,10843222,3142,-0.999999502915392,-0.0009970802219840416,-3.140595573202598,6902.114576702737,3452.0
3453,10846364,3142,-0.9999983738844692,-0.0018033935835403653,-3.1397892590287433,6904.114576702737,3453.0
3454,10849505,3141,-0.9999998141260091,-0.0006097113637892172,-3.1409829421882276,6906.1139401655,3454.0
3455,10852647,3142,-0.9999989974359526,-0.0014160251021996914,-3.1401766280143746,6908.1139401655,3455.0
3456,10855788,3141,-0.9999999752819252,-0.0002223424141006391,-3.1413703111738607,6910.113303628263,3456.0
3457,10858930,3142,-0.9999994709328569,-0.0010286564083814103,-3.1405639970000023,6912.113303628263,3457.0
3458,10862072,3142,-0.9999983164416206,-0.0018349697338863192,-3.1397576828261466,6914.113303628263,3458.0
3459,10865213,3141,-0.9999997943751113,-0.000641287560208647,-3.1409513659856296,6916.112667091024,3459.0
3460,10868355,3142,-0.9999989522247291,-0.0014476012724290344,-3.140145051811777,6918.112667091024,3460.0
3461,10871496,3141,-0.9999999677626678,-0.0002539186158082882,-3.1413387349712565,6920.112030553787,3461.0
3462,10874638,3142,-0.9999994379532656,-0.0010602325937606233,-3.140532420797399,6922.112030553787,3462.0
3463,10877780,3142,-0.9999982580017172,-0.0018665458824107073,-3.139726106623542,6924.112030553787,3463.0
3464,10880921,3141,-0.9999997736271573,-0.0006728637559938679,-3.1409197897830268,6926.11139401655,3464.0
3465,10884063,3142,-0.9999989060164501,-0.0014791774412221954,-3.1401134756091724,6928.11139401655,3465.0
3466,10887204,3141,-0.9999999592463538,-0.0002854948172606915,-3.141307158768654,6930.110757479312,3466.0
3467,10890346,3142,-0.9999994039766186,-0.00109180877808106,-3.1405008445947975,6932.110757479312,3467.0
3468,10893488,3142,-0.9999981985647588,-0.0018981220290678895,-3.139694530420943,6934.110757479312,3468.0
3469,10896629,3141,-0.9999997518821468,-0.000704439951105368,-3.1408882135804266,6936.110120942075,3469.0
3470,10899771,3142,-0.9999988588111159,-0.0015107536085368894,-3.140081899406571,6938.110120942075,3470.0
3471,10902912,3141,-0.9999999497329835,-0.0003170710184265105,-3.141275582566054,6940.1094844048375,3471.0
3472,10906054,3142,-0.9999993690029153,-0.0011233849613101758,-3.1404692683921986,6942.1094844048375,3472.0
3473,10909196,3142,-0.9999981381307457,-0.0019296981738327642,-3.1396629542183443,6944.1094844048375,3473.0
3474,10912337,3141,-0.9999997291400801,-0.0007360161455131093,-3.1408566373778277,6946.1088478676,3474.0
3475,10915479,3142,-0.9999988106087263,-0.0015423297743443274,-3.1400503232039707,6948.1088478676,3475.0
3476,10918620,3141,-0.9999999392225564,-0.00034864721927537693,-3.1412440063634546,6950.108211330363,3476.0
3477,10921762,3142,-0.9999993330321563,-0.0011549611434197645,-3.1404376921895993,6952.108211330363,3477.0
3478,10924904,3142,-0.999998076699678,-0.001961274316678422,-3.1396313780157405,6954.108211330363,3478.0
3479,10928045,3141,-0.999999705400957,-0.0007675923391896824,-3.140825061175226,6956.107574793125,3479.0
3480,10931187,3142,-0.9999987614092811,-0.0015739059386124256,-3.140018747001372,6958.107574793125,3480.0
3481,10934328,3141,-0.9999999277150728,-0.000380223419776664,-3.1412124301608553,6960.106938255888,3481.0
3482,10937470,3142,-0.9999992960643412,-0.0011865373243789843,-3.1404061159869987,6962.106938255888,3482.0
3483,10940612,3142,-0.9999980142715554,-0.001992850457562515,-3.139599801813143,6964.106938255888,3483.0
3484,10943753,3141,-0.9999996806647776,-0.000799168532099163,-3.1407934849726264,6966.106301718651,3484.0
3485,10946895,3142,-0.9999987112127807,-0.0016054821013137344,-3.1399871707987708,6968.106301718651,3485.0
3486,10950036,3141,-0.9999999152105329,-0.00041179961989841105,-3.141180853958256,6970.105665181413,3486.0
3487,10953178,3142,-0.9999992580994704,-0.0012181135041543566,-3.140374539784399,6972.105665181413,3487.0
3488,10956319,3141,-0.9999999997015717,-2.443064590601746e-05,-3.1415682229438846,6974.105028644176,3488.0
3489,10959461,3142,-0.9999996549315422,-0.0008307447242080628,-3.1407619087700307,6976.105028644176,3489.0
3490,10962603,3142,-0.9999986600192249,-0.001637058262409067,-3.139955594596175,6978.105028644176,3490.0
3491,10965744,3141,-0.9999999017089366,-0.000443375819608567,-3.141149277755658,6980.104392106939,3491.0
3492,10968886,3142,-0.9999992191375436,-0.00124968968271337,-3.140342963581801,6982.104392106939,3492.0
3493,10972027,3141,-0.9999999984316164,-5.600684847871028e-05,-3.1415366467412853,6984.103755569701,3493.0
3494,10975169,3142,-0.9999996282012502,-0.0008623209154915763,-3.140730332567432,6986.103755569701,3494.0
3495,10978311,3142,-0.9999986078286139,-0.0016686344218749078,-3.139924018393576,6988.103755569701,3495.0
3496,10981452,3141,-0.9999998872102835,-0.00047495201887260487,-3.141117701553064,6990.103119032464,3496.0
3497,10984594,3142,-0.9999991791785611,-0.001281265860022585,-3.140311387379207,6992.103119032464,3497.0
3498,10987735,3141,-0.9999999961646046,-8.758305098807367e-05,-3.141505070538693,6994.102482495226,3498.0
3499,10990877,3142,-0.9999996004739021,-0.0008938971059092376,-3.1406987563648388,6996.102482495226,3499.0
3500,10994019,3142,-0.9999985546409479,-0.001700210579669341,-3.1398924421909853,6998.102482495226,3500.0
3501,10997160,3141,-0.9999998717145743,-0.0005065282176639981,-3.141086125350469,7000.101845957988,3501.0
3502,11000302,3142,-0.9999991382225228,-0.0013128420360514071,-3.1402798111766157,7002.101845957988,3502.0
3503,11003443,3141,-0.9999999929005361,-0.00011915925341051157,-3.141473494336101,7004.101209420751,3503.0
3504,11006585,3142,-0.9999995717494979,-0.0009254732954388499,-3.140667180162243,7006.101209420751,3504.0
3505,11009727,3142,-0.9999985004562265,-0.0017317867357751898,-3.1398608659883873,7008.101209420751,3505.0
3506,11012868,3141,-0.9999998552218083,-0.0005381044159531207,-3.1410545491478716,7010.100572883513,3506.0
3507,11016010,3142,-0.999999096269429,-0.0013444182107763417,-3.1402482349740195,7012.100572883513,3507.0
3508,11019151,3141,-0.9999999886394112,-0.00015073545572092707,-3.1414419181335016,7014.099936346276,3508.0
3509,11022293,3142,-0.9999995420280376,-0.0009570494840475495,-3.140635603959645,7016.099936346276,3509.0
3510,11025435,3142,-0.9999984452744503,-0.0017633628901564946,-3.1398292897857876,7018.099936346276,3510.0
3511,11028576,3141,-0.999999837731986,-0.000569680613707619,-3.141022972945272,7020.099299809039,3511.0
3512,11031718,3142,-0.9999990533192793,-0.0013759943841649652,-3.140216658771419,7022.099299809039,3512.0
3513,11034859,3141,-0.9999999833812295,-0.000182311657878208,-3.141410341930905,7024.098663271801,3513.0
3514,11038001,3142,-0.9999995113095211,-0.0009886256716970024,-3.1406040277570524,7026.098663271801,3514.0
3515,11041143,3142,-0.9999983890956189,-0.0017949390427685098,-3.139797713583199,7028.098663271801,3515.0
3516,11044284,3141,-0.9999998192451074,-0.0006012568108824363,-3.140991396742684,7030.098026734564,3516.0
3517,11047426,3142,-0.9999990093720741,-0.0014075705561724622,-3.1401850825688276,7032.098026734564,3517.0
3518,11050567,3141,-0.9999999771259913,-0.00021388785985091994,-3.1413787657283114,7034.097390197327,3518.0
3519,11053709,3142,-0.9999994795939487,-0.0010202018583646156,-3.1405724515544553,7036.097390197327,3519.0
3520,11056851,3142,-0.9999983319197324,-0.001826515193599532,-3.139766137380602,7038.097390197327,3520.0
3521,11059992,3141,-0.9999997997611721,-0.0006328330074728399,-3.1409598205400813,7040.096753660089,3521.0
3522,11063134,3142,-0.9999989644278132,-0.0014391467267889217,-3.140153506366224,7042.096753660089,3522.0
3523,11066275,3141,-0.9999999698736969,-0.00024546406161912834,-3.141347189525709,7044.096117122852,3523.0
3524,11069417,3142,-0.99999944688132,-0.0010517780440196735,-3.140540875351854,7046.096117122852,3524.0
3525,11072559,3142,-0.9999982737467913,-0.0018580913426130782,-3.1397345611780008,7048.096117122852,3525.0
3526,11075700,3141,-0.9999997792801807,-0.0006644092034295732,-3.140928244337481,7050.0954805856145,3526.0
3527,11078842,3142,-0.9999989184864969,-0.0014707228959672774,-3.1401219301636236,7052.0954805856145,3527.0
3528,11081983,3141,-0.9999999616243455,-0.00027704026314273925,-3.1413156133231066,7054.094844048377,3528.0
3529,11085125,3142,-0.9999994131716355,-0.001083354228627358,-3.1405092991492514,7056.094844048377,3529.0
3530,11088267,3142,-0.9999982145767953,-0.001889667489776428,-3.1397029849753975,7058.094844048377,3530.0
3531,11091408,3141,-0.999999757802133,-0.0006959853987232859,-3.1408966681348813,7060.09420751114,3531.0
3532,11094550,3142,-0.999998871548125,-0.001502299063674609,-3.1400903539610274,7062.09420751114,3532.0
3533,11097691,3141,-0.9999999523779377,-0.0003086164643806537,-3.1412840371205135,7064.093570973902,3533.0
3534,11100833,3142,-0.999999378464895,-0.0011149304121455947,-3.1404777229466583,7066.093570973902,3534.0
3535,11103975,3142,-0.9999981544097444,-0.001921243635048581,-3.139671408772801,7068.093570973902,3535.0
3536,11107116,3141,-0.9999997353270289,-0.0007275615933182703,-3.1408650919322865,7070.092934436664,3536.0
3537,11110258,3142,-0.9999988236126975,-0.0015338752298847218,-3.1400587777584312,7072.092934436664,3537.0
3538,11113399,3141,-0.9999999421344736,-0.00034019266531502867,-3.1412524609179164,7074.092297899427,3538.0
3539,11116541,3142,-0.9999993427610985,-0.0011465065945543689,-3.1404461467440625,7076.092297899427,3539.0
3540,11119683,3142,-0.9999980932456388,-0.0019528197784037088,-3.139639832570206,7078.092297899427,3540.0
3541,11122824,3141,-0.9999997118548686,-0.0007591377871896427,-3.14083351572969,7080.091661362189,3541.0
3542,11125966,3142,-0.9999987746802149,-0.0015654513945683312,-3.140027201555832,7082.091661362189,3542.0
3543,11129107,3141,-0.9999999308939528,-0.0003717688659131922,-3.1412208847153162,7084.091024824952,3543.0
3544,11132249,3142,-0.999999306060246,-0.0011780827758263986,-3.1404145705414606,7086.091024824952,3544.0
3545,11135391,3142,-0.9999980310844784,-0.0019843959198187727,-3.139608256367604,7088.091024824952,3545.0
3546,11138532,3141,-0.9999996873856518,-0.0007907139803107142,-3.1408019395270865,7090.090388287715,3546.0
3547,11141674,3142,-0.9999987247506769,-0.001597027557698789,-3.1399956253532246,7092.090388287715,3547.0
3548,11144815,3141,-0.9999999186563754,-0.0004033450661492551,-3.1411893085127076,7094.089751750477,3548.0
3549,11147957,3142,-0.9999992683623375,-0.0012096589559315815,-3.140382994338851,7096.089751750477,3549.0
3550,11151098,3141,-0.9999999998723823,-1.5976091458128876e-05,-3.1415766774983345,7098.08911521324,3550.0
3551,11154240,3142,-0.9999996619193787,-0.0008222901726476272,-3.140770363324479,7100.08911521324,3551.0
3552,11157382,3142,-0.9999986738240834,-0.0016286037192323197,-3.139964049150622,7102.08911521324,3552.0
3553,11160523,3141,-0.9999999054217417,-0.000434921265976597,-3.141157732310105,7104.0884786760025,3553.0
3554,11163665,3142,-0.9999992296673733,-0.0012412351348209648,-3.140351418136251,7106.0884786760025,3554.0
3555,11166806,3141,-0.9999999988693897,-4.755229404008878e-05,-3.141545101295735,7108.087842138765,3555.0
3556,11169948,3142,-0.9999996354560495,-0.0008538663641573533,-3.1407387871218786,7110.087842138765,3556.0
3557,11173090,3142,-0.9999986219004349,-0.0016601798791381441,-3.139932472948024,7112.087842138765,3557.0
3558,11176231,3141,-0.9999998911900514,-0.0004664974653666541,-3.141126156107507,7114.087205601528,3558.0
3559,11179373,3142,-0.9999991899753533,-0.0012728113124760045,-3.1403198419336475,7116.087205601528,3559.0
3560,11182514,3141,-0.9999999968693405,-7.912849658114184e-05,-3.1415135250931296,7118.08656906429,3560.0
3561,11185656,3142,-0.9999996079956643,-0.0008854425548188776,-3.1407072109192753,7120.08656906429,3561.0
3562,11188798,3142,-0.9999985689797312,-0.001691756037391935,-3.139900896745422,7122.08656906429,3562.0
3563,11191939,3141,-0.9999998759613047,-0.0004980736642928201,-3.141094579904907,7124.085932527053,3563.0
3564,11195081,3142,-0.9999991492862775,-0.001304387488853833,-3.1402882657310527,7126.085932527053,3564.0
3565,11198222,3141,-0.9999999938722348,-0.00011070469902983081,-3.1414819488905374,7128.085295989816,3565.0
3566,11201364,3142,-0.9999995795382226,-0.0009170187445882084,-3.1406756347166813,7130.085295989816,3566.0
3567,11204506,3142,-0.9999985150619721,-0.00172333219395523,-3.139869320542824,7132.085295989816,3567.0
3568,11207647,3141,-0.9999998597355017,-0.0005296498627219031,-3.1410630037023077,7134.084659452578,3568.0
3569,11210789,3142,-0.9999991076001462,-0.001335963663937148,-3.140256689528451,7136.084659452578,3569.0
3570,11213930,3141,-0.9999999898780725,-0.0001422809013754492,-3.1414503726879377,7138.084022915341,3570.0
3571,11217072,3142,-0.999999550083725,-0.000948594933449611,-3.1406440585140807,7140.084022915341,3571.0
3572,11220214,3142,-0.999998460147158,-0.0017549083488000577,-3.139837744340226,7142.084022915341,3572.0
3573,11223355,3141,-0.9999998425126421,-0.0005612260606252179,-3.141031427499706,7144.083386378104,3573.0
3574,11226497,3142,-0.9999990649169591,-0.001367539837689097,-3.1402251133258496,7146.083386378104,3574.0
3575,11229638,3141,-0.9999999848868537,-0.00017385710358728081,-3.14141879648533,7148.082749840865,3575.0
3576,11232780,3142,-0.9999995196321712,-0.0009801711213708066,-3.1406124823114747,7150.082749840865,3576.0
3577,11235922,3142,-0.9999984042352891,-0.0017864845019034405,-3.1398061681376195,7152.082749840865,3577.0
3578,11239063,3141,-0.999999824292726,-0.0005928022579707817,-3.1409998512971025,7154.082113303628,3578.0
3579,11242205,3142,-0.9999990212367162,-0.0013991160100820389,-3.1401935371232432,7156.082113303628,3579.0
3580,11245346,3141,-0.9999999788985783,-0.00020543330561984403,-3.1413872202827284,7158.081476766391,3580.0
3581,11248488,3142,-0.999999488183561,-0.001011747308310252,-3.140580906108873,7160.081476766391,3581.0
3582,11251630,3142,-0.999998347326365,-0.0018180606532216346,-3.1397745919350175,7162.081476766391,3582.0
3583,11254771,3141,-0.9999998050757536,-0.000624378454724643,-3.1409682750944996,7164.080840229153,3583.0
3584,11257913,3142,-0.9999989765594178,-0.0014306921810743353,-3.1401619609206426,7166.080840229153,3584.0
3585,11261054,3141,-0.9999999719132464,-0.000237009507448612,-3.1413556440801256,7168.080203691916,3585.0
3586,11264196,3142,-0.9999994557378952,-0.0010433234942417713,-3.140549329906271,7170.080203691916,3586.0
3587,11267338,3142,-0.9999982894203859,-0.0018496368027276244,-3.1397430157324147,7172.080203691916,3587.0
3588,11270479,3141,-0.999999784861725,-0.0006559546508533065,-3.1409366988918994,7174.079567154678,3588.0
3589,11273621,3142,-0.9999989308850638,-0.0014622683506381293,-3.1401303847180437,7176.079567154678,3589.0
3590,11276762,3141,-0.9999999639308579,-0.00026858570903576245,-3.141324067877528,7178.078930617441,3590.0
3591,11279904,3142,-0.999999422295173,-0.0010748996791295363,-3.140517753703672,7180.078930617441,3591.0
3592,11283046,3142,-0.999998230517352,-0.00188121295038634,-3.139711439529815,7182.078930617441,3592.0
3593,11286187,3141,-0.9999997636506399,-0.000687530846331135,-3.140905122689296,7184.078294080204,3593.0
3594,11289329,3142,-0.9999988842136545,-0.0014938445187495113,-3.1400988085154395,7186.078294080204,3594.0
3595,11292470,3141,-0.9999999549514129,-0.00030016191036250843,-3.1412924916749234,7188.077657542966,3595.0
3596,11295612,3142,-0.9999993878553949,-0.0011064758629524276,-3.1404861775010664,7190.077657542966,3596.0
3597,11298754,3142,-0.9999981706172635,-0.0019127890961732998,-3.139679863327211,7192.077657542966,3597.0
3598,11301895,3141,-0.9999997414424984,-0.0007191070411195227,-3.140873546486697,7194.077021005729,3598.0
3599,11305037,3142,-0.9999988365451894,-0.001525420685367653,-3.1400672323128394,7196.077021005729,3599.0
3600,11308178,3141,-0.9999999449749112,-0.00033173811138740444,-3.141260915472321,7198.076384468492,3600.0
3601,11311320,3142,-0.9999993524185611,-0.0011380520456663057,-3.140454601298466,7200.076384468492,3601.0
3602,11314462,3142,-0.99999810972012,-0.0019443652400495458,-3.1396482871246114,7202.076384468492,3602.0
3603,11317603,3141,-0.9999997182373006,-0.000750683235192078,-3.140841970284096,7204.075747931254,3603.0
3604,11320745,3142,-0.9999987878796692,-0.0015569968504619892,-3.140035656110242,7206.075747931254,3604.0
3605,11323886,3141,-0.9999999340013531,-0.00036331431207306514,-3.1412293392697275,7208.075111394017,3605.0
3606,11327028,3142,-0.9999993159846712,-0.0011696282272411786,-3.140423025095871,7210.075111394017,3606.0
3607,11330170,3142,-0.9999980478259219,-0.001975941381983196,-3.139616710922015,7212.075111394017,3607.0
3608,11333311,3141,-0.9999996940350464,-0.0007822594285128686,-3.140810394081499,7214.0744748567795,3608.0
3609,11336453,3142,-0.9999987382170936,-0.0015885730140048498,-3.1400040799076434,7216.0744748567795,3609.0
3610,11339594,3141,-0.9999999220307386,-0.00039489051240254575,-3.1411977630671277,7218.073838319542,3610.0
3611,11342736,3142,-0.9999992785537253,-0.0012012044076538128,-3.140391448893271,7220.073838319542,3611.0
3612,11345877,3141,-0.9999999999717134,-7.521537036548178e-06,-3.141585132052757,7222.073201782304,3612.0
3613,11349019,3142,-0.9999996688357362,-0.0008138356210533027,-3.140778817878902,7224.073201782304,3613.0
3614,11352161,3142,-0.9999986875574626,-0.001620149175959903,-3.1399725037050485,7226.073201782304,3614.0
3615,11355302,3141,-0.9999999090630676,-0.00042646671233193944,-3.141166186864534,7228.0725652450665,3615.0
3616,11358444,3142,-0.9999992401257237,-0.001232780586862003,-3.1403598726906785,7230.0725652450665,3616.0
3617,11361585,3141,-0.9999999992356834,-3.9097739618338514e-05,-3.141553555850165,7232.071928707829,3617.0
3618,11364727,3142,-0.9999996426393696,-0.0008454118127812943,-3.1407472416763063,7234.071928707829,3618.0
3619,11367869,3142,-0.9999986359007763,-0.0016517253363073354,-3.1399409275024466,7236.071928707829,3619.0
3620,11371010,3141,-0.99999989509834,-0.0004580429118422105,-3.1411346106619344,7238.071292170592,3620.0
3621,11374152,3142,-0.9999992007006661,-0.0012643567648480871,-3.1403282964880783,7240.071292170592,3621.0
3622,11377293,3141,-0.9999999975025969,-7.067394217580636e-05,-3.1415219796475586,7242.070655633354,3622.0
3623,11380435,3142,-0.9999996154459467,-0.0008769880036764663,-3.1407156654737003,7244.070655633354,3623.0
3624,11383577,3142,-0.9999985832470348,-0.0016833014950074629,-3.1399093512998446,7246.070655633354,3624.0
3625,11386718,3141,-0.9999998801365558,-0.0004896191109067728,-3.141103034459324,7248.070019096117,3625.0
3626,11389860,3142,-0.9999991602785528,-0.0012959329415823835,-3.1402967202854697,7250.070019096117,3626.0
3627,11393001,3141,-0.999999994772454,-0.00010225014465935908,-3.141490403444956,7252.06938255888,3627.0
3628,11396143,3142,-0.9999995872554678,-0.0009085641936928768,-3.1406840892710988,7254.06938255888,3628.0
3629,11399285,3142,-0.9999985295962381,-0.0017148776520294613,-3.1398777750972426,7256.06938255888,3629.0
3630,11402426,3141,-0.9999998641777156,-0.0005211953094732292,-3.1410714582567234,7258.068746021642,3630.0
3631,11405568,3142,-0.9999991188593839,-0.0013275091170185855,-3.1402651440828673,7260.068746021642,3631.0
3632,11408709,3141,-0.9999999910452545,-0.00013382634704134545,-3.1414588272423525,7262.068109484405,3632.0
3633,11411851,3142,-0.9999995580679327,-0.0009401403828016485,-3.140652513068499,7264.068109484405,3633.0
3634,11414993,3142,-0.9999984749483865,-0.0017464538073404137,-3.1398461988946416,7266.068109484405,3634.0
3635,11418134,3141,-0.9999998472218186,-0.0005527715075166272,-3.1410398820541263,7268.0674729471675,3635.0
3636,11421276,3142,-0.9999990764431593,-0.0013590852911244964,-3.140233567880271,7270.0674729471675,3636.0
3637,11424417,3141,-0.9999999863209983,-0.0001654025492861773,-3.1414272510397527,7272.06683640993,3637.0
3638,11427559,3142,-0.9999995278833415,-0.0009717165709746781,-3.1406209368658975,7274.06683640993,3638.0
3639,11430701,3142,-0.9999984193034798,-0.001778029960908386,-3.1398146226920423,7276.06683640993,3639.0
3640,11433842,3141,-0.9999998292688652,-0.0005843477050084909,-3.1410083058515292,7278.066199872693,3640.0
3641,11436984,3142,-0.9999990330298788,-0.0013906614638764343,-3.140201991677674,7280.066199872693,3641.0
3642,11440125,3141,-0.9999999805996854,-0.00019697875135963588,-3.1413956748371596,7282.065563335455,3642.0
3643,11443267,3142,-0.999999496701694,-0.0010032927581715223,-3.140589360663303,7284.065563335455,3643.0
3644,11446409,3142,-0.9999983626615181,-0.0018096061127016332,-3.139783046489445,7286.065563335455,3644.0
3645,11449550,3141,-0.9999998103188555,-0.0006159239019205365,-3.1409767296489295,7288.064926798218,3645.0
3646,11452692,3142,-0.999998988619543,-0.0014222376352444562,-3.1401704154750743,7290.064926798218,3646.0
3647,11455833,3141,-0.9999999738813165,-0.0002285549532425045,-3.141364098634561,7292.064290260981,3647.0
3648,11458975,3142,-0.9999994645229906,-0.0010348689443713409,-3.1405577844607055,7294.064290260981,3648.0
3649,11462117,3142,-0.9999983050225014,-0.0018411822626911685,-3.139751470286847,7296.064290260981,3649.0
3650,11465258,3141,-0.9999997903717894,-0.0006475000982145557,-3.1409451534463337,7298.063653723742,3650.0
3651,11468400,3142,-0.9999989432121515,-0.0014538138051900771,-3.1401388392724785,7300.063653723742,3651.0
3652,11471541,3141,-0.9999999661658907,-0.00026013115489772673,-3.141332522431962,7302.063017186505,3652.0
3653,11474683,3142,-0.9999994313472311,-0.0010664451295410516,-3.1405262082581067,7304.063017186505,3653.0
3654,11477825,3142,-0.9999982463864296,-0.001872758410845892,-3.1397198940842483,7306.063017186505,3654.0
3655,11480966,3141,-0.999999769427667,-0.0006790762938676789,-3.1409135772437335,7308.062380649268,3655.0
3656,11484108,3142,-0.9999988968077046,-0.0014853899736891269,-3.14010726306988,7310.062380649268,3656.0
3657,11487249,3141,-0.9999999574534082,-0.00029170735629483943,-3.1413009462293613,7312.06174411203,3657.0
3658,11490391,3142,-0.9999993971744159,-0.0010980213136490718,-3.1404946320555056,7314.06174411203,3658.0
3659,11493533,3142,-0.9999981867533033,-0.0019043345571310305,-3.139688317881652,7316.06174411203,3659.0
3660,11496674,3141,-0.9999997474864882,-0.0007106524888384294,-3.1408820010411382,7318.061107574793,3660.0
3661,11499816,3142,-0.9999988494062021,-0.0015169661407080522,-3.140075686867281,7320.061107574793,3661.0
3662,11502957,3141,-0.9999999477438694,-0.000323283557398082,-3.1412693700267638,7322.0604710375555,3662.0
3663,11506099,3142,-0.9999993620045443,-0.0011295974966590782,-3.140463055852908,7324.0604710375555,3663.0
3664,11509241,3142,-0.9999981261231222,-0.0019359107015188644,-3.139656741679054,7326.0604710375555,3664.0
3665,11512382,3141,-0.999999724548253,-0.0007422286831078896,-3.140850424838536,7328.059834500318,3665.0
3666,11515524,3142,-0.999998801007644,-0.0015485423062177302,-3.1400441106646784,7330.059834500318,3666.0
3667,11518665,3141,-0.9999999370372741,-0.0003548597581790243,-3.1412377938241667,7332.059197963081,3667.0
3668,11521807,3142,-0.9999993258376169,-0.0011611736785408506,-3.1404314796503123,7334.059197963081,3668.0
3669,11524949,3142,-0.9999980644958862,-0.001967486843976953,-3.1396251654764558,7336.059197963081,3669.0
3670,11528090,3141,-0.9999997006129616,-0.0007738048766298384,-3.140818848635941,7338.058561425843,3670.0
3671,11531232,3142,-0.9999987516120309,-0.001580118470175268,-3.140012534462084,7340.058561425843,3671.0
3672,11534373,3141,-0.9999999253336221,-0.0003864359586106559,-3.1412062176215647,7342.057924888606,3672.0
3673,11537515,3142,-0.9999992886736335,-0.001192749859271987,-3.14039990344771,7344.057924888606,3673.0
3674,11540657,3142,-0.9999980018715958,-0.0019990629844744983,-3.139593589273856,7346.057924888606,3674.0
3675,11543798,3141,-0.9999996756806138,-0.0008053810693892403,-3.140787272433337,7348.057288351369,3675.0
3676,11546940,3142,-0.9999987012193624,-0.001611694632565755,-3.139980958259481,7350.057288351369,3676.0
3677,11550081,3141,-0.9999999126329138,-0.00041801215865259426,-3.141174641418967,7352.056651814131,3677.0
3678,11553223,3142,-0.9999992505125945,-0.001224326038809774,-3.140368327245111,7354.056651814131,3678.0
3679,11556364,3141,-0.9999999995304976,-3.064318519075006e-05,-3.1415620104045976,7356.056015276894,3679.0
3680,11559506,3142,-0.99999964975121,-0.000836957261336965,-3.140755696230742,7358.056015276894,3680.0
3681,11562648,3142,-0.9999986498296383,-0.0016432707933410088,-3.1399493820568867,7360.056015276894,3681.0
3682,11565789,3141,-0.999999898935149,-0.00044958835827864954,-3.1411430652163688,7362.055378739657,3682.0
3683,11568931,3142,-0.9999992113544997,-0.0012559022171257542,-3.1403367510425135,7364.055378739657,3683.0
3684,11572072,3141,-0.9999999980643738,-6.221938775620216e-05,-3.141530434201997,7366.054742202419,3684.0
3685,11575214,3142,-0.99999962282475,-0.0008685334524523192,-3.1407241200281444,7368.054742202419,3685.0
3686,11578356,3142,-0.9999985974428593,-0.0016748469524820327,-3.139917805854288,7370.054742202419,3686.0
3687,11581497,3141,-0.9999998842403276,-0.0004811645574554492,-3.1411114890137712,7372.054105665182,3687.0
3688,11584639,3142,-0.9999991711993488,-0.001287478394189716,-3.1403051748399156,7374.054105665182,3688.0
3689,11587780,3141,-0.9999999956011937,-9.379559025436187e-05,-3.141498857999401,7376.053469127944,3689.0
3690,11590922,3142,-0.9999995949012335,-0.000900109642702665,-3.140692543825546,7378.053469127944,3690.0
3691,11594064,3142,-0.9999985440590251,-0.0017064231099526534,-3.13988622965169,7380.053469127944,3691.0
3692,11597205,3141,-0.9999998685484499,-0.0005127407561512096,-3.141079912811175,7382.052832590706,3692.0
3693,11600347,3142,-0.9999991300471425,-0.0013190545699675886,-3.1402735986373203,7384.052832590706,3693.0
3694,11603488,3141,-0.9999999921409568,-0.00012537179266167015,-3.1414672817968032,7386.052196053469,3694.0
3695,11606630,3142,-0.999999565980661,-0.0009316858320571638,-3.140660967622946,7388.052196053469,3695.0
3696,11609772,3142,-0.9999984896781358,-0.0017379992657198312,-3.1398546534490936,7390.052196053469,3696.0
3697,11612913,3141,-0.9999998518595156,-0.0005443169543359584,-3.141048336608579,7392.0515595162315,3697.0
3698,11616055,3142,-0.9999990878978801,-0.0013506307444290434,-3.1402420224347263,7394.0515595162315,3698.0
3699,11619196,3141,-0.9999999876836634,-0.00015694799493466867,-3.141435705594214,7396.050922978994,3699.0
3700,11622338,3142,-0.9999995360630325,-0.0009632620204674912,-3.1406293914203616,7398.050922978994,3700.0
3701,11625480,3142,-0.9999984343001912,-0.0017695754197462616,-3.139823077246505,7400.050922978994,3701.0
3702,11628621,3141,-0.9999998341735249,-0.0005758931519695985,-3.1410167604059906,7402.050286441757,3702.0
3703,11631763,3142,-0.9999990447515623,-0.001382206917540419,-3.140210446232136,7404.050286441757,3703.0
3704,11634904,3141,-0.9999999822293133,-0.00018852419705544499,-3.141404129391621,7406.049649904519,3704.0
3705,11638046,3142,-0.9999995051483475,-0.0009948382079286618,-3.1405978152177654,7408.049649904519,3705.0
3706,11641188,3142,-0.9999983779251919,-0.0018011515720143647,-3.1397915010439106,7410.049649904519,3706.0
3707,11644329,3141,-0.9999998154904779,-0.0006074693490364561,-3.1409851842033953,7412.049013367282,3707.0
3708,11647471,3142,-0.9999990006081888,-0.0014137830892783116,-3.14017887002954,7414.049013367282,3708.0
3709,11650612,3141,-0.9999999757779068,-0.00022010039899417983,-3.1413725531890218,7416.048376830045,3709.0
3710,11653754,3142,-0.9999994732366068,-0.0010264143944020091,-3.140566239015165,7418.048376830045,3710.0
3711,11656896,3142,-0.9999983205531373,-0.00183272772249459,-3.139759924841308,7420.048376830045,3711.0
3712,11660037,3141,-0.9999997958103746,-0.0006390455455061014,-3.1409536080007916,7422.047740292807,3712.0
3713,11663179,3142,-0.9999989554677599,-0.0014453592596164388,-3.140147293826935,7424.047740292807,3713.0
3714,11666320,3141,-0.9999999683294439,-0.00025167660071770203,-3.1413409769864185,7426.04710375557,3714.0
3715,11669462,3142,-0.9999994403278099,-0.0010579905798543765,-3.1405346628125628,7428.04710375557,3715.0
3716,11672604,3142,-0.999998262184028,-0.0018643038711457596,-3.1397283486387075,7430.04710375557,3716.0
3717,11675745,3141,-0.9999997751332147,-0.0006706217413331337,-3.140922031798193,7432.0464672183325,3717.0
3718,11678887,3142,-0.9999989093302752,-0.0014769354285095386,-3.140115717624334,7434.0464672183325,3718.0
3719,11682028,3141,-0.9999999598839243,-0.0002832528021842154,-3.1413094007838214,7436.045830681095,3719.0
3720,11685170,3142,-0.999999406421957,-0.0010895667642457927,-3.1405030866099666,7438.045830681095,3720.0
3721,11688312,3142,-0.9999982028178639,-0.0018958800179330498,-3.1396967724361122,7440.045830681095,3721.0
3722,11691453,3141,-0.9999997534589985,-0.0007021979364886598,-3.140890455595598,7442.045194143858,3722.0
3723,11694595,3142,-0.9999988621957353,-0.0015085115959227655,-3.14008414142174,7444.045194143858,3723.0
3724,11697736,3141,-0.999999950441348,-0.00031482900337125865,-3.141277824581221,7446.04455760662,3724.0
3725,11700878,3142,-0.999999371519048,-0.0011211429475555823,-3.140471510407365,7448.04455760662,3725.0
3726,11704020,3142,-0.999998142454645,-0.0019274561628339097,-3.1396651962335125,7450.04455760662,3726.0
3727,11707161,3141,-0.9999997307877262,-0.0007337741309487941,-3.1408588793929972,7452.043921069382,3727.0
3728,11710303,3142,-0.9999988140641396,-0.0015400877618390258,-3.140052565219139,7454.043921069382,3728.0
3729,11713444,3141,-0.9999999400017155,-0.0003464052042449512,-3.1412462483786205,7456.043284532145,3729.0
3730,11716586,3142,-0.9999993356190833,-0.0011527191297440727,-3.1404399342047675,7458.043284532145,3730.0
3731,11719728,3142,-0.9999980810943714,-0.001959032305813239,-3.139633620030913,7460.043284532145,3731.0
3732,11722869,3141,-0.9999997071193973,-0.0007653503246776617,-3.1408273031903966,7462.042647994907,3732.0
3733,11726011,3142,-0.9999987649354888,-0.0015716639262171588,-3.1400209890165405,7464.042647994907,3733.0
3734,11729152,3141,-0.9999999285650264,-0.0003779814047699061,-3.141214672176023,7466.04201145767,3734.0
3735,11732294,3142,-0.9999992987220626,-0.0011842953107861923,-3.140408358002167,7468.04201145767,3735.0
3736,11735436,3142,-0.9999980187370429,-0.0019906084468431884,-3.1396020438283094,7470.04201145767,3736.0
3737,11738577,3141,-0.9999996824540123,-0.0007969265176464559,-3.1407957269877933,7472.041374920433,3737.0
3738,11741719,3142,-0.9999987148097826,-0.0016032400890330508,-3.139989412813937,7474.041374920433,3738.0
3739,11744860,3141,-0.9999999161312806,-0.0004095576049194023,-3.141183095973424,7476.040738383195,3739.0
3740,11748002,3142,-0.999999260827986,-0.0012158714906445147,-3.1403767817995694,7478.040738383195,3740.0
3741,11751143,3141,-0.9999999997538322,-2.2188630737372808e-05,-3.141570464959054,7480.040101845958,3741.0
3742,11754285,3142,-0.9999996567915711,-0.0008285027098132347,-3.140764150785197,7482.040101845958,3742.0
3743,11757427,3142,-0.9999986636870212,-0.0016348162502415474,-3.1399578366113428,7484.040101845958,3743.0
3744,11760568,3141,-0.9999999027004786,-0.0004411338046598749,-3.141151519770826,7486.0394653087205,3744.0
3745,11763710,3142,-0.9999992219368534,-0.0012474476692911738,-3.140345205596971,7488.0394653087205,3745.0
3746,11766851,3141,-0.9999999985546715,-5.376483330695572e-05,-3.1415388887564606,7490.038828771483,3746.0
3747,11769993,3142,-0.9999996301320734,-0.0008600789011500454,-3.1407325745826045,7492.038828771483,3747.0
3748,11773135,3142,-0.9999986115672044,-0.0016663924098184197,-3.1399262604087497,7494.038828771483,3748.0
3749,11776276,3141,-0.9999998882726199,-0.0004727100039528265,-3.1411199435682353,7496.038192234246,3749.0
3750,11779418,3142,-0.9999991820486652,-0.0012790238466855392,-3.140313629394381,7498.038192234246,3750.0
3751,11782559,3141,-0.9999999963584538,-8.53410358241195e-05,-3.1415073125538657,7500.037555697008,3751.0
3752,11785701,3142,-0.9999996024755197,-0.0008916550916326657,-3.140700998380009,7502.037555697008,3752.0
3753,11788843,3142,-0.9999985584503325,-0.0016979685677361064,-3.139894684206155,7504.037555697008,3753.0
3754,11791984,3141,-0.9999998728477048,-0.0005042862027817037,-3.141088367365638,7506.036919159771,3754.0
3755,11795126,3142,-0.9999991411634211,-0.0013106000228119696,-3.140282053191784,7508.036919159771,3755.0
3756,11798267,3141,-0.9999999931651796,-0.0001169172382611481,-3.1414757363512655,7510.036282622534,3756.0
3757,11801409,3142,-0.9999995738219097,-0.0009232312812340422,-3.1406694221774054,7512.036282622534,3757.0
3758,11804551,3142,-0.9999985043364054,-0.001729544723973742,-3.1398631080035466,7514.036282622534,3758.0
3759,11807692,3141,-0.9999998564257331,-0.000535862401118212,-3.1410567911630296,7516.035646085296,3759.0
3760,11810834,3142,-0.9999990992811216,-0.0013421761976454031,-3.140250476989173,7518.035646085296,3760.0
3761,11813975,3141,-0.9999999889748491,-0.0001484934405881415,-3.1414441601486596,7520.035009548059,3761.0
3762,11817117,3142,-0.9999995441712438,-0.00095480746991808,-3.140637845974799,7522.035009548059,3762.0
3763,11820259,3142,-0.9999984492254232,-0.0017611208784839502,-3.1398315318009415,7524.035009548059,3763.0
3764,11823400,3141,-0.9999998390067053,-0.0005674385989167594,-3.1410252149604254,7526.034373010822,3764.0
3765,11826542,3142,-0.9999990564017662,-0.0013737523711327775,-3.14021890078657,7528.034373010822,3765.0
3766,11829683,3141,-0.9999999837874618,-0.00018006964276958274,-3.1414125839460505,7530.033736473583,3766.0
3767,11832825,3142,-0.9999995135235216,-0.0009863836576484539,-3.140606269772194,7532.033736473583,3767.0
3768,11835967,3142,-0.999998393117386,-0.0017926970312377604,-3.139799955598337,7534.033736473583,3768.0
3769,11839108,3141,-0.9999998205906209,-0.0005990147961500399,-3.1409936387578203,7536.033099936346,3769.0
3770,11842250,3142,-0.9999990125253552,-0.001405328543256313,-3.140187324583961,7538.033099936346,3770.0
3771,11845391,3141,-0.9999999776030178,-0.000211645844768441,-3.1413810077434445,7540.032463399109,3771.0
3772,11848533,3142,-0.9999994818787434,-0.001017959844394254,-3.14057469356959,7542.032463399109,3772.0
3773,11851675,3142,-0.9999983360122939,-0.0018242731821997034,-3.1397683793957367,7544.032463399109,3773.0
3774,11854816,3141,-0.9999998011774802,-0.0006305909927783752,-3.140962062555223,7546.031826861871,3774.0
3775,11857958,3142,-0.9999989676518887,-0.0014369047139634675,-3.1401557483813676,7548.031826861871,3775.0
3776,11861099,3141,-0.9999999704215178,-0.0002432220465419084,-3.141349431540853,7550.031190324634,3776.0
3777,11864241,3142,-0.9999994492369091,-0.0010495360301127263,-3.1405431173669984,7552.031190324634,3777.0
3778,11867383,3142,-0.9999982779101468,-0.001855849331331537,-3.139736803193148,7554.031190324634,3778.0
3779,11870524,3141,-0.999999780767283,-0.0006621671887715476,-3.140930486352632,7556.0305537873965,3779.0
3780,11873666,3142,-0.9999989217813664,-0.0014684808832364316,-3.1401241721787754,7558.0305537873965,3780.0
3781,11876807,3141,-0.9999999622429607,-0.0002747982480739427,-3.1413178553382606,7560.029917250159,3781.0
3782,11879949,3142,-0.9999994155980187,-0.0010811122147889782,-3.1405115411644027,7562.029917250159,3782.0
3783,11883091,3142,-0.999998218810945,-0.0018874254786263034,-3.1397052269905457,7564.029917250159,3783.0
3784,11886232,3141,-0.9999997593600295,-0.0006937433841159953,-3.14089891015003,7566.029280712922,3784.0
3785,11889374,3142,-0.9999988749137889,-0.0015000570510534685,-3.140092595976175,7568.029280712922,3785.0
3786,11892515,3141,-0.9999999530673472,-0.00030637444934156335,-3.1412862791356586,7570.028644175684,3786.0
3787,11895657,3142,-0.9999993809620724,-0.0011126883983871578,-3.1404799649618074,7572.028644175684,3787.0
3788,11898799,3142,-0.9999981587146884,-0.0019190016240319416,-3.139673650787951,7574.028644175684,3788.0
3789,11901940,3141,-0.9999997369557198,-0.0007253195787595159,-3.1408673339474364,7576.028007638447,3789.0
3790,11905082,3142,-0.999998827049156,-0.0015316332173660352,-3.1400610197735834,7578.028007638447,3790.0
3791,11908223,3141,-0.9999999428946774,-0.0003379506502934089,-3.141254702933067,7580.02737110121,3791.0
3792,11911365,3142,-0.9999993453290702,-0.001144264580877215,-3.1404483887592103,7582.02737110121,3792.0
3793,11914507,3142,-0.9999980976213769,-0.001950577767524029,-3.139642074585356,7584.02737110121,3793.0
3794,11917648,3141,-0.9999997135543537,-0.0007568957726811409,-3.1408357577448425,7586.026734563972,3794.0
3795,11920790,3142,-0.9999987781874673,-0.0015632093821546147,-3.1400294435709886,7588.026734563972,3795.0
3796,11923931,3141,-0.999999931724951,-0.00036952685091208516,-3.1412231267304715,7590.026098026735,3796.0
3797,11927073,3142,-0.9999993086990121,-0.0011758407622218304,-3.140416812556618,7592.026098026735,3797.0
3798,11930215,3142,-0.9999980355310109,-0.001982153909069494,-3.139610498382763,7594.026098026735,3798.0
3799,11933356,3141,-0.9999996891559313,-0.0007884719658498575,-3.1408041815422463,7596.0254614894975,3799.0
3800,11936498,3142,-0.9999987283287235,-0.0015947855453873874,-3.139997867368391,7598.0254614894975,3800.0
3801,11939639,3141,-0.999999919558168,-0.00040110305116211625,-3.141191550527876,7600.02482495226,3801.0
3802,11942781,3142,-0.999999271071898,-0.0012074169424000354,-3.1403852363540197,7602.02482495226,3802.0
3803,11945922,3141,-0.9999999999056877,-1.3734076287919068e-05,-3.141578919513505,7604.024188415022,3803.0
3804,11949064,3142,-0.9999996637604526,-0.0008200481582333134,-3.140772605339649,7606.024188415022,3804.0
3805,11952206,3142,-0.9999986774729245,-0.001626361707030828,-3.139966291165793,7608.024188415022,3805.0
3806,11955347,3141,-0.9999999063943283,-0.0004326792510167728,-3.141159974325276,7610.0235518777845,3806.0
3807,11958489,3142,-0.9999992324477279,-0.0012389931213784332,-3.1403536601514173,7612.0235518777845,3807.0
3808,11961630,3141,-0.9999999989734893,-4.5310278877712974e-05,-3.1415473433109002,7614.022915340547,3808.0
3809,11964772,3142,-0.9999996373679177,-0.0008516243498089276,-3.1407410291370423,7616.022915340547,3809.0
3810,11967914,3142,-0.99999862562007,-0.0016579378670623917,-3.139934714963185,7618.022915340547,3810.0
3811,11971055,3141,-0.9999998922334327,-0.0004642554504470171,-3.141128398122669,7620.02227880331,3811.0
3812,11974197,3142,-0.9999991928265023,-0.0012705692991222385,-3.1403220839488144,7622.02227880331,3812.0
3813,11977338,3141,-0.9999999970442345,-7.688648141922464e-05,-3.1415157671082983,7624.021642266072,3813.0
3814,11980480,3142,-0.9999996099783266,-0.0008832005405300187,-3.140709452934441,7626.021642266072,3814.0
3815,11983622,3142,-0.9999985727701605,-0.001689514025434348,-3.1399031387605834,7628.021642266072,3815.0
3816,11986763,3141,-0.9999998770754801,-0.0004958316494091427,-3.1410968219200677,7630.021005728835,3816.0
3817,11989905,3142,-0.9999991522082208,-0.0013021454756000424,-3.14029050774621,7632.021005728835,3817.0
3818,11993046,3141,-0.999999994117923,-0.00010846268388795525,-3.1414841909056928,7634.020369191598,3818.0
3819,11996188,3142,-0.9999995815916792,-0.0009147767303740542,-3.1406778767318357,7636.020369191598,3819.0
3820,11999330,3142,-0.9999985189231958,-0.00172109018212505,-3.1398715625579787,7638.020369191598,3820.0
3821,12002471,3141,-0.9999998609204713,-0.0005274078478783099,-3.1410652457174644,7640.01973265436,3821.0
3822,12005613,3142,-0.9999991105928836,-0.0013337216507764967,-3.1402589315436096,7642.01973265436,3822.0
3823,12008754,3141,-0.9999999901945552,-0.00014003888624159502,-3.141452614703094,7644.019096117123,3823.0
3824,12011896,3142,-0.9999995522079758,-0.0009463529192970759,-3.1406463005292395,7646.019096117123,3824.0
3825,12015038,3142,-0.999998464079176,-0.0017526663370902955,-3.1398399863553834,7648.019096117123,3825.0
3826,12018179,3141,-0.9999998437684061,-0.0005589840458159422,-3.141033669514867,7650.0184595798855,3826.0
3827,12021321,3142,-0.9999990679804907,-0.0013652978246199783,-3.1402273553410116,7652.0184595798855,3827.0
3828,12024462,3141,-0.9999999852741307,-0.00017161508845203537,-3.141421038500499,7654.017823042648,3828.0
3829,12027604,3142,-0.9999995218272162,-0.0009779291072763213,-3.140614724326644,7656.017823042648,3829.0
3830,12030746,3142,-0.9999984082381012,-0.0017842424903068566,-3.1398084101527894,7658.017823042648,3830.0
3831,12033887,3141,-0.9999998256192842,-0.0005905602431905082,-3.141002093312275,7660.017186505411,3831.0
3832,12037029,3142,-0.999999024371042,-0.0013968739970969203,-3.1401957791384194,7662.017186505411,3832.0
3833,12040170,3141,-0.9999999793566496,-0.0002031912904952613,-3.1413894622978997,7664.016549968173,3833.0
3834,12043312,3142,-0.9999994904494006,-0.0010095052942845316,-3.140583148124044,7666.016549968173,3834.0
3835,12046454,3142,-0.9999983513999712,-0.001815818641752831,-3.139776833950187,7668.016549968173,3835.0
3836,12049595,3141,-0.9999998064731062,-0.0006221364399908288,-3.140970517109669,7670.015913430936,3836.0
3837,12052737,3142,-0.999998979764538,-0.0014284501681942473,-3.1401642029358134,7672.015913430936,3837.0
3838,12055878,3141,-0.9999999724421118,-0.00023476749233683508,-3.1413578860953,7674.015276893699,3838.0
3839,12059020,3142,-0.9999994580745288,-0.0010410814802866819,-3.140551571921444,7676.015276893699,3839.0
3840,12062162,3142,-0.9999982935647864,-0.0018473947913834985,-3.139745257747589,7678.015276893699,3840.0
3841,12065303,3141,-0.9999997863298719,-0.0006537126361590941,-3.1409389409070747,7680.01464035646,3841.0
3842,12068445,3142,-0.9999989341609783,-0.001460026337852277,-3.140132626733223,7682.01464035646,3842.0
3843,12071586,3141,-0.9999999645305176,-0.0002663436939347072,-3.1413263098927096,7684.014003819223,3843.0
3844,12074728,3142,-0.9999994247026012,-0.0010726576652384573,-3.1405199957188557,7686.014003819223,3844.0
3845,12077870,3142,-0.9999982347325469,-0.0018789709391622915,-3.1397136815450013,7688.014003819223,3845.0
3846,12081011,3141,-0.9999997651895811,-0.0006852888316718881,-3.140907364704484,7690.013367281986,3846.0
3847,12084153,3142,-0.9999988875603631,-0.0014916025060609614,-3.140101050530626,7692.013367281986,3847.0
3848,12087294,3141,-0.9999999556218669,-0.0002979198952776601,-3.1412947336901085,7694.012730744748,3848.0
3849,12090436,3142,-0.9999993903336174,-0.0011042338491391557,-3.1404884195162492,7696.012730744748,3849.0
3850,12093578,3142,-0.9999981749032523,-0.0019105470850895765,-3.139682105342392,7698.012730744748,3850.0
3851,12096719,3141,-0.9999997430522339,-0.0007168650265198833,-3.1408757885018743,7700.012094207511,3851.0
3852,12099861,3142,-0.9999988399626926,-0.0015231786727920387,-3.1400694743280195,7702.012094207511,3852.0
3853,12103002,3141,-0.9999999457161597,-0.0003294960963298079,-3.141263157487501,7704.011457670274,3853.0
3854,12106144,3142,-0.9999993549675776,-0.001135810031933634,-3.140456843313648,7706.011457670274,3854.0
3855,12109286,3142,-0.9999981140769032,-0.001942123229101105,-3.139650529139793,7708.011457670274,3855.0
3856,12112427,3141,-0.9999997199178305,-0.0007484412206435335,-3.1408442122992746,7710.010821133036,3856.0
3857,12115569,3142,-0.9999987913679665,-0.0015547548380010845,-3.1400378981254162,7712.010821133036,3857.0
3858,12118710,3141,-0.9999999348133961,-0.0003610722970483642,-3.141231581284899,7714.010184595799,3858.0
3859,12121852,3142,-0.9999993186044821,-0.0011673862135997309,-3.1404252671110426,7716.010184595799,3859.0
3860,12124994,3142,-0.9999980522534991,-0.001973699371178693,-3.1396189529371914,7718.010184595799,3860.0
3861,12128135,3141,-0.9999996957863706,-0.0007800174140213707,-3.1408126360966744,7720.009548058561,3861.0
3862,12131277,3142,-0.9999987417761851,-0.0015863310016547357,-3.1400063219228183,7722.009548058561,3862.0
3863,12134418,3141,-0.999999922913576,-0.00039264849740364854,-3.1412000050823004,7724.008911521324,3863.0
3864,12137560,3142,-0.9999992812443306,-0.0011989623940913572,-3.140393690908448,7726.008911521324,3864.0
3865,12140701,3141,-0.9999999999860634,-5.27952185941554e-06,-3.141587374067934,7728.008274984087,3865.0
3866,12143843,3142,-0.9999996706578546,-0.0008115936066164475,-3.1407810598940795,7730.008274984087,3866.0
3867,12146985,3142,-0.9999986911873483,-0.0016179071637241265,-3.139974745720223,7732.008274984087,3867.0
3868,12150126,3141,-0.9999999100166991,-0.00042422469736397685,-3.141168428879705,7734.007638446849,3868.0
3869,12153268,3142,-0.999999242887123,-0.0012305385733952007,-3.140362114705846,7736.007638446849,3869.0
3870,12156409,3141,-0.9999999993208277,-3.6855724454272226e-05,-3.1415557978653306,7738.007001909612,3870.0
3871,12159551,3142,-0.9999996445322823,-0.000843169798412915,-3.1407494836914736,7740.007001909612,3871.0
3872,12162693,3142,-0.9999986396014563,-0.001649483324189725,-3.1399431695176183,7742.007001909612,3872.0
3873,12165834,3141,-0.9999998961227657,-0.0004558008969089097,-3.1411368526771017,7744.006365372375,3873.0
3874,12168976,3142,-0.99999920353286,-0.0012621147514721431,-3.1403305385032434,7746.006365372375,3874.0
3875,12172117,3141,-0.9999999976585356,-6.843192701134389e-05,-3.1415242216627286,7748.005728835137,3875.0
3876,12175259,3142,-0.9999996174096539,-0.0008747459893636966,-3.140717907488873,7750.005728835137,3876.0
3877,12178401,3142,-0.9999985870185091,-0.0016810594830079188,-3.1399115933150163,7752.005728835137,3877.0
3878,12181542,3141,-0.9999998812317763,-0.0004873770959958235,-3.1411052764745024,7754.0050922979,3878.0
3879,12184684,3142,-0.9999991631815409,-0.0012936909282849508,-3.1402989623006468,7756.0050922979,3879.0
3880,12187825,3141,-0.9999999949991871,-0.0001000081294936567,-3.141492645460133,7758.004455760662,3880.0
3881,12190967,3142,-0.9999995892899692,-0.0009063221794376953,-3.140686331286277,7760.004455760662,3881.0
3882,12194109,3142,-0.9999985334385065,-0.0017126356401428891,-3.1398800171124215,7762.004455760662,3882.0
3883,12197250,3141,-0.9999998653437301,-0.0005189532945898978,-3.14107370027191,7764.003819223424,3883.0
3884,12200392,3142,-0.9999991218331663,-0.0013252671038057572,-3.1402673860980523,7766.003819223424,3884.0
3885,12203533,3141,-0.9999999913427817,-0.00013158433187756495,-3.1414610692575358,7768.003182686187,3885.0
3886,12206675,3142,-0.9999995601732284,-0.0009378983686035211,-3.1406547550836854,7770.003182686187,3886.0
3887,12209817,3142,-0.9999984788614491,-0.0017442117955656464,-3.139848440909831,7772.003182686187,3887.0
3888,12212958,3141,-0.9999998484586274,-0.0005505294926685753,-3.1410421240693154,7774.0025461489495,3888.0
3889,12216100,3142,-0.9999990794877358,-0.0013568432780027117,-3.14023580989546,7776.0025461489495,3889.0
3890,12219241,3141,-0.9999999866893201,-0.0001631605341254241,-3.141429493054944,7778.001909611712,3890.0
3891,12222383,3142,-0.9999995300594315,-0.0009694745568400604,-3.140623178881088,7780.001909611712,3891.0
3892,12225525,3142,-0.9999984232873367,-0.0017757879492593112,-3.139816864707231,7782.001909611712,3892.0
3893,12228666,3141,-0.9999998305764684,-0.0005821056902033332,-3.1410105478667156,7784.001273074475,3893.0
3894,12231808,3142,-0.9999990361452497,-0.001388419450854302,-3.1402042336928604,7786.001273074475,3894.0
3895,12234949,3141,-0.9999999810388016,-0.00019473673622052005,-3.141397916852342,7788.000636537237,3895.0
3896,12238091,3142,-0.9999994989485783,-0.0010010507441138702,-3.140591602678487,7790.000636537237,3896.0
3897,12241233,3142,-0.999998366716169,-0.0018073641011834116,-3.13978528850463,7792.000636537237,3897.0
3898,12244374,3141,-0.999999811697253,-0.000613681887159834,-3.140978971664114,7794.0,3898.0
3899,12247516,3142,-0.9999989918057082,-0.001419995622324521,-3.140172657490258,7796.0,3899.0
3900,12250657,3141,-0.9999999743912266,-0.00022631293812213645,-3.141366340649739,7797.999363462763,3900.0
3901,12253799,3142,-0.9999994668406692,-0.0010326269303934108,-3.1405600264758817,7799.999363462763,3901.0
3902,12256941,3142,-0.9999983091479467,-0.0018389402513072865,-3.1397537123020265,7801.999363462763,3902.0
3903,12260082,3141,-0.9999997918209811,-0.0006452580835065241,-3.1409473954615104,7803.998726925525,3903.0
3904,12263224,3142,-0.9999989464691109,-0.0014515717923789598,-3.1401410812876556,7805.998726925525,3904.0
3905,12266365,3141,-0.9999999667465952,-0.00025788913979680594,-3.1413347644471377,7807.998090388288,3905.0
3906,12269507,3142,-0.999999433735704,-0.0010642031156387658,-3.140528450273281,7809.998090388288,3906.0
3907,12272649,3142,-0.9999982505826691,-0.0018705163995970733,-3.139722136099424,7811.998090388288,3907.0
3908,12275790,3141,-0.9999997709476531,-0.0006768342792085501,-3.140915819258908,7813.9974538510505,3908.0
3909,12278932,3142,-0.999998900135458,-0.0014831479609867082,-3.1401095050850523,7815.9974538510505,3909.0
3910,12282073,3141,-0.9999999581049072,-0.0002894653412159804,-3.141303188244535,7817.996817313813,3910.0
3911,12285215,3142,-0.9999993996336828,-0.0010957792998240578,-3.1404968740706796,7819.996817313813,3911.0
3912,12288357,3142,-0.999998191020337,-0.0019020925460191242,-3.1396905598968243,7821.996817313813,3912.0
3913,12291498,3141,-0.9999997490772685,-0.0007084104742320742,-3.140884243056309,7823.996180776576,3913.0
3914,12294640,3142,-0.9999988528047499,-0.0015147241281102757,-3.1400779288824547,7825.996180776576,3914.0
3915,12297781,3141,-0.9999999484661626,-0.0003210415423439433,-3.1412716120419346,7827.995544239338,3915.0
3916,12300923,3142,-0.9999993645346057,-0.0011273554829161752,-3.1404652978680785,7829.995544239338,3916.0
3917,12304065,3142,-0.9999981304609501,-0.00193366869054654,-3.139658983694223,7831.995544239338,3917.0
3918,12307206,3141,-0.9999997262098277,-0.0007399866685514365,-3.140852666853708,7833.9949077021,3918.0
3919,12310348,3142,-0.9999988044769862,-0.001546300293727415,-3.140046352679853,7835.9949077021,3919.0
3920,12313489,3141,-0.9999999378303617,-0.0003526177431488825,-3.141240035839337,7837.994271164863,3920.0
3921,12316631,3142,-0.9999993284384725,-0.0011589316648782765,-3.1404337216654836,7839.994271164863,3921.0
3922,12319773,3142,-0.9999980689045084,-0.001965244833139056,-3.139627407491628,7841.994271164863,3922.0
3923,12322914,3141,-0.9999997023453306,-0.0007715628621268344,-3.140821090651113,7843.993634627625,3923.0
3924,12326056,3142,-0.9999987551521671,-0.001577876457795962,-3.1400147764772584,7845.993634627625,3924.0
3925,12329197,3141,-0.9999999261975043,-0.0003841939436010331,-3.141208459636741,7847.992998090388,3925.0
3926,12332339,3142,-0.9999992913452835,-0.0011905078456882264,-3.140402145462885,7849.992998090388,3926.0
3927,12335481,3142,-0.9999980063510121,-0.0019968209737734346,-3.139595831289032,7851.992998090388,3927.0
3928,12338622,3141,-0.9999996774837772,-0.0008031390549342647,-3.140789514448517,7853.992361553151,3928.0
3929,12341764,3142,-0.999998704830293,-0.0016094526202923318,-3.1399832002746626,7855.992361553151,3929.0
3930,12344905,3141,-0.99999991356759,-0.00041577014366986565,-3.1411768834341447,7857.991725015913,3930.0
3931,12348047,3142,-0.9999992532550386,-0.0012220840253115122,-3.140370569260287,7859.991725015913,3931.0
3932,12351188,3141,-0.9999999995966867,-2.840117001816455e-05,-3.141564252419771,7861.991088478676,3932.0
3933,12354330,3142,-0.9999996516251677,-0.0008347152469442385,-3.1407579382459176,7863.991088478676,3933.0
3934,12357472,3142,-0.9999986535113632,-0.0016410287811897282,-3.139951624072061,7865.991088478676,3934.0
3935,12360613,3141,-0.9999998999406196,-0.0004473463433292966,-3.1411453072315436,7867.990451941439,3935.0
3936,12363755,3142,-0.9999992141677381,-0.0012536602037183022,-3.140338993057686,7869.990451941439,3936.0
3937,12366896,3141,-0.9999999982013574,-5.997737258649868e-05,-3.141532676217171,7871.989815404201,3937.0
3938,12370038,3142,-0.9999996247695018,-0.0008662914381224464,-3.140726362043318,7873.989815404201,3938.0
3939,12373180,3142,-0.9999986011953782,-0.0016726049404491175,-3.1399200478694613,7875.989815404201,3939.0
3940,12376321,3141,-0.9999998853165926,-0.00047892254254164893,-3.1411137310289434,7877.989178866964,3940.0
3941,12379463,3142,-0.9999991740833816,-0.0012852363808724039,-3.140307416855088,7879.989178866964,3941.0
3942,12382604,3141,-0.9999999958089715,-9.155357509300999e-05,-3.1415011000145725,7881.988542329726,3942.0
3943,12385746,3142,-0.9999995969167795,-0.000897867628437236,-3.1406947858407177,7883.988542329726,3943.0
3944,12388888,3142,-0.9999985478823382,-0.0017041810980431976,-3.139888471666859,7885.988542329726,3944.0
3945,12392029,3141,-0.9999998696955091,-0.0005104987412776529,-3.1410821548263423,7887.987905792489,3945.0
3946,12395171,3142,-0.9999991330019693,-0.0013168125567475527,-3.1402758406524875,7889.987905792489,3946.0
3947,12398312,3141,-0.999999992419529,-0.00012312977750967167,-3.1414695238119723,7891.987269255252,3947.0
3948,12401454,3142,-0.9999995680670014,-0.0009294438178556163,-3.1406632096381184,7893.987269255252,3948.0
3949,12404596,3142,-0.9999984935722431,-0.0017357572539314686,-3.1398568954642636,7895.987269255252,3949.0
3950,12407737,3141,-0.9999998530773692,-0.0005420749394970471,-3.1410505786237484,7897.986632718014,3950.0
3951,12410879,3142,-0.9999990909235015,-0.0013483887313030028,-3.140244264449894,7899.986632718014,3951.0
3952,12414020,3141,-0.9999999880330299,-0.00015470597980011213,-3.141437947609376,7901.985996180777,3952.0
3953,12417162,3142,-0.9999995382201671,-0.0009610200063480392,-3.1406316334355187,7903.985996180777,3953.0
3954,12420304,3142,-0.9999984382650928,-0.0017673334080978416,-3.1398253192616594,7905.985996180777,3954.0
3955,12423445,3141,-0.9999998354621729,-0.0005736511371875282,-3.1410190024211433,7907.98535964354,3955.0
3956,12426587,3142,-0.9999990478479779,-0.0013799649045256814,-3.1402126882472885,7909.98535964354,3956.0
3957,12429728,3141,-0.9999999826494742,-0.0001862821819435597,-3.1414063714067724,7911.984723106301,3957.0
3958,12432870,3142,-0.9999995073762766,-0.0009925961938834836,-3.1406000572329176,7913.984723106301,3958.0
3959,12436012,3142,-0.9999983819608875,-0.0017989095604972127,-3.13979374305906,7915.984723106301,3959.0
3960,12439153,3141,-0.9999998168499201,-0.0006052273342991122,-3.140987426218545,7917.984086569064,3960.0
3961,12442295,3142,-0.9999990037753985,-0.001411541076365021,-3.1401811120446905,7919.984086569064,3961.0
3962,12445436,3141,-0.9999999762688621,-0.0002178583838934128,-3.1413747952041766,7921.983450031827,3962.0
3963,12448578,3142,-0.9999994755353301,-0.0010241723804276122,-3.1405684810303183,7923.983450031827,3963.0
3964,12451720,3142,-0.9999983246596273,-0.0018304857111030855,-3.139762166856461,7925.983450031827,3964.0
3965,12454861,3141,-0.999999797240611,-0.0006368035308071827,-3.140955850015947,7927.982813494589,3965.0
3966,12458003,3142,-0.9999989587057638,-0.0014431172467995485,-3.1401495358420903,7929.982813494589,3966.0
3967,12461144,3141,-0.9999999688911934,-0.00024943458562919025,-3.1413432190015773,7931.982176957352,3967.0
3968,12464286,3142,-0.9999994426973274,-0.0010557485659487783,-3.1405369048277207,7933.982176957352,3968.0
3969,12467428,3142,-0.9999982663613121,-0.0018620618598773554,-3.1397305906538677,7935.982176957352,3969.0
3970,12470569,3141,-0.9999997766342457,-0.0006683797266760507,-3.140924273813353,7937.9815404201145,3970.0
3971,12473711,3142,-0.9999989126390736,-0.0014746934157871166,-3.1401179596394977,7939.9815404201145,3971.0
3972,12476852,3141,-0.9999999605164679,-0.0002810107871107931,-3.1413116427989842,7941.980903882877,3972.0
3973,12479994,3142,-0.9999994088622689,-0.0010873247504092755,-3.140505328625131,7943.980903882877,3973.0
3974,12483136,3142,-0.9999982070659424,-0.001893638006797027,-3.139699014451273,7945.980903882877,3974.0
3975,12486277,3141,-0.9999997550308236,-0.0006999559218824724,-3.140892697610755,7947.98026734564,3975.0
3976,12489419,3142,-0.9999988655753278,-0.0015062695833093183,-3.1400863834369006,7949.98026734564,3976.0
3977,12492560,3141,-0.9999999511446862,-0.0003125869883172509,-3.1412800665963854,7951.979630808402,3977.0
3978,12495702,3142,-0.9999993740301543,-0.0011189009337977107,-3.1404737524225292,7953.979630808402,3978.0
3979,12498844,3142,-0.9999981467735176,-0.001925214151831514,-3.139667438248675,7955.979630808402,3979.0
3980,12501985,3141,-0.9999997324303456,-0.0007315321163938192,-3.1408611214081543,7957.978994271165,3980.0
3981,12505127,3142,-0.9999988175145265,-0.0015378457493320473,-3.140054807234301,7959.978994271165,3981.0
3982,12508268,3141,-0.9999999407758479,-0.00034416318921302695,-3.141248490393786,7961.978357733928,3982.0
3983,12511410,3142,-0.9999993382009837,-0.0011504771160687902,-3.1404421762199295,7963.978357733928,3983.0
3984,12514552,3142,-0.9999980854840381,-0.001956790294948002,-3.1396358620460756,7965.978357733928,3984.0
3985,12517693,3141,-0.9999997088328111,-0.0007631083101687153,-3.1408295452055603,7967.97772119669,3985.0
3986,12520835,3142,-0.9999987684566699,-0.0015694219138170078,-3.1400232310317056,7969.97772119669,3986.0
3987,12523976,3141,-0.9999999294099531,-0.00037573938976383437,-3.141216914191188,7971.977084659453,3987.0
3988,12527118,3142,-0.9999993013747573,-0.001182053297190943,-3.1404106000173315,7973.977084659453,3988.0
3989,12530260,3142,-0.999998023197504,-0.001988366436114436,-3.1396042858434754,7975.977084659453,3989.0
3990,12533401,3141,-0.9999996842382204,-0.0007946845031893854,-3.14079796900296,7977.9764481222155,3990.0
3991,12536543,3142,-0.9999987184017579,-0.0016009980767416956,-3.139991654829106,7979.9764481222155,3991.0
3992,12539684,3141,-0.9999999170470015,-0.00040731558994393414,-3.1411853379885866,7981.975811584978,3992.0
3993,12542826,3142,-0.9999992635514751,-0.0012136294771388839,-3.140379023814729,7983.975811584978,3993.0
3994,12545967,3141,-0.9999999998010662,-1.994661557402902e-05,-3.141572706974218,7985.97517504774,3994.0
3995,12549109,3142,-0.9999996586465733,-0.000826260695415213,-3.140766392800362,7987.97517504774,3995.0
3996,12552251,3142,-0.9999986673497906,-0.001632574238071304,-3.1399600786265047,7989.97517504774,3996.0
3997,12555392,3141,-0.9999999036869939,-0.00043889178971555836,-3.1411537617859873,7991.9745385105025,3997.0
3998,12558534,3142,-0.9999992247311369,-0.0012452056558746088,-3.140347447612129,7993.9745385105025,3998.0
3999,12561675,3141,-0.9999999986726997,-5.152281815619473e-05,-3.141541130771614,7995.973901973265,3999.0
4000,12564817,3142,-0.9999996320578701,-0.0008578368868250417,-3.1407348165977567,7997.973901973265,4000.0
