n,radius,central_angle_rad,central_angle_deg,side_chord,circumscribed_side,apothem,spoke_base_angle_deg,diag2,diag2_over_side,apothem_over_radius,vertices_shared_with_smaller_dgon,smallest_proper_divisor_gon,n_is_prime_like,euler_totient,predicted_shared_from_totient
3,1.5,2.0943951023931953,119.99999999999999,2.598076211353316,5.19615242270663,0.7500000000000002,30.000000000000004,2.598076211353316,1.0,0.5000000000000001,0,3,1,2,0
4,2.0,1.5707963267948966,90.0,2.8284271247461903,3.9999999999999996,1.4142135623730951,45.0,4.0,1.414213562373095,0.7071067811865476,1,2,0,2,1
5,2.5,1.2566370614359172,72.0,2.938926261462366,3.6327126400268037,2.0225424859373686,54.0,4.755282581475767,1.6180339887498945,0.8090169943749475,0,5,1,4,0
6,3.0,1.0471975511965976,59.99999999999999,2.9999999999999996,3.4641016151377544,2.598076211353316,60.00000000000001,5.196152422706632,1.7320508075688776,0.8660254037844387,3,2,0,2,3
7,3.5,0.8975979010256552,51.42857142857143,3.037186173822907,3.3710223316527004,3.153391037658467,64.28571428571429,5.472820377276209,1.8019377358048383,0.9009688679024191,0,7,1,6,0
8,4.0,0.7853981633974483,45.0,3.0614674589207183,3.3137084989847603,3.695518130045147,67.5,5.656854249492381,1.8477590650225737,0.9238795325112867,3,2,0,4,3
9,4.5,0.6981317007977318,40.0,3.0781812899310186,3.275732108395821,4.228616793536588,70.0,5.785088487178854,1.8793852415718166,0.9396926207859084,2,3,0,6,2
10,5.0,0.6283185307179586,36.0,3.090169943749474,3.249196962329063,4.755282581475767,72.0,5.877852522924732,1.9021130325903075,0.9510565162951534,5,2,0,4,5
11,5.5,0.5711986642890533,32.72727272727273,3.0990581252557265,3.229891422322034,5.277211354879736,73.63636363636363,5.947048992011573,1.9189859472289947,0.9594929736144974,0,11,1,10,0
12,6.0,0.5235987755982988,29.999999999999996,3.105828541230249,3.2153903091734723,5.79555495773441,75.0,5.999999999999999,1.9318516525781364,0.9659258262890683,7,2,0,4,7
13,6.5,0.483321946706122,27.69230769230769,3.1111036357382504,3.2042122194157074,6.311121813269338,76.15384615384615,6.041401236568991,1.9418836348521042,0.970941817426052,0,13,1,12,0
14,7.0,0.4487989505128276,25.714285714285715,3.1152930753884016,3.195408641462099,6.8244953852727654,77.14285714285714,6.074372347645814,1.9498558243636472,0.9749279121818236,7,2,0,6,7
15,7.5,0.41887902047863906,24.0,3.11867536226639,3.1883484250503313,7.336107005503543,78.0,6.101049646137002,1.9562952014676112,0.9781476007338057,6,3,0,8,6
16,8.0,0.39269908169872414,22.5,3.121445152258052,3.182597878074528,7.8462822432258434,78.75,6.1229349178414365,1.961570560806461,0.9807852804032304,7,2,0,8,7
17,8.5,0.36959913571644626,21.176470588235293,3.1237418028816957,3.1778507508356117,8.355271347313165,79.41176470588236,6.1411083251816,1.9659461993678033,0.9829730996839018,0,17,1,16,0
18,9.0,0.3490658503988659,20.0,3.125667198004746,3.17388565275237,8.863269777109872,80.0,6.156362579862037,1.9696155060244163,0.984807753012208,11,2,0,6,11
19,9.5,0.3306939635357677,18.94736842105263,3.127297215333944,3.170539238051492,9.370432382325863,80.52631578947368,6.169289914888986,1.9727226068054446,0.9863613034027224,0,19,1,18,0
20,10.0,0.3141592653589793,18.0,3.1286893008046173,3.1676888064907254,9.876883405951379,81.0,6.180339887498948,1.9753766811902753,0.9876883405951379,11,2,0,8,11
21,10.5,0.2991993003418851,17.142857142857142,3.1298875896996634,3.165240713265423,10.382723675363849,81.42857142857143,6.189858662628988,1.977661652450257,0.9888308262251284,8,3,0,12,8
22,11.0,0.28559933214452665,16.363636363636363,3.130926442012273,3.1631224678894125,10.888035860690259,81.81818181818183,6.198116250511453,1.9796428837618654,0.9898214418809327,11,2,0,10,11
23,11.5,0.2731819698773733,15.652173913043478,3.1318329292136715,3.1612772359837433,11.392888379417803,82.17391304347827,6.205325736611559,1.9813718920726617,0.9906859460363308,0,23,1,22,0
24,12.0,0.2617993877991494,14.999999999999998,3.1326286132812378,3.1596599420975,11.897338336485724,82.5,6.211657082460498,1.982889722747621,0.9914448613738104,15,2,0,8,15
25,12.5,0.25132741228718347,14.4,3.1333308391076065,3.1582344611527042,12.401433766430973,82.8,6.21724717912137,1.9842294026289555,0.9921147013144779,4,5,0,20,4
26,13.0,0.241660973353061,13.846153846153845,3.1339536866383995,3.156971563778774,12.905215363274701,83.07692307692308,6.222207271476501,1.9854177481961075,0.992708874098054,13,2,0,12,13
27,13.5,0.23271056693257727,13.333333333333334,3.134508681381216,3.1558473924701214,13.408717829516231,83.33333333333333,6.2266285100458845,1.9864767154838858,0.993238357741943,8,3,0,18,8
28,14.0,0.2243994752564138,12.857142857142858,3.13500533089262,3.154842317203109,13.911970938505396,83.57142857142857,6.230586150776803,1.9874244197864852,0.9937122098932426,15,2,0,12,15
29,14.5,0.21666156231653746,12.413793103448276,3.1354515342943112,3.1539400660943384,14.415000378738213,83.79310344827586,6.234142766119698,1.9882759143087192,0.9941379571543595,0,29,1,28,0
30,15.0,0.20943951023931953,12.0,3.1358538980296036,3.153127057970294,14.9178284305241,84.0,6.23735072453278,1.9890437907365468,0.9945218953682733,21,2,0,8,21
31,15.5,0.2026833970057931,11.612903225806452,3.136217981610397,3.152391884913905,15.420474512574375,84.19354838709677,6.240254122748462,1.9897386467837903,0.9948693233918952,0,31,1,30,0
32,16.0,0.19634954084936207,11.25,3.1365484905459393,3.151724907429256,15.92295562675515,84.375,6.242890304516104,1.9903694533443936,0.9951847266721969,15,2,0,16,15
33,16.5,0.19039955476301776,10.909090909090908,3.1368494290380275,3.151117935029182,16.425286722455894,84.54545454545455,6.245291063893536,1.9909438451461692,0.9954719225730845,12,3,0,20,12
34,17.0,0.18479956785822313,10.588235294117647,3.1371242217522677,3.1505639722290124,16.927480997015586,84.70588235294117,6.247483605763391,1.9914683525900692,0.9957341762950345,17,2,0,16,17
35,17.5,0.17951958020513104,10.285714285714286,3.1373758116201724,3.150057015061043,17.429550144916682,84.85714285714286,6.249491317952283,1.9919485879904781,0.995974293995239,10,5,0,24,10
36,18.0,0.17453292519943295,10.0,3.137606738915694,3.149591886933264,17.93150456565142,85.0,6.251334396009492,1.992389396183491,0.9961946980917455,23,2,0,12,23
37,18.5,0.16981581911296179,9.72972972972973,3.13781920559384,3.149164105364881,18.43335353803674,85.13513513513513,6.253030351908416,1.992794977085053,0.9963974885425265,0,37,1,36,0
38,19.0,0.16534698176788384,9.473684210526315,3.1380151279486284,3.1487697731291373,18.935105367126727,85.26315789473684,6.254594430667888,1.9931689860133397,0.9965844930066698,19,2,0,18,19
39,19.5,0.16110731556870733,9.23076923076923,3.1381961799523093,3.148405488821118,19.436767508617095,85.38461538461537,6.256039953452649,1.9935146162684199,0.99675730813421,14,3,0,24,14
40,20.0,0.15707963267948966,9.0,3.1383638291137976,3.1480682729847373,19.938346674662558,85.5,6.2573786016092345,1.993834667466256,0.9969173337331279,23,2,0,16,23
41,20.5,0.15324842212633139,8.78048780487805,3.1385193662963218,3.147755506778185,20.43984892426668,85.60975609756098,6.258620652973854,1.9941316023674807,0.9970658011837406,0,41,1,40,0
42,21.0,0.14959965017094254,8.571428571428571,3.1386639306298187,3.1474648808016528,20.941279740804784,85.71428571428571,6.259775179399327,1.9944075943623603,0.9972037971811802,29,2,0,12,29
43,21.5,0.14612058853906015,8.372093023255815,3.138798530419024,3.1471943522063826,21.442644098766362,85.81395348837209,6.2608502126052095,1.9946645673271033,0.9973322836635518,0,43,1,42,0
44,22.0,0.14279966607226333,8.181818181818182,3.138924060766223,3.14694210858707,21.943946521425577,85.9090909090909,6.261852884024546,1.994904229220507,0.9974521146102535,23,2,0,20,23
45,22.5,0.13962634015954636,8.0,3.1390413184856385,3.146706537457969,22.445191130846045,86.0,6.262789543202945,1.9951281005196484,0.9975640502598242,20,3,0,24,20
46,23.0,0.13659098493868665,7.826086956521739,3.139151014774865,3.146486200346656,22.9463816913824,86.08695652173913,6.263665858427343,1.9953375383810783,0.997668769190539,23,2,0,22,23
47,23.5,0.13368479376977843,7.659574468085107,3.139253786020713,3.1462798107235814,23.4475216476441,86.17021276595744,6.264486902567604,1.9955337572463059,0.9977668786231532,0,47,1,46,0
48,24.0,0.1308996938995747,7.499999999999999,3.1393502030468667,3.146086215131435,23.94861415772648,86.25,6.2652572265624755,1.995717846477207,0.9978589232386034,31,2,0,16,31
49,24.5,0.1282282715750936,7.346938775510203,3.1394407790549326,3.145904376994655,24.44966212238324,86.3265306122449,6.265980922540794,1.995890785500673,0.9979453927503363,6,7,0,42,6
50,25.0,0.12566370614359174,7.2,3.1395259764656687,3.145733362682488,24.950668210706787,86.39999999999999,6.266661678215213,1.9960534568565433,0.9980267284282714,29,2,0,20,29
51,25.5,0.12319971190548208,7.0588235294117645,3.1396062128310844,3.1455723294739473,25.451634882794625,86.47058823529412,6.26730282390042,1.9962066574740882,0.9981033287370441,18,3,0,32,18
52,26.0,0.1208304866765305,6.9230769230769225,3.1396818659588748,3.1454205151336008,25.952564409806254,86.53846153846155,6.267907373276799,1.996351108446635,0.9981755542233175,27,2,0,24,27
53,26.5,0.11855066617319975,6.7924528301886795,3.1397532783668574,3.1452772288563007,26.45345889175452,86.60377358490567,6.268478058832388,1.996487463528643,0.9982437317643215,0,53,1,52,0
54,27.0,0.11635528346628864,6.666666666666667,3.1398207611656948,3.1451418433791036,26.954320273324242,86.66666666666667,6.269017362762432,1.9966163165425364,0.9983081582712683,35,2,0,18,35
55,27.5,0.11423973285781065,6.545454545454545,3.1398845974522387,3.1450137880914864,27.45515035796873,86.72727272727272,6.269527543979734,1.9967382078522715,0.9983691039261356,14,5,0,40,14
56,28.0,0.1121997376282069,6.428571428571429,3.13994504528274,3.1448925430019714,27.955950820498863,86.78571428571429,6.27001066178524,1.996853630035633,0.9984268150178165,31,2,0,24,31
57,28.5,0.11023132117858923,6.315789473684211,3.14000234028433,3.144777633441586,28.45672321834951,86.84210526315789,6.2704685966625195,1.9969630328666326,0.9984815164333161,20,3,0,36,20
58,29.0,0.10833078115826873,6.206896551724138,3.1400566979542166,3.144668625403038,28.95746900168259,86.89655172413794,6.2709030685886225,1.9970668277022476,0.9985334138511238,29,2,0,28,29
59,29.5,0.10649466622338281,6.101694915254237,3.1401083156885403,3.1445651214298462,29.458189522464476,86.94915254237289,6.271315653194559,1.997165391353524,0.9985826956767619,0,59,1,58,0
60,30.0,0.10471975511965977,6.0,3.1401573745766296,3.144466756982472,29.958886042637214,87.0,6.271707796059207,1.9972590695091477,0.9986295347545738,43,2,0,16,43
61,30.5,0.10300303782261616,5.9016393442622945,3.1402040409911383,3.144373197219199,30.459559741487332,87.04918032786885,6.272080825378985,1.9973481797696613,0.9986740898848305,0,61,1,60,0
62,31.0,0.10134169850289655,5.806451612903226,3.140248468000188,3.1442841341385273,30.960211722302635,87.09677419354838,6.272435963220794,1.9974330143421055,0.9987165071710528,31,2,0,30,31
63,31.5,0.09973310011396169,5.714285714285714,3.1402907966239213,3.144199284037388,31.460843018396055,87.14285714285714,6.272774335536449,1.9975138424378447,0.9987569212189223,26,3,0,36,26
64,32.0,0.09817477042468103,5.625,3.140331156954753,3.1441183852459043,31.961454598565517,87.1875,6.273096981091879,1.9975909124103448,0.9987954562051724,31,2,0,32,31
65,32.5,0.0966643893412244,5.538461538461538,3.140369669157959,3.1440411961048302,32.46204737205061,87.23076923076924,6.273404859443482,1.9976644536646533,0.9988322268323265,16,5,0,48,16
66,33.0,0.09519977738150888,5.454545454545454,3.1404064443669912,3.1439674931563864,32.962622193039266,87.27272727272727,6.273698858076055,1.997734678366016,0.9988673391830081,45,2,0,20,45
67,33.5,0.09377888518178487,5.373134328358209,3.140441585485984,3.1438970695231436,33.463179864771334,87.3134328358209,6.273979798801501,1.9978017829714227,0.9989008914857115,0,67,1,66,0
68,34.0,0.09239978392911156,5.294117647058823,3.140475187910292,3.1438297334529373,33.963721143280665,87.35294117647058,6.274248443504535,1.9978659496047448,0.9989329748023725,35,2,0,32,35
69,34.5,0.0910606566257911,5.217391304347826,3.140507340174488,3.143765307010647,34.4642467408121,87.39130434782608,6.274505499310439,1.997927347293455,0.9989636736467276,24,3,0,44,24
70,35.0,0.08975979010256552,5.142857142857143,3.140538124536045,3.143703624900147,34.964757328946014,87.42857142857143,6.274751623240345,1.9979861330826292,0.9989930665413147,45,2,0,24,45
71,35.5,0.08849556770675474,5.070422535211268,3.140567617501899,3.1436445334018224,35.46525354145906,87.46478873239435,6.274987426411316,1.9980424530399472,0.9990212265199736,0,71,1,70,0
72,36.0,0.08726646259971647,5.0,3.140595890304192,3.1435878894128684,35.96573597694688,87.5,6.275213477831388,1.9980964431637154,0.9990482215818578,47,2,0,24,47
73,36.5,0.08607103160519981,4.931506849315069,3.1406230093307244,3.143533559579172,36.466205201231396,87.53424657534246,6.2754303078335925,1.9981482302044602,0.99907411510223,0,73,1,72,0
74,37.0,0.08490790955648089,4.864864864864865,3.1406490365149744,3.143481419508908,36.96666174957322,87.56756756756756,6.27563841118768,1.998197932409363,0.9990989662046816,37,2,0,36,37
75,37.5,0.08377580409572781,4.8,3.1406740296899716,3.1434313530591806,37.46710612870719,87.6,6.275838249923662,1.998245660197717,0.9991228300988583,34,3,0,40,34
76,38.0,0.08267349088394192,4.7368421052631575,3.1406980429098037,3.1433832516880567,37.967538818717436,87.63157894736842,6.276030255897257,1.9982915167746023,0.9991457583873009,39,2,0,36,39
77,38.5,0.08159980918415047,4.675324675324675,3.140721126742089,3.143337013865224,38.46796027476644,87.66233766233766,6.276214833123864,1.9983355986891658,0.9991677993445829,16,7,0,60,16
78,39.0,0.08055365778435367,4.615384615384615,3.1407433285343807,3.143292544535291,38.968370928691215,87.6923076923077,6.2763923599046185,1.9983779963431396,0.9991889981715696,53,2,0,24,53
79,39.5,0.07953399123012135,4.556962025316456,3.140764692657125,3.1432497546284166,39.46877119047842,87.72151898734178,6.276563190765436,1.998418794454604,0.9992093972273018,0,79,1,78,0
80,40.0,0.07853981633974483,4.5,3.140785260725489,3.143208560613571,39.96916144962891,87.75,6.276727658227595,1.9984580724814456,0.9992290362407228,47,2,0,32,47
81,40.5,0.07757018897752575,4.444444444444445,3.1408050718021534,3.1431688840902154,40.46954207642132,87.77777777777777,6.276886074426406,1.99849590500846,0.9992479525042302,26,3,0,54,26
82,41.0,0.07662421106316569,4.390243902439025,3.140824162582899,3.143130651414687,40.96991342308321,87.80487804878048,6.2770387325926436,1.99853236210162,0.9992661810508101,41,2,0,40,41
83,41.5,0.07570102779734442,4.337349397590362,3.1408425675666343,3.1430937933579455,41.47027582487775,87.83132530120481,6.277185908409906,1.9985675096326625,0.9992837548163314,0,83,1,82,0
84,42.0,0.07479982508547127,4.285714285714286,3.1408603192113524,3.1430582447917197,41.970629601112734,87.85714285714286,6.2773278612596375,1.998601409576797,0.9993007047883984,59,2,0,24,59
85,42.5,0.07391982714328925,4.235294117647059,3.1408774480773154,3.1430239444003805,42.47097505607847,87.88235294117648,6.277464835364286,1.998634120286046,0.9993170601430229,20,5,0,64,20
86,43.0,0.07306029426953008,4.186046511627907,3.14089398295866,3.142990834416163,42.97131247992029,87.90697674418605,6.277597060838048,1.9986656967404788,0.9993328483702394,43,2,0,42,43
87,43.5,0.07222052077217915,4.137931034482759,3.1409099510044682,3.142958860375603,43.47164214945095,87.93103448275862,6.277724754653598,1.9986961907793541,0.9993480953896771,30,3,0,56,30
88,44.0,0.07139983303613166,4.090909090909091,3.14092537783028,3.1429279708952578,43.97196432890763,87.95454545454545,6.277848121532446,1.9987256513139833,0.9993628256569916,47,2,0,40,47
89,44.5,0.07059758772111895,4.044943820224719,3.14094028762087,3.142898117464996,44.47227927065803,87.97752808988764,6.277967354765675,1.9987541245239562,0.9993770622619782,0,89,1,88,0
90,45.0,0.06981317007977318,4.0,3.1409547032250873,3.142869254257296,44.972587215859306,88.0,6.278082636971277,1.9987816540381915,0.9993908270190957,65,2,0,24,65
91,45.5,0.06904599238658886,3.9560439560439558,3.1409686462434396,3.1428413379511437,45.4728883950737,88.02197802197801,6.278194140793568,1.9988082811021408,0.9994041405510704,18,7,0,72,18
92,46.0,0.06829549246934333,3.9130434782608696,3.1409821371090465,3.1428143275692872,45.973183028844005,88.04347826086956,6.27830202954973,1.998834044732348,0.999417022366174,47,2,0,44,47
93,46.5,0.06756113233526437,3.870967741935484,3.1409951951625388,3.142788184327673,46.47347132823189,88.06451612903226,6.278406457827973,1.9988589818594362,0.999429490929718,32,3,0,60,32
94,47.0,0.06684239688488922,3.8297872340425534,3.1410078387214093,3.1427628714960623,46.973753495321965,88.08510638297872,6.278507572041426,1.9988831274605094,0.9994415637302546,47,2,0,46,47
95,47.5,0.06613879270715355,3.7894736842105265,3.1410200851442807,3.142738354268867,47.47402972369399,88.10526315789473,6.278605510941447,1.9989065146818517,0.999453257340926,22,5,0,72,22
96,48.0,0.06544984694978735,3.7499999999999996,3.1410319508905093,3.1427145996453683,47.97430019886555,88.125,6.2787004060937335,1.9989291749527311,0.9994645874763656,63,2,0,32,63
97,48.5,0.06477510625958337,3.711340206185567,3.1410434515755226,3.1426915763185437,48.47456509870747,88.14432989690721,6.278792382320267,1.9989511380910299,0.9994755690455149,0,97,1,96,0
98,49.0,0.0641141357875468,3.6734693877551017,3.1410546020222068,3.142669254571802,48.97482459383371,88.16326530612244,6.278881558109865,1.9989724324013756,0.9994862162006879,55,2,0,42,55
99,49.5,0.06346651825433926,3.6363636363636367,3.1410654163086975,3.1426476061829955,49.47507884796766,88.18181818181817,6.2789680459998864,1.9989930847663704,0.999496542383185,38,3,0,60,38
100,50.0,0.06283185307179587,3.6,3.141075907812829,3.142626604335115,49.97532801828658,88.2,6.279051952931337,1.9990131207314632,0.9995065603657316,59,2,0,40,59
101,50.5,0.062209755516629564,3.5643564356435644,3.1410860892535286,3.1426062235331598,50.4755722557454,88.21782178217822,6.279133380579533,1.999032564583976,0.9995162822919881,0,101,1,100,0
102,51.0,0.06159985595274104,3.5294117647058822,3.141095972729376,3.142586439526687,50.97581170538166,88.23529411764706,6.279212425662169,1.9990514394267316,0.9995257197133659,69,2,0,32,69
103,51.5,0.06100179909883093,3.495145631067961,3.141105569754563,3.1425672292376,51.4760465066026,88.25242718446603,6.279289180226577,1.999069767246703,0.9995348836233514,0,103,1,102,0
104,52.0,0.06041524333826525,3.4615384615384612,3.14111489129244,3.1425485706927847,51.97627679345574,88.26923076923076,6.2793637319177495,1.9990875689790668,0.9995437844895334,55,2,0,48,55
105,52.5,0.059839860068377014,3.428571428571429,3.141123947786838,3.142530442961215,52.476502694883926,88.28571428571428,6.279436164228588,1.9991048645670066,0.9995524322835033,56,3,0,48,56
106,53.0,0.05927533308659987,3.3962264150943398,3.1411327491913323,3.142512826095199,52.9767243349661,88.30188679245282,6.279506556733715,1.999121673017589,0.9995608365087943,53,2,0,52,53
107,53.5,0.05872135801102417,3.364485981308411,3.141141304996604,3.142495701075452,53.476941833144416,88.3177570093458,6.279574985308065,1.9991380124539968,0.9995690062269984,0,107,1,106,0
108,54.0,0.05817764173314432,3.3333333333333335,3.1411496242560317,3.1424790497597193,53.97715530443883,88.33333333333334,6.2796415223313895,1.9991539001644012,0.9995769500822006,71,2,0,36,71
109,54.5,0.05764390190073015,3.3027522935779814,3.141157715609649,3.14246285483468,54.47736485964989,88.34862385321101,6.279706236879678,1.9991693526477023,0.9995846763238512,0,109,1,108,0
110,55.0,0.057119866428905326,3.2727272727272725,3.1411655873065873,3.1424470997709104,54.977570605550405,88.36363636363636,6.279769194904477,1.9991843856563785,0.9995921928281891,69,2,0,40,69
111,55.5,0.05660527303765393,3.2432432432432434,3.1411732472261082,3.142431768780665,55.47777264506686,88.37837837837837,6.279830459400951,1.9991990142366431,0.9995995071183218,38,3,0,72,38
112,56.0,0.05609986881410345,3.2142857142857144,3.1411807028973233,3.142416846778296,55.97797107745096,88.39285714285714,6.27989009056548,1.9992132527661057,0.9996066263830529,63,2,0,48,63
113,56.5,0.05560340979804944,3.185840707964602,3.1411879615177067,3.142402319343113,56.47816599844231,88.4070796460177,6.279948145943561,1.9992271149891079,0.9996135574945542,0,113,1,112,0
114,57.0,0.05511566058929462,3.1578947368421053,3.1411950299704676,3.1423881726845115,56.978357500422234,88.42105263157895,6.28000468056866,1.9992406140499026,0.9996203070249515,77,2,0,36,77
115,57.5,0.054636393975474665,3.130434782608696,3.1412019148408756,3.142374393609223,57.47854567255986,88.43478260869564,6.280059747092652,1.9992537625238211,0.9996268812619106,26,5,0,88,26
116,58.0,0.054165390579134366,3.103448275862069,3.141208622431601,3.1423609694905283,57.97873060095047,88.44827586206897,6.280113395908433,1.9992665724465681,0.999633286223284,59,2,0,56,59
117,58.5,0.05370243852290245,3.076923076923077,3.1412151587771473,3.142347888239309,58.4789123687468,88.46153846153847,6.280165675265226,1.999279055341771,0.9996395276708855,44,3,0,72,44
118,59.0,0.05324733311169141,3.0508474576271185,3.141221529657422,3.142335138276812,58.97909105628371,88.47457627118644,6.280216631377081,1.9992912222469053,0.9996456111234526,59,2,0,58,59
119,59.5,0.05279987653092089,3.0252100840336134,3.1412277406105242,3.1423227085090053,59.479266741196504,88.48739495798318,6.280266308525022,1.9993030837376977,0.9996515418688489,22,7,0,96,22
120,60.0,0.05235987755982988,3.0,3.141233796944778,3.1423105883024314,59.97943949853344,88.5,6.280314749153259,1.9993146499511145,0.9996573249755573,87,2,0,32,87
121,60.5,0.051927151299004846,2.975206611570248,3.141239703750082,3.1422987674614467,60.4796094008625,88.51239669421487,6.280361993959868,1.999325930607025,0.9996629653035124,10,11,0,110,10
122,61.0,0.05150151891130808,2.9508196721311473,3.1412454659086038,3.1422872362067653,60.97977651837309,88.52459016393442,6.2804080819822765,1.999336935028626,0.999668467514313,61,2,0,60,61
123,61.5,0.05108280737544379,2.926829268292683,3.1412510881048727,3.1422759851552216,61.479940918972666,88.53658536585365,6.280453050677925,1.9993476721617127,0.9996738360808564,42,3,0,80,42
124,62.0,0.050670849251448276,2.903225806451613,3.1412565748353027,3.1422650053006658,61.98010266837869,88.54838709677419,6.280496936000376,1.999358150592861,0.9996790752964305,63,2,0,60,63
125,62.5,0.05026548245743669,2.8800000000000003,3.1412619304171847,3.1422542879959305,62.480261830206246,88.56,6.280539772471195,1.9993683785666,0.9996841892832999,24,5,0,100,24
126,63.0,0.049866550056980846,2.857142857142857,3.141267158997182,3.1422438249357962,62.980418466051425,88.57142857142857,6.280581593247843,1.9993783640016327,0.9996891820008162,89,2,0,36,89
127,63.5,0.049473900056532176,2.8346456692913384,3.141272264559359,3.142233608140889,63.48057263557078,88.58267716535433,6.280622430187853,1.9993881145061665,0.9996940572530831,0,127,1,126,0
128,64.0,0.04908738521234052,2.8125,3.141277250932773,3.142223629942457,63.98072439655707,88.59375,6.280662313909506,1.9993976373924085,0.9996988186962042,63,2,0,64,63
129,64.5,0.04870686284635338,2.7906976744186047,3.141282121798652,3.1422138829679738,64.48087380501148,88.6046511627907,6.280701273849229,1.9994069396902792,0.9997034698451392,44,3,0,84,44
130,65.0,0.0483321946706122,2.769230769230769,3.1412868806971974,3.142204360127511,64.98102091521254,88.61538461538461,6.280739338315918,1.9994160281603857,0.9997080140801929,81,2,0,48,81
131,65.5,0.0479632466196915,2.7480916030534353,3.141291531034011,3.142195054600835,65.48116577978178,88.62595419847328,6.280776534542367,1.9994249093063132,0.9997124546531568,0,131,1,130,0
132,66.0,0.04759988869075444,2.727272727272727,3.1412960760861917,3.1421859598251896,65.98130844974652,88.63636363636364,6.2808128887339825,1.9994335893862583,0.9997167946931291,91,2,0,40,91
133,66.5,0.04724199479082396,2.706766917293233,3.141300519008115,3.1421770694837217,66.48144897459983,88.64661654135338,6.280848426114945,1.9994420744240546,0.9997210372120275,24,7,0,108,24
134,67.0,0.046889442590892436,2.6865671641791047,3.141304862836899,3.1421683774945004,66.98158740235766,88.65671641791045,6.280883170971968,1.999450370219632,0.9997251851098158,67,2,0,66,67
135,67.5,0.046542113386515455,2.6666666666666665,3.141309110497603,3.1421598780001134,67.48172377961366,88.66666666666667,6.280917146695798,1.9994584823589236,0.9997292411794616,62,3,0,72,62
136,68.0,0.04619989196455578,2.6470588235294117,3.141313264808149,3.142151565357793,67.98185815159133,88.6764705882353,6.280950375820584,1.9994664162232747,0.9997332081116371,71,2,0,64,71
137,68.5,0.045862666475763404,2.627737226277372,3.1413173284839973,3.142143434130044,68.4819905621941,88.6861313868613,6.280982880061252,1.999474176998368,0.999737088499184,0,137,1,136,0
138,69.0,0.04553032831289555,2.608695652173913,3.141321304142584,3.142135479075747,68.9821210540531,88.69565217391305,6.281014680348976,1.9994817696826985,0.9997408848413493,93,2,0,44,93
139,69.5,0.045202771994097744,2.5899280575539567,3.1413251943075395,3.1421276951417116,69.48224966857292,88.70503597122303,6.281045796864887,1.9994891990956236,0.9997445995478118,0,139,1,138,0
140,70.0,0.04487989505128276,2.5714285714285716,3.141329001412691,3.1421200774546425,69.98237644597546,88.71428571428571,6.28107624907209,1.9994964698850133,0.9997482349425066,91,2,0,48,91
141,70.5,0.04456159792325948,2.5531914893617023,3.1413327278058714,3.1421126213135118,70.48250142534177,88.72340425531914,6.2811060557461005,1.9995035865345179,0.999751793267259,48,3,0,92,48
142,71.0,0.04424778385337737,2.535211267605634,3.141336375752539,3.1421053221822994,70.98262464465225,88.73239436619718,6.281135235003798,1.9995105533704864,0.9997552766852429,71,2,0,70,71
143,71.5,0.04393835879146564,2.5174825174825175,3.141339947439224,3.1420981756830946,71.48274614082517,88.74125874125873,6.281163804330941,1.9995173745685364,0.9997586872842681,22,11,0,120,22
144,72.0,0.04363323129985824,2.5,3.141343444976801,3.142091177589524,71.98286594975346,88.75,6.281191780608384,1.9995240541598185,0.9997620270799091,95,2,0,48,95
145,72.5,0.043332312463307494,2.4827586206896552,3.141346870403614,3.1420843238205047,72.4829841063401,88.75862068965517,6.281219180137003,1.9995305960369683,0.9997652980184841,32,5,0,112,32
146,73.0,0.04303551580259991,2.4657534246575343,3.141350225688441,3.142077610434286,72.98310064453203,88.76712328767124,6.281246018661449,1.9995370039597815,0.9997685019798909,73,2,0,72,73
147,73.5,0.042742757191697865,2.4489795918367347,3.141353512733328,3.1420710336227833,73.48321559735264,88.77551020408163,6.281272311392766,1.9995432815606158,0.999771640780308,62,3,0,84,62
148,74.0,0.042453954778240446,2.4324324324324325,3.1413567333762833,3.1420645897061736,73.98332899693294,88.78378378378378,6.281298073029949,1.9995494323495389,0.9997747161747694,75,2,0,72,75
149,74.5,0.04216902890724555,2.4161073825503356,3.1413598893938475,3.1420582751277486,74.48344087454154,88.79194630872483,6.281323317780484,1.9995554597192364,0.999777729859618,0,149,1,148,0
150,75.0,0.041887902047863905,2.4,3.1413629825035434,3.142052086448998,74.98355126061341,88.8,6.281348059379943,1.9995613669496908,0.9997806834748455,109,2,0,40,109
151,75.5,0.04161049872304362,2.384105960264901,3.141366014366215,3.1420460203449356,75.48366018477738,88.80794701986754,6.281372311110672,1.9995671572126457,0.9997835786063228,0,151,1,150,0
152,76.0,0.04133674544197096,2.3684210526315788,3.1413689865882537,3.142040073599622,75.98376767588276,88.8157894736842,6.281396085819607,1.9995728335758616,0.999786416787931,79,2,0,72,79
153,76.5,0.04106657063516069,2.352941176470588,3.1413719007237293,3.1420342431019086,76.48387376202474,88.82352941176471,6.2814193959353055,1.999578399007183,0.9997891995035915,56,3,0,96,56
154,77.0,0.040799904592075234,2.3376623376623376,3.1413747582764247,3.142028525841361,76.9839784705689,88.83116883116882,6.281442253484178,1.999583856378413,0.9997919281892065,93,2,0,60,93
155,77.5,0.04053667940115862,2.32258064516129,3.141377560701767,3.142022918904374,77.48408182817474,88.83870967741935,6.281464670106006,1.9995892084690259,0.9997946042345127,34,5,0,120,34
156,78.0,0.04027682889217683,2.3076923076923075,3.141380309408692,3.142017419470456,77.9841838608183,88.84615384615385,6.281486657068761,1.9995944579696998,0.99979722898485,107,2,0,48,107
157,78.5,0.0400202885807617,2.2929936305732483,3.1413830057614063,3.142012024808685,78.48428459381392,88.85350318471338,6.281508225282773,1.9995996074857054,0.9997998037428526,0,157,1,156,0
158,79.0,0.039766995615060675,2.278481012658228,3.141385651081087,3.1420067322743113,78.98438405183518,88.86075949367088,6.28152938531425,1.9996046595401311,0.9998023297700656,79,2,0,78,79
159,79.5,0.039516888724399915,2.2641509433962264,3.1413882466474954,3.1420015393055167,79.48448225893502,88.8679245283019,6.281550147398235,1.9996096165769817,0.9998048082884908,54,3,0,104,54
160,80.0,0.039269908169872414,2.25,3.141390793700528,3.141996443420316,79.98457923856519,88.875,6.281570521450978,1.99961448096413,0.9998072404820648,95,2,0,64,95
161,80.5,0.03902599569676762,2.236024844720497,3.1413932934416975,3.141991442213586,80.48467501359485,88.88198757763975,6.281590517081775,1.9996192549961456,0.9998096274980727,28,7,0,132,28
162,81.0,0.038785094488762877,2.2222222222222223,3.141395747035548,3.141986533354229,80.98476960632861,88.88888888888889,6.281610143604307,1.999623940897003,0.9998119704485013,107,2,0,54,107
163,81.5,0.038547149123801146,2.208588957055215,3.1413981556110135,3.141981714582456,81.4848630385238,88.8957055214724,6.2816294100474765,1.9996285408226695,0.999814270411335,0,163,1,162,0
164,82.0,0.038312105531582846,2.1951219512195124,3.1414005202627133,3.1419769837071803,81.98495533140714,88.90243902439025,6.281648325165798,1.999633056863589,0.9998165284317944,83,2,0,80,83
165,82.5,0.03807991095260355,2.1818181818181817,3.1414028420522015,3.141972338603532,82.48504650569087,88.9090909090909,6.281666897449342,1.9996374910470518,0.9998187455235258,84,3,0,80,84
166,83.0,0.03785051389867221,2.168674698795181,3.1414051220091554,3.141967777210468,82.98513658158824,88.91566265060241,6.2816851351332685,1.9996418453394758,0.9998209226697378,83,2,0,82,83
167,83.5,0.03762386411484782,2.1556886227544907,3.1414073611325146,3.141963297528485,83.48522557882835,88.92215568862277,6.2817030462069425,1.999646121648583,0.9998230608242916,0,167,1,166,0
168,84.0,0.037399912542735635,2.142857142857143,3.1414095603915806,3.141958897617428,83.9853135166707,88.92857142857143,6.281720638422705,1.999650321825493,0.9998251609127464,119,2,0,48,119
169,84.5,0.03717861128508631,2.130177514792899,3.141411720727062,3.1419545755943887,84.48540041391898,88.93491124260355,6.281737919304238,1.9996544476667213,0.9998272238333608,12,13,0,156,12
170,85.0,0.036959913571644624,2.1176470588235294,3.1414138430520837,3.14195032963169,84.98548628893448,88.94117647058823,6.281754896154631,1.9996585009161052,0.9998292504580527,105,2,0,64,105
171,85.5,0.03674377372619641,2.1052631578947367,3.141415928253149,3.1419461579549526,85.4855711596491,88.94736842105263,6.281771576064084,1.999662483266645,0.9998312416333228,62,3,0,108,62
172,86.0,0.03653014713476504,2.0930232558139537,3.1414179771910655,3.1419420588412446,85.98565504357774,88.95348837209302,6.28178796591732,1.9996663963622732,0.9998331981811365,87,2,0,84,87
173,86.5,0.036318990214910904,2.0809248554913293,3.1414199907018383,3.1419380306172946,86.4857379578304,88.95953757225433,6.281804072400675,1.9996702417995467,0.9998351208997733,0,173,1,172,0
174,87.0,0.036110260386089575,2.0689655172413794,3.141421969597517,3.141934071657791,86.98581991912378,88.96551724137932,6.2818199020089365,1.999674021129282,0.9998370105646412,117,2,0,56,117
175,87.5,0.035903916041026204,2.057142857142857,3.1414239146670164,3.1419301803837367,87.48590094379259,88.97142857142856,6.28183546105188,1.9996777358581164,0.9998388679290582,54,5,0,120,54
176,88.0,0.03569991651806583,2.0454545454545454,3.141425826676907,3.141926355260877,87.9859810478003,88.97727272727272,6.28185075566056,1.9996813874500063,0.9998406937250034,95,2,0,80,95
177,88.5,0.03549822207446094,2.0338983050847457,3.1414277063721614,3.141922594798186,88.48606024674964,88.98305084745762,6.281865791793348,1.9996849773276757,0.9998424886638378,60,3,0,116,60
178,89.0,0.03529879386055947,2.0224719101123596,3.14142955447689,3.1419188975464127,88.98613855589288,88.98876404494382,6.28188057524174,1.9996885068739976,0.9998442534369987,89,2,0,88,89
179,89.5,0.03510159389485802,2.0111731843575416,3.1414313716950337,3.1419152620966844,89.48621599014136,88.99441340782123,6.28189511163593,1.9996919774333268,0.9998459887166632,0,179,1,178,0
180,90.0,0.03490658503988659,2.0,3.141433158711032,3.1419116870791655,89.98629256407521,89.0,6.281909406450175,1.9996953903127825,0.9998476951563913,131,2,0,48,131
181,90.5,0.03471373097889274,1.988950276243094,3.1414349161904727,3.141908171161764,90.48636829195233,89.00552486187846,6.281923465007943,1.9996987467834764,0.9998493733917385,0,181,1,180,0
182,91.0,0.03452299619329443,1.9780219780219779,3.1414366447807067,3.1419047130488926,90.9864431877173,89.01098901098901,6.281937292486879,1.9997020480816987,0.9998510240408495,109,2,0,72,109
183,91.5,0.034334345940872056,1.9672131147540983,3.1414383451114487,3.1419013114802743,91.48651726500997,89.01639344262294,6.28195089392356,1.9997052954100538,0.9998526477050269,62,3,0,120,62
184,92.0,0.034147746234671664,1.9565217391304348,3.1414400177953477,3.1418979652297923,91.98659053717367,89.02173913043478,6.281964274218093,1.9997084899385584,0.999854244969279,95,2,0,88,95
185,92.5,0.03396316382259236,1.945945945945946,3.141441663428542,3.1418946731043875,92.4866630172633,89.02702702702703,6.281977438138521,1.999711632805693,0.9998558164028465,40,5,0,144,40
186,93.0,0.033780566167632184,1.935483870967742,3.141443282591184,3.141891433942992,92.98673471805301,89.03225806451613,6.2819903903250776,1.9997147251194198,0.9998573625597098,125,2,0,60,125
187,93.5,0.03359992142876784,1.9251336898395721,3.141444875847961,3.1418882466155056,93.48680565204377,89.03743315508022,6.28200313529427,1.9997177679581555,0.9998588839790777,26,11,0,160,26
188,94.0,0.03342119844244461,1.9148936170212767,3.1414464437485794,3.1418851100218137,93.98687583147057,89.04255319148936,6.282015677442819,1.999720762371714,0.9998603811858572,95,2,0,92,95
189,94.5,0.033244366704653895,1.9047619047619047,3.141447986828243,3.1418820230908318,94.48694526830948,89.04761904761904,6.282028021051453,1.9997237093822111,0.9998618546911057,80,3,0,108,80
190,95.0,0.03306939635357677,1.8947368421052633,3.1414495056081075,3.1418789847795936,94.98701397428455,89.05263157894737,6.282040170288561,1.9997266099849382,0.999863304992469,117,2,0,72,117
191,95.5,0.0328962581527727,1.8848167539267016,3.1414510005957244,3.1418759940723713,95.48708196087424,89.05759162303666,6.282052129213703,1.9997294651491988,0.9998647325745993,0,191,1,190,0
192,96.0,0.032724923474893676,1.8749999999999998,3.1414524722854615,3.1418730499798233,95.98714923931793,89.0625,6.282063901781019,1.9997322758191238,0.9998661379095618,127,2,0,64,127
193,96.5,0.032555364285904595,1.8652849740932644,3.141453921158913,3.14187015153818,96.48721582062211,89.06735751295338,6.2820754918424795,1.9997350429144478,0.9998675214572239,0,193,1,192,0
194,97.0,0.032387553129791684,1.8556701030927836,3.1414553476852913,3.14186729780845,96.98728171556633,89.0721649484536,6.282086903151045,1.9997377673312644,0.9998688836656322,97,2,0,96,97
195,97.5,0.032221463113741466,1.846153846153846,3.1414567523218113,3.141864487875662,97.48734693470904,89.07692307692308,6.282098139363708,1.9997404499427496,0.9998702249713748,98,3,0,96,98
196,98.0,0.0320570678937734,1.8367346938775508,3.141458135514054,3.1418617208481323,97.98741148839326,89.08163265306123,6.2821092040444135,1.9997430915998624,0.9998715457999312,111,2,0,84,111
197,98.5,0.03189434166081008,1.8274111675126903,3.1414594976963195,3.141858995856754,98.48747538675201,89.08629441624365,6.282120100666895,1.9997456931320203,0.9998728465660103,0,197,1,196,0
198,99.0,0.03173325912716963,1.8181818181818183,3.1414608392919696,3.1418563120543186,98.98753863971363,89.0909090909091,6.282130832617395,1.9997482553477501,0.9998741276738751,137,2,0,60,137
199,99.5,0.03157379551346526,1.8090452261306533,3.1414621607137554,3.1418536686148513,99.4876012570069,89.09547738693468,6.282141403197295,1.9997507790353146,0.9998753895176573,0,199,1,198,0
200,100.0,0.031415926535897934,1.8,3.141463462364135,3.1418510647329834,99.98766324816606,89.10000000000001,6.282151815625658,1.9997532649633212,0.9998766324816606,119,2,0,80,119
201,100.5,0.03125962839392829,1.791044776119403,3.1414647446355812,3.14184849962333,100.48772462253562,89.1044776119403,6.2821620730416825,1.9997557138813065,0.999877856940653,68,3,0,132,68
202,101.0,0.031104877758314782,1.7821782178217822,3.1414660079108763,3.141845972519905,100.9877853892751,89.10891089108911,6.282172178507057,1.999758126520299,0.9998790632601495,101,2,0,100,101
203,101.5,0.03095165175950535,1.7733990147783252,3.1414672525633973,3.1418434826755455,101.48784555736351,89.11330049261083,6.2821821350082585,1.9997605035933697,0.9998802517966848,34,7,0,168,34
204,102.0,0.03079992797637052,1.7647058823529411,3.1414684789573935,3.141841029361358,101.98790513560384,89.11764705882354,6.282191945458752,1.999762845796154,0.9998814228980768,139,2,0,64,139
205,102.5,0.030649684425266274,1.7560975609756098,3.1414696874482506,3.1418386118661887,102.48796413262735,89.1219512195122,6.282201612701119,1.9997651538073629,0.9998825769036815,44,5,0,160,44
206,103.0,0.030500899549415466,1.7475728155339805,3.1414708783827514,3.1418362294961057,102.9880225568977,89.12621359223301,6.282211139509126,1.9997674282892755,0.999883714144638,103,2,0,102,103
207,103.5,0.030353552208597034,1.7391304347826086,3.141472052099321,3.1418338815739015,103.488080416715,89.1304347826087,6.282220528589704,1.9997696698882124,0.9998848349441062,74,3,0,132,74
208,104.0,0.030207621669132625,1.7307692307692306,3.14147320892827,3.1418315674386093,103.98813772021978,89.13461538461539,6.28222978258488,1.9997718792349959,0.9998859396174979,111,2,0,96,111
209,104.5,0.0300630875941607,1.7224880382775118,3.141474349192027,3.1418292864450432,104.4881944753968,89.13875598086125,6.282238904073629,1.9997740569453932,0.9998870284726966,28,11,0,180,28
210,105.0,0.029919930034188507,1.7142857142857144,3.14147547320536,3.141827037963342,104.98825069007871,89.14285714285715,6.282247895573676,1.9997762036205469,0.9998881018102734,161,2,0,48,161
211,105.5,0.029778129417912733,1.7061611374407584,3.1414765812755974,3.1418248213785396,105.4883063719497,89.14691943127963,6.282256759543229,1.9997783198473873,0.9998891599236939,0,211,1,210,0
212,106.0,0.029637666543299936,1.6981132075471699,3.141477673702836,3.1418226360901396,105.988361528549,89.15094339622642,6.282265498382665,1.9997804061990376,0.9998902030995189,107,2,0,104,107
213,106.5,0.029498522568918245,1.6901408450704225,3.1414787507801445,3.1418204815117137,106.48841616727427,89.15492957746478,6.282274114436149,1.9997824632351975,0.9998912316175987,72,3,0,140,72
214,107.0,0.029360679005512084,1.6822429906542056,3.141479812793762,3.141818357070504,106.98847029538489,89.1588785046729,6.282282609993208,1.9997844915025211,0.9998922457512606,107,2,0,106,107
215,107.5,0.02922411770781203,1.6744186046511627,3.1414808600232855,3.1418162622070445,107.48852392000518,89.16279069767441,6.282290987290258,1.9997864915349801,0.9998932457674901,46,5,0,168,46
216,108.0,0.02908882086657216,1.6666666666666667,3.1414818927418535,3.1418141963747908,107.98857704812761,89.16666666666666,6.2822992485120634,1.9997884638542152,0.9998942319271075,143,2,0,72,143
217,108.5,0.028954771000827585,1.6589861751152073,3.141482911216329,3.141812159039765,108.48862968661571,89.17050691244239,6.2823073957931745,1.9997904089698746,0.9998952044849374,36,7,0,180,36
218,109.0,0.028821950950365074,1.6513761467889907,3.141483915707465,3.1418101496802127,108.98868184220707,89.17431192660551,6.282315431219298,1.9997923273799463,0.9998961636899731,109,2,0,108,109
219,109.5,0.02869034386839994,1.6438356164383563,3.1414849064700774,3.141808167786263,109.4887335215163,89.17808219178082,6.282323356828637,1.999794219571074,0.9998971097855369,74,3,0,144,74
220,110.0,0.028559933214452663,1.6363636363636362,3.1414858837532025,3.14180621285961,109.98878473103767,89.18181818181817,6.282331174613175,1.9997960860188666,0.9998980430094333,139,2,0,80,139
221,110.5,0.02843070274741894,1.6289592760180995,3.1414868478002576,3.141804284413198,110.48883547714797,89.18552036199094,6.282338886519943,1.9997979271881987,0.9998989635940994,28,13,0,192,28
222,111.0,0.028302636518826967,1.6216216216216217,3.141487798849187,3.1418023819709178,110.98888576610912,89.1891891891892,6.2823464944522165,1.9997997435334978,0.9998998717667489,149,2,0,72,149
223,111.5,0.02817571886627617,1.6143497757847534,3.141488737132614,3.1418005050673137,111.48893560407068,89.19282511210761,6.282354000270696,1.9998015354990257,0.9999007677495128,0,223,1,222,0
224,112.0,0.028049934407051724,1.6071428571428572,3.1414896628779805,3.141798653247297,111.98898499707241,89.19642857142858,6.282361405794647,1.99980330351915,0.999901651759575,127,2,0,96,127
225,112.5,0.027925268031909273,1.6,3.141490576307686,3.141796826065872,112.48903395104672,89.2,6.282368712802998,1.9998050480186083,0.9999025240093042,104,3,0,120,104
226,113.0,0.02780170489902472,1.592920353982301,3.14149147763922,3.141795023087867,112.98908247182106,89.20353982300885,6.2823759230354135,1.9998067694127624,0.9999033847063811,113,2,0,112,113
227,113.5,0.027679230428103906,1.5859030837004406,3.1414923670852932,3.1417932438876757,113.48913056512013,89.20704845814979,6.282383038193324,1.9998084681078439,0.9999042340539219,0,227,1,226,0
228,114.0,0.02755783029464731,1.5789473684210527,3.14149324485396,3.1417914880490074,113.98917823656829,89.21052631578948,6.282390059940935,1.9998101445011982,0.9999050722505991,155,2,0,72,155
229,114.5,0.027437490424365007,1.572052401746725,3.141494111148744,3.1417897551646417,114.48922549169158,89.21397379912663,6.282396989906197,1.9998117989815123,0.9999058994907561,0,229,1,228,0
230,115.0,0.027318196987737332,1.565217391304348,3.1414949661687537,3.141788044836192,114.98927233592003,89.21739130434783,6.282403829681751,1.999813431929044,0.9999067159645221,141,2,0,88,141
231,115.5,0.027199936394716823,1.5584415584415583,3.1414958101087964,3.1417863566738786,115.48931877458956,89.22077922077922,6.28241058082584,1.9998150437158366,0.9999075218579183,110,3,0,120,110
232,116.0,0.027082695289567183,1.5517241379310345,3.141496643159491,3.141784690296305,115.98936481294419,89.22413793103448,6.282417244863202,1.999816634705934,0.9999083173529671,119,2,0,112,119
233,116.5,0.026966460545835135,1.5450643776824036,3.1414974655073755,3.141783045330242,116.48941045613783,89.2274678111588,6.282423823285929,1.999818205255585,0.9999091026277925,0,233,1,232,0
234,117.0,0.026851219261451224,1.5384615384615385,3.1414982773350077,3.14178142141042,116.98945570923637,89.23076923076923,6.282430317554295,1.999819755713442,0.999909877856721,161,2,0,72,161
235,117.5,0.026736958753955688,1.5319148936170213,3.1414990788210737,3.1417798181793253,117.48950057721942,89.23404255319149,6.28243672909758,1.9998212864207563,0.999910643210378,50,5,0,184,50
236,118.0,0.026623666555845703,1.5254237288135593,3.1414998701404784,3.1417782352870045,117.98954506498224,89.23728813559322,6.282443059314844,1.9998227977115632,0.9999113988557817,119,2,0,116,119
237,118.5,0.02651133041004045,1.518987341772152,3.141500651464446,3.141776672390872,118.48958917733748,89.24050632911393,6.282449309575701,1.9998242899128689,0.9999121449564344,80,3,0,156,80
238,119.0,0.026399938265460447,1.5126050420168067,3.141501422960612,3.141775129155526,118.98963291901687,89.24369747899159,6.2824554812210485,1.9998257633448213,0.9999128816724107,141,2,0,96,141
239,119.5,0.026289478272717933,1.506276150627615,3.1415021847931106,3.141773605252565,119.48967629467298,89.24686192468619,6.2824615755637945,1.9998272183208867,0.9999136091604434,0,239,1,238,0
240,120.0,0.02617993877991494,1.5,3.1415029371226657,3.1417721003604204,119.98971930888084,89.25,6.282467593889556,1.9998286551480138,0.999914327574007,175,2,0,64,175
241,120.5,0.026071308328546,1.4937759336099585,3.1415036801066716,3.1417706141641784,120.48976196613955,89.25311203319501,6.282473537457332,1.9998300741267976,0.9999150370633988,0,241,1,240,0
242,121.0,0.025963575649502423,1.487603305785124,3.1415044138992783,3.1417691463554203,120.98980427087385,89.25619834710744,6.282479407500164,1.9998314755516338,0.9999157377758169,131,2,0,110,131
243,121.5,0.02585672965917525,1.4814814814814814,3.141505138651471,3.1417676966320607,121.48984622743563,89.25925925925925,6.28248520522578,1.9998328597108748,0.9999164298554373,80,3,0,162,80
244,122.0,0.02575075945565404,1.4754098360655736,3.1415058545111476,3.141766264698195,121.9898878401055,89.26229508196722,6.2824909318172075,1.9998342268869753,0.9999171134434877,123,2,0,120,123
245,122.5,0.02564565431501872,1.469387755102041,3.141506561623193,3.141764850263943,122.4899291130941,89.26530612244899,6.282496588433386,1.9998355773566383,0.9999177886783193,76,5,0,168,76
246,123.0,0.025541403687721894,1.4634146341463414,3.141507260129553,3.1417634530453062,122.98997005054372,89.26829268292683,6.2825021762097455,1.9998369113909547,0.9999184556954774,165,2,0,80,165
247,123.5,0.025437997195059053,1.45748987854251,3.141507950169307,3.1417620727640245,123.49001065652945,89.27125506072875,6.282507696258781,1.9998382292555377,0.9999191146277688,30,13,0,216,30
248,124.0,0.025335424625724138,1.4516129032258065,3.1415086318787364,3.1417607091474378,123.99005093506075,89.2741935483871,6.2825131496706055,1.9998395312106572,0.9999197656053286,127,2,0,120,127
249,124.5,0.025233675932448137,1.4457831325301205,3.14150930539139,3.1417593619283477,124.49009089008263,89.27710843373494,6.282518537513486,1.9998408175113676,0.9999204087556838,84,3,0,164,84
250,125.0,0.025132741228718346,1.4400000000000002,3.1415099708381518,3.1417580308448945,124.99013052547701,89.27999999999999,6.282523860834369,1.9998420884076322,0.9999210442038161,149,2,0,100,149
251,125.5,0.025032610785576042,1.4342629482071714,3.141510628347304,3.141756715640421,125.49016984506393,89.28286852589642,6.28252912065939,1.9998433441444452,0.9999216720722226,0,251,1,250,0
252,126.0,0.024933275028490423,1.4285714285714286,3.141511278044589,3.141755416063355,125.99020885260283,89.28571428571428,6.282534317994364,1.9998445849619493,0.9999222924809749,179,2,0,72,179
253,126.5,0.024834724534306664,1.4229249011857708,3.1415119200532673,3.141754131867086,126.49024755179366,89.28853754940711,6.28253945382527,1.9998458110955515,0.999922905547776,32,11,0,220,32
254,127.0,0.024736950028266088,1.4173228346456692,3.14151255449418,3.14175286280985,126.99028594627815,89.29133858267717,6.282544529118718,1.9998470227760337,0.9999235113880169,127,2,0,126,127
255,127.5,0.024639942381096416,1.4117647058823528,3.1415131814858026,3.1417516086546144,127.49032403964091,89.29411764705883,6.282549544822403,1.999848220229661,0.9999241101148306,126,3,0,128,126
256,128.0,0.02454369260617026,1.40625,3.141513801144301,3.1417503691689666,127.9903618354105,89.296875,6.282554501865546,1.9998494036782892,0.9999247018391445,127,2,0,128,127
257,128.5,0.024448191856729907,1.4007782101167314,3.1415144135835855,3.141749144125008,128.49039933706064,89.29961089494162,6.282559401159327,1.9998505733394651,0.9999252866697326,0,257,1,256,0
258,129.0,0.02435343142317669,1.3953488372093024,3.1415150189153636,3.141747933299249,128.99043654801113,89.30232558139535,6.282564243597304,1.9998517294265288,0.9999258647132646,173,2,0,84,173
259,129.5,0.024259402730423114,1.38996138996139,3.14151561724919,3.141746736472508,129.49047347162897,89.3050193050193,6.282569030055821,1.99985287214871,0.999926436074355,42,7,0,216,42
260,130.0,0.0241660973353061,1.3846153846153846,3.141516208692517,3.141745553429806,129.99051011122938,89.3076923076923,6.282573761394395,1.9998540017112216,0.9999270008556106,163,2,0,96,163
261,130.5,0.02407350692405972,1.3793103448275863,3.1415167933507426,3.1417443839602814,130.4905464700768,89.3103448275862,6.2825784384561185,1.9998551183153532,0.9999275591576766,92,3,0,168,92
262,131.0,0.02398162330984575,1.3740458015267176,3.141517371327256,3.141743227857084,130.99058255138578,89.31297709923665,6.282583062068022,1.9998562221585616,0.9999281110792808,131,2,0,130,131
263,131.5,0.02389043843034063,1.3688212927756653,3.1415179427234863,3.1417420849172912,131.490618358322,89.31558935361217,6.282587633041442,1.9998573134345552,0.9999286567172775,0,263,1,262,0
264,132.0,0.02379994434537722,1.3636363636363635,3.1415185076389442,3.1417409549418185,131.9906538940032,89.31818181818181,6.282592152172383,1.9998583923333817,0.999929196166691,183,2,0,80,183
265,132.5,0.023710133234639948,1.3584905660377358,3.1415190661712673,3.141739837735328,132.49068916150003,89.32075471698113,6.2825966202418595,1.9998594590415097,0.999929729520755,56,5,0,208,56
266,133.0,0.02362099739541198,1.3533834586466165,3.14151961841626,3.1417387331061493,132.990724163837,89.32330827067669,6.28260103801623,1.9998605137419097,0.9999302568709549,157,2,0,108,157
267,133.5,0.023532529240372982,1.348314606741573,3.1415201644679374,3.1417376408661934,133.49075890399328,89.32584269662921,6.282605406247531,1.9998615566141313,0.9999307783070658,90,3,0,176,90
268,134.0,0.023444721295446218,1.3432835820895523,3.1415207044185633,3.1417365608308754,133.9907933849036,89.32835820895522,6.282609725673798,1.9998625878343819,0.9999312939171912,135,2,0,132,135
269,134.5,0.02335756619769363,1.3382899628252787,3.141521238358689,3.141735492819034,134.49082760945905,89.33085501858737,6.282613997019372,1.9998636075755996,0.9999318037877996,0,269,1,268,0
270,135.0,0.023271056693257727,1.3333333333333333,3.141521766377194,3.1417344366528597,134.9908615805079,89.33333333333333,6.282618220995206,1.9998646160075242,0.9999323080037622,197,2,0,72,197
271,135.5,0.023185185635349027,1.3284132841328413,3.141522288561319,3.1417333921578146,135.49089530085635,89.33579335793358,6.282622398299163,1.9998656132967727,0.9999328066483864,0,271,1,270,0
272,136.0,0.02309994598227789,1.3235294117647058,3.141522804996705,3.1417323591625648,135.99092877326936,89.33823529411764,6.282626529616298,1.9998665996069023,0.9999332998034511,143,2,0,128,143
273,136.5,0.02301533079552962,1.3186813186813187,3.141523315767427,3.1417313374989098,136.49096200047137,89.34065934065934,6.282630615619147,1.9998675750984818,0.9999337875492408,128,3,0,144,128
274,137.0,0.022931333237881702,1.313868613138686,3.14152382095603,3.1417303270017127,136.99099498514707,89.34306569343066,6.2826346569679945,1.9998685399291545,0.9999342699645771,137,2,0,136,137
275,137.5,0.022847946571562132,1.309090909090909,3.141524320643559,3.1417293275088336,137.4910277299421,89.34545454545454,6.282638654311141,1.9998694942537028,0.9999347471268516,74,5,0,200,74
276,138.0,0.022765164156447776,1.3043478260869565,3.1415248149095936,3.141728338861065,137.99106023746367,89.34782608695653,6.282642608285168,1.999870438224111,0.9999352191120556,187,2,0,88,187
277,138.5,0.022682979448301756,1.2996389891696751,3.141525303832281,3.1417273609020686,138.49109251028148,89.35018050541517,6.282646519515185,1.9998713719896244,0.9999356859948121,0,277,1,276,0
278,139.0,0.022601385997048872,1.2949640287769784,3.141525787488364,3.141726393478313,138.9911245509282,89.35251798561151,6.282650388615079,1.9998722956968087,0.9999361478484042,139,2,0,138,139
279,139.5,0.022520377445088124,1.2903225806451613,3.141526265953214,3.141725436439013,139.49115636190015,89.35483870967742,6.282654216187759,1.9998732094896086,0.999936604744804,98,3,0,180,98
280,140.0,0.02243994752564138,1.2857142857142858,3.1415267393008577,3.141724489636072,139.99118794565808,89.35714285714286,6.282658002825382,1.9998741135094011,0.9999370567547006,183,2,0,96,183
281,140.5,0.022360090061137317,1.281138790035587,3.141527207604007,3.141723552924025,140.49121930462763,89.35943060498221,6.282661749109594,1.9998750078950551,0.9999375039475277,0,281,1,280,0
282,141.0,0.02228079896162974,1.2765957446808511,3.141527670934088,3.1417226261599804,140.99125044120004,89.36170212765958,6.282665455611743,1.9998758927829794,0.9999379463914896,189,2,0,92,189
283,141.5,0.02220206822324942,1.2720848056537102,3.141528129361266,3.141721709203567,141.49128135773282,89.36395759717314,6.282669122893101,1.9998767683071776,0.9999383841535888,0,283,1,282,0
284,142.0,0.022123891926688684,1.267605633802817,3.1415285829544732,3.141720801916882,141.9913120565502,89.36619718309859,6.282672751505078,1.9998776345992986,0.9999388172996494,143,2,0,140,143
285,142.5,0.022046264235717847,1.2631578947368423,3.1415290317814355,3.141719904164438,142.49134253994387,89.36842105263158,6.282676341989428,1.999878491788686,0.9999392458943429,140,3,0,144,140
286,143.0,0.02196917939573282,1.2587412587412588,3.1415294759086962,3.1417190158131105,142.9913728101734,89.37062937062937,6.282679894878448,1.999879340002425,0.9999396700012126,165,2,0,120,165
287,143.5,0.021892631732333055,1.2543554006968642,3.1415299154016414,3.141718136732092,143.49140286946692,89.37282229965157,6.2826834106951805,1.9998801793653924,0.9999400896826963,46,7,0,240,46
288,144.0,0.02181661564992912,1.25,3.1415303503245235,3.141717266792841,143.99143272002158,89.375,6.282686889953602,1.9998810100002993,0.9999405050001499,191,2,0,96,191
289,144.5,0.02174112563037919,1.245674740484429,3.1415307807404864,3.1417164058690377,144.4914623640041,89.37716262975779,6.282690333158815,1.9998818320277383,0.9999409160138691,16,17,0,272,16
290,145.0,0.021666156231653747,1.2413793103448276,3.141531206711587,3.1417155538365367,144.9914918035514,89.37931034482759,6.282693740807228,1.9998826455662264,0.9999413227831132,177,2,0,112,177
291,145.5,0.02159170208652779,1.2371134020618557,3.141531628298817,3.14171471057332,145.49152104077098,89.38144329896907,6.282697113386732,1.9998834507322467,0.9999417253661236,98,3,0,192,98
292,146.0,0.021517757901299953,1.2328767123287672,3.141532045562125,3.141713875959458,145.9915500777414,89.3835616438356,6.282700451376882,1.9998842476402934,0.9999421238201466,147,2,0,144,147
293,146.5,0.02144431845453784,1.2286689419795223,3.141532458560441,3.1417130498770636,146.491578916513,89.38566552901024,6.282703755249063,1.9998850364029075,0.9999425182014539,0,293,1,292,0
294,147.0,0.021371378595848933,1.2244897959183674,3.1415328673516902,3.14171223221025,146.99160755910808,89.38775510204081,6.282707025466656,1.999885817130722,0.999942908565361,209,2,0,84,209
295,147.5,0.021298933244676563,1.2203389830508473,3.141533271992823,3.1417114228450944,147.4916360075216,89.38983050847457,6.282710262485204,1.9998865899324965,0.9999432949662482,62,5,0,232,62
296,148.0,0.021226977389120223,1.2162162162162162,3.141533672539825,3.141710621669592,147.99166426372153,89.39189189189189,6.282713466752567,1.999887354915156,0.999943677457578,151,2,0,144,151
297,148.5,0.02115550608477975,1.212121212121212,3.1415340690477436,3.1417098285736227,148.4916923296494,89.39393939393939,6.282716638709077,1.99988811218383,0.9999440560919152,116,3,0,180,116
298,149.0,0.021084514453622773,1.2080536912751678,3.141534461570702,3.1417090434489108,148.99172020722054,89.39597315436241,6.282719778787695,1.9998888618418864,0.9999444309209432,149,2,0,148,149
299,149.5,0.02101399768287487,1.2040133779264215,3.141534850161922,3.1417082661889877,149.49174789832483,89.39799331103679,6.282722887414149,1.9998896039909675,0.9999448019954839,34,13,0,264,34
300,150.0,0.020943951023931952,1.2,3.1415352348737375,3.1417074966891563,149.99177540482683,89.4,6.282725965007087,1.9998903387310243,0.9999451693655121,219,2,0,80,219
301,150.5,0.020874369791294308,1.196013289036545,3.141535615757618,3.141706734846458,150.49180272856634,89.40199335548174,6.282729011978215,1.9998910661603502,0.999945533080175,48,7,0,252,48
302,151.0,0.02080524936152181,1.1920529801324504,3.141535992864178,3.1417059805596335,150.99182987135887,89.40397350993378,6.28273202873243,1.9998917863756143,0.9999458931878071,151,2,0,150,151
303,151.5,0.020736585172209856,1.188118811881188,3.141536366243201,3.141705233729092,151.4918568349959,89.40594059405942,6.282735015667964,1.9998924994718934,0.9999462497359466,102,3,0,200,102
304,152.0,0.02066837272098548,1.1842105263157894,3.1415367359436526,3.1417044942568806,151.9918836212453,89.40789473684211,6.282737973176507,1.9998932055427017,0.9999466027713507,159,2,0,144,159
305,152.5,0.020600607564523234,1.180327868852459,3.1415371020136966,3.141703762046648,152.49191023185185,89.40983606557377,6.282740901643341,1.9998939046800248,0.9999469523400121,64,5,0,240,64
306,153.0,0.020533285317580346,1.176470588235294,3.1415374645007113,3.141703037003614,152.99193666853748,89.41176470588236,6.282743801447459,1.999894596974346,0.999947298487173,209,2,0,96,209
307,153.5,0.02046640165205077,1.1726384364820848,3.1415378234513045,3.141702319034542,153.49196293300167,89.41368078175896,6.282746672961698,1.9998952825146796,0.9999476412573399,0,307,1,306,0
308,154.0,0.020399952296037617,1.1688311688311688,3.141538178911329,3.141701608047704,153.99198902692183,89.41558441558442,6.282749516552849,1.9998959613885954,0.9999479806942976,187,2,0,120,187
309,154.5,0.020333933032943646,1.1650485436893205,3.141538530925897,3.1417009039528563,154.49201495195368,89.41747572815534,6.282752332581777,1.9998966336822481,0.9999483168411242,104,3,0,204,104
310,155.0,0.02026833970057931,1.161290322580645,3.141538879539392,3.141700206661206,154.99204070973155,89.41935483870968,6.282755121403534,1.9998972994804072,0.9999486497402036,189,2,0,120,189
311,155.5,0.02020316819028806,1.157556270096463,3.1415392247954887,3.1416995160853896,155.49206630186882,89.42122186495178,6.282757883367482,1.9998979588664803,0.99994897943324,0,311,1,310,0
312,156.0,0.020138414446088417,1.1538461538461537,3.14153956673716,3.1416988321394355,155.99209172995808,89.42307692307692,6.282760618817384,1.9998986119225397,0.9999493059612697,215,2,0,96,215
313,156.5,0.020074074463832543,1.1501597444089455,3.141539905406696,3.1416981547387497,156.49211699557165,89.42492012779553,6.282763328091525,1.9998992587293503,0.9999496293646751,0,313,1,312,0
314,157.0,0.02001014429038085,1.1464968152866242,3.141540240845713,3.1416974838000797,156.9921421002618,89.42675159235668,6.2827660115228126,1.999899899366392,0.9999499496831961,157,2,0,156,157
315,157.5,0.019946620022792336,1.1428571428571428,3.141540573095167,3.1416968192414916,157.49216704556102,89.42857142857143,6.282768669438877,1.999900533911886,0.999950266955943,170,3,0,144,170
316,158.0,0.019883497807530338,1.139240506329114,3.141540902195368,3.1416961609823493,157.99219183298254,89.43037974683544,6.282771302162174,1.9999011624428173,0.9999505812214085,159,2,0,156,159
317,158.5,0.019820773839683236,1.1356466876971607,3.141541228185992,3.1416955089432834,158.4922164640204,89.43217665615143,6.282773910010079,1.9999017850349576,0.9999508925174789,0,317,1,316,0
318,159.0,0.019758444362199958,1.1320754716981132,3.141541551106091,3.141694863046174,158.99224094014988,89.43396226415095,6.282776493294991,1.9999024017628915,0.9999512008814458,213,2,0,104,213
319,159.5,0.01969650566513977,1.1285266457680252,3.1415418709941054,3.14169422321412,159.49226526282771,89.43573667711598,6.282779052324413,1.999903012700034,0.9999515063500171,38,11,0,280,38
320,160.0,0.019634954084936207,1.125,3.1415421878878775,3.141693589371422,159.9922894334925,89.4375,6.282781587401056,1.9999036179186558,0.999951808959328,191,2,0,128,191
321,160.5,0.019573786003674723,1.1214953271028036,3.1415425018246603,3.1416929614435585,160.49231345356483,89.43925233644859,6.282784098822923,1.999904217489904,0.9999521087449522,108,3,0,212,108
322,161.0,0.01951299784838381,1.1180124223602486,3.1415428128411285,3.1416923393571627,160.99233732444773,89.44099378881988,6.282786586883395,1.9999048114838227,0.9999524057419114,189,2,0,132,189
323,161.5,0.019452586090339275,1.1145510835913313,3.141543120973391,3.141691723040001,161.49236104752686,89.44272445820434,6.282789051871321,1.9999053999693728,0.9999526999846864,34,17,0,288,34
324,162.0,0.019392547244381438,1.1111111111111112,3.1415434262570003,3.141691112420956,161.99238462417063,89.44444444444446,6.282791494071096,1.9999059830144519,0.999952991507226,215,2,0,108,215
325,162.5,0.01933287786824488,1.1076923076923078,3.141543728726962,3.141690507429999,162.49240805573078,89.44615384615385,6.282793913762751,1.9999065606859172,0.9999532803429586,84,5,0,240,84
326,163.0,0.019273574561900573,1.1042944785276074,3.1415440284177465,3.141689907998176,162.9924313435424,89.4478527607362,6.282796311222027,1.9999071330496,0.9999535665247999,163,2,0,162,163
327,163.5,0.01921463396691005,1.1009174311926606,3.1415443253632973,3.1416893140575852,163.49245448892418,89.44954128440368,6.282798686720452,1.9999077001703265,0.9999538500851632,110,3,0,216,110
328,164.0,0.019156052765791423,1.0975609756097562,3.141544619597042,3.141688725541358,163.99247749317885,89.45121951219512,6.282801040525427,1.9999082621119373,0.9999541310559686,167,2,0,160,167
329,164.5,0.01909782768139692,1.094224924012158,3.1415449111519,3.1416881423836416,164.49250035759323,89.45288753799392,6.2828033729002914,1.9999088189373033,0.9999544094686519,52,7,0,276,52
330,165.0,0.019039955476301777,1.0909090909090908,3.1415452000602926,3.1416875645195783,164.99252308343853,89.45454545454545,6.282805684104403,1.9999093707083455,0.9999546853541729,249,2,0,80,249
331,165.5,0.018982432952204187,1.0876132930513596,3.1415454863541536,3.14168699188529,165.49254567197065,89.45619335347432,6.282807974393209,1.9999099174860502,0.9999549587430251,0,331,1,330,0
332,166.0,0.018925256949336104,1.0843373493975905,3.1415457700649356,3.1416864244178586,165.99256812443033,89.45783132530121,6.282810244018311,1.999910459330486,0.999955229665243,167,2,0,164,167
333,166.5,0.018868424345884642,1.081081081081081,3.141546051223619,3.1416858620553083,166.49259044204342,89.45945945945947,6.282812493227541,1.9999109963008221,0.999955498150411,116,3,0,216,116
334,167.0,0.01881193205742391,1.0778443113772453,3.1415463298607227,3.1416853047365922,166.9926126260211,89.46107784431138,6.282814722265029,1.9999115284553424,0.9999557642276713,167,2,0,166,167
335,167.5,0.018755777036356974,1.0746268656716418,3.1415466060063095,3.1416847524015714,167.49263467756,89.46268656716417,6.282816931371264,1.999912055851463,0.9999560279257313,70,5,0,264,70
336,168.0,0.018699956271367817,1.0714285714285714,3.1415468796899964,3.1416842049910008,167.99265659784263,89.46428571428572,6.282819120783161,1.9999125785457454,0.9999562892728727,239,2,0,96,239
337,168.5,0.018644466786883047,1.0682492581602374,3.1415471509409603,3.141683662446513,168.49267838803738,89.46587537091987,6.282821290734129,1.9999130965939158,0.9999565482969577,0,337,1,336,0
338,169.0,0.018589305642543155,1.0650887573964496,3.141547419787948,3.141683124710604,168.9927000492989,89.46745562130177,6.282823441454124,1.9999136100508743,0.9999568050254373,181,2,0,156,181
339,169.5,0.018534469932683144,1.0619469026548671,3.1415476862592833,3.1416825917266156,169.4927215827681,89.46902654867256,6.282825573169722,1.9999141189707148,0.9999570594853575,114,3,0,224,114
340,170.0,0.018479956785822312,1.0588235294117647,3.141547950382874,3.141682063438722,169.99274298957255,89.47058823529412,6.282827686104167,1.9999146234067358,0.9999573117033679,211,2,0,128,211
341,170.5,0.01842576336416301,1.0557184750733137,3.1415482121862186,3.141681539791915,170.49276427082654,89.47214076246334,6.282829780477438,1.9999151234114552,0.9999575617057275,40,11,0,300,40
342,171.0,0.018371886863098204,1.0526315789473684,3.141548471696414,3.1416810207319883,170.99278542763142,89.47368421052632,6.282831856506298,1.9999156190366252,0.9999578095183124,233,2,0,108,233
343,171.5,0.018318324510727655,1.0495626822157433,3.1415487289401653,3.141680506205527,171.49280646107556,89.47521865889213,6.282833914404358,1.9999161103332426,0.9999580551666213,48,7,0,294,48
344,172.0,0.01826507356738252,1.0465116279069768,3.1415489839437862,3.141679996159889,171.99282737223484,89.47674418604652,6.282835954382131,1.9999165973515676,0.999958298675784,175,2,0,168,175
345,172.5,0.01821213132515822,1.0434782608695652,3.141549236733211,3.1416794905431957,172.4928481621725,89.4782608695652,6.282837976647079,1.9999170801411301,0.9999585400705652,168,3,0,176,168
346,173.0,0.018159495107455452,1.0404624277456647,3.141549487334002,3.1416789893043173,172.9928688319396,89.47976878612717,6.282839981403677,1.9999175587507465,0.9999587793753735,173,2,0,172,173
347,173.5,0.018107162268529067,1.037463976945245,3.14154973577135,3.1416784923928582,173.49288938257504,89.48126801152738,6.2828419688534485,1.9999180332285307,0.9999590166142653,0,347,1,346,0
348,174.0,0.018055130193044788,1.0344827586206897,3.1415499820700874,3.141677999759147,173.99290981510578,89.48275862068965,6.282843939195034,1.9999185036219058,0.9999592518109527,235,2,0,112,235
349,174.5,0.018003396295643515,1.031518624641834,3.1415502262546897,3.1416775113542226,174.49293013054705,89.48424068767908,6.282845892624228,1.9999189699776168,0.9999594849888083,0,349,1,348,0
350,175.0,0.017951958020513102,1.0285714285714285,3.1415504683492834,3.1416770271298224,174.99295032990244,89.48571428571428,6.282847829334033,1.999919432341742,0.9999597161708711,229,2,0,120,229
351,175.5,0.017900812840967482,1.0256410256410255,3.141550708377653,3.1416765470383714,175.4929704141641,89.48717948717949,6.282849749514709,1.9999198907597047,0.9999599453798523,134,3,0,216,134
352,176.0,0.017849958259032916,1.0227272727272727,3.1415509463632443,3.1416760710329674,175.9929903843129,89.48863636363636,6.282851653353814,1.9999203452762833,0.9999601726381414,191,2,0,160,191
353,176.5,0.01779939180504132,1.019830028328612,3.141551182329171,3.1416755990673733,176.49301024131861,89.4900849858357,6.282853541036251,1.9999207959356222,0.9999603979678109,0,353,1,352,0
354,177.0,0.01774911103723047,1.0169491525423728,3.1415514162982245,3.1416751310960045,176.9930299861401,89.49152542372882,6.282855412744323,1.999921242781244,0.999960621390622,237,2,0,116,237
355,177.5,0.017699113541350946,1.0140845070422535,3.14155164829287,3.141674667073915,177.49304961972533,89.49295774647888,6.28285726865776,1.99992168585606,0.99996084292803,74,5,0,280,74
356,178.0,0.017649396930279736,1.0112359550561798,3.141551878335262,3.1416742069567922,177.99306914301167,89.49438202247191,6.28285910895378,1.9999221252023782,0.9999610626011891,179,2,0,176,179
357,178.5,0.0175999588436403,1.0084033613445378,3.141552106447244,3.1416737507009422,178.49308855692598,89.49579831932773,6.282860933807117,1.9999225608619156,0.9999612804309579,164,3,0,192,164
358,179.0,0.01755079694742901,1.0055865921787708,3.141552332650353,3.1416732982632785,178.99310786238476,89.49720670391062,6.2828627433900675,1.9999229928758073,0.9999614964379037,179,2,0,178,179
359,179.5,0.01750190893364787,1.0027855153203342,3.141552556965829,3.141672849601318,179.4931270602943,89.49860724233984,6.282864537872535,1.9999234212846162,0.9999617106423081,0,359,1,358,0
360,180.0,0.017453292519943295,1.0,3.1415527794146163,3.141672404673164,179.99314615155083,89.5,6.282866317422064,1.9999238461283426,0.9999619230641713,263,2,0,96,263
361,180.5,0.017404945449250933,0.9972299168975071,3.1415530000173706,3.1416719634375,180.49316513704065,89.50138504155125,6.282868082203885,1.9999242674464335,0.9999621337232169,18,19,0,342,18
362,181.0,0.01735686548944637,0.994475138121547,3.14155321879446,3.141671525853578,180.9931840176402,89.50276243093923,6.282869832380945,1.999924685277792,0.9999623426388962,181,2,0,180,181
363,181.5,0.017309050433001617,0.9917355371900828,3.1415534357659745,3.141671091881214,181.4932027942164,89.50413223140495,6.282871568113952,1.9999250996607865,0.9999625498303933,142,3,0,220,142
364,182.0,0.017261498096647215,0.9890109890109889,3.141553650951729,3.141670661480771,181.9932214676265,89.50549450549451,6.282873289561413,1.9999255106332583,0.9999627553166291,219,2,0,144,219
365,182.5,0.01721420632103996,0.9863013698630136,3.1415538643712657,3.141670234613158,182.49324003871845,89.5068493150685,6.28287499687966,1.999925918232531,0.9999629591162655,76,5,0,288,76
366,183.0,0.017167172970436028,0.9836065573770492,3.141554076043862,3.141669811239815,182.9932585083309,89.50819672131148,6.282876690222897,1.9999263224954198,0.9999631612477099,245,2,0,120,245
367,183.5,0.017120395932369446,0.9809264305177112,3.1415542859885317,3.1416693913227087,183.49327687729337,89.50953678474114,6.28287836974323,1.9999267234582385,0.9999633617291191,0,367,1,366,0
368,184.0,0.017073873117335832,0.9782608695652174,3.14155449422403,3.1416689748243187,183.99329514642636,89.51086956521739,6.282880035590695,1.9999271211568077,0.9999635605784042,191,2,0,176,191
369,184.5,0.017027602458481263,0.975609756097561,3.14155470076886,3.1416685617076348,184.49331331654142,89.51219512195121,6.282881687913309,1.999927515626465,0.9999637578132327,128,3,0,240,128
370,185.0,0.01698158191129618,0.972972972972973,3.1415549056412746,3.141668151936146,184.99333138844142,89.5135135135135,6.282883326857084,1.9999279069020697,0.9999639534510347,225,2,0,144,225
371,185.5,0.01693580945331425,0.9703504043126685,3.141555108859281,3.1416677454738333,185.49334936292055,89.51482479784366,6.282884952566066,1.9999282950180117,0.9999641475090056,58,7,0,312,58
372,186.0,0.016890283083816092,0.967741935483871,3.1415553104406437,3.141667342285158,185.99336724076443,89.51612903225806,6.282886565182368,1.9999286800082192,0.9999643400041098,251,2,0,120,251
373,186.5,0.016845000823537765,0.9651474530831099,3.1415555104028905,3.141666942335061,186.49338502275026,89.51742627345844,6.282888164846208,1.9999290619061687,0.9999645309530845,0,373,1,372,0
374,187.0,0.01679996071438392,0.9625668449197861,3.141555708763314,3.1416665455889503,186.99340270964692,89.5187165775401,6.282889751695922,1.999929440744887,0.9999647203724434,213,2,0,160,213
375,187.5,0.016755160819145562,0.96,3.1415559055389797,3.141666152012693,187.49342030221513,89.52000000000001,6.28289132586801,1.9999298165569612,0.9999649082784807,174,3,0,200,174
376,188.0,0.016710599221222304,0.9574468085106383,3.141556100746723,3.1416657615726113,187.99343780120748,89.52127659574468,6.282892887497159,1.9999301893745476,0.9999650946872738,191,2,0,184,191
377,188.5,0.016666274024349035,0.9549071618037135,3.141556294403156,3.1416653742354725,188.49345520736858,89.52254641909815,6.282894436716267,1.999930559229375,0.9999652796146874,40,13,0,336,40
378,189.0,0.016622183352326948,0.9523809523809523,3.1415564865246752,3.1416649899684836,188.99347252143522,89.52380952380952,6.282895973656486,1.999930926152754,0.9999654630763768,269,2,0,108,269
379,189.5,0.0165783253487588,0.9498680738786278,3.1415566771274572,3.141664608739282,189.49348974413633,89.5250659630607,6.282897498447228,1.9999312901755812,0.9999656450877906,0,379,1,378,0
380,190.0,0.016534698176788386,0.9473684210526316,3.141556866227469,3.141664230515933,189.99350687619318,89.52631578947368,6.282899011216215,1.999931651328349,0.9999658256641746,235,2,0,144,235
381,190.5,0.01649130001884406,0.9448818897637795,3.1415570538404647,3.1416638552669185,190.4935239183195,89.5275590551181,6.282900512089491,1.9999320096411501,0.9999660048205748,128,3,0,252,128
382,191.0,0.01644812907638635,0.9424083769633508,3.1415572399819967,3.1416634829611327,190.99354087122154,89.52879581151832,6.282902001191449,1.999932365143681,0.9999661825718406,191,2,0,190,191
383,191.5,0.016405183569659493,0.9399477806788511,3.141557424667411,3.1416631135678763,191.4935577355982,89.53002610966057,6.282903478644868,1.9999327178652553,0.9999663589326276,0,383,1,382,0
384,192.0,0.016362461737446838,0.9374999999999999,3.1415576079118575,3.141662747056848,191.993574512141,89.53125,6.282904944570923,1.999933067834802,0.9999665339174011,255,2,0,128,255
385,192.5,0.016319961836830096,0.9350649350649352,3.1415577897302867,3.1416623833981414,192.4935912015344,89.53246753246754,6.282906399089224,1.9999334150808772,0.9999667075404385,144,5,0,240,144
386,193.0,0.016277682142952297,0.9326424870466322,3.1415579701374563,3.1416620225622354,192.9936078044557,89.53367875647668,6.282907842317826,1.9999337596316653,0.9999668798158327,193,2,0,192,193
387,193.5,0.01623562094878446,0.9302325581395349,3.1415581491479343,3.1416616645199884,193.4936243215752,89.53488372093024,6.2829092743732655,1.999934101514989,0.9999670507574946,134,3,0,252,134
388,194.0,0.016193776564895842,0.9278350515463918,3.1415583267761016,3.1416613092426378,193.99364075355632,89.5360824742268,6.282910695370583,1.9999344407583124,0.9999672203791563,195,2,0,192,195
389,194.5,0.01615214731922773,0.9254498714652957,3.1415585030361535,3.1416609567017875,194.49365710105562,89.53727506426735,6.282912105423333,1.9999347773887464,0.9999673886943734,0,389,1,388,0
390,195.0,0.016110731556870733,0.923076923076923,3.1415586779421023,3.141660606869405,194.99367336472295,89.53846153846153,6.282913504643623,1.9999351114330561,0.999967555716528,293,2,0,96,293
391,195.5,0.01606952763984549,0.9207161125319693,3.141558851507786,3.1416602597178174,195.4936895452015,89.53964194373401,6.282914893142126,1.9999354429176623,0.9999677214588313,38,17,0,352,38
392,196.0,0.0160285339468867,0.9183673469387754,3.141559023746861,3.141659915219703,195.99370564312792,89.54081632653062,6.282916271028108,1.9999357718686521,0.9999678859343262,223,2,0,168,223
393,196.5,0.015987748873230498,0.9160305343511449,3.141559194672812,3.141659573348087,196.49372165913238,89.54198473282443,6.282917638409442,1.9999360983117802,0.99996804915589,132,3,0,260,132
394,197.0,0.01594717083040504,0.9137055837563451,3.1415593642989554,3.1416592340763385,196.99373759383863,89.54314720812182,6.282918995392639,1.9999364222724734,0.9999682111362367,197,2,0,196,197
395,197.5,0.01590679824602427,0.9113924050632912,3.1415595326384365,3.1416588973781616,197.49375344786407,89.54430379746836,6.28292034208286,1.9999367437758384,0.9999683718879193,82,5,0,312,82
396,198.0,0.015866629563584814,0.9090909090909092,3.1415596997042337,3.1416585632275917,197.99376922181995,89.54545454545455,6.282921678583939,1.999937062846666,0.9999685314233331,275,2,0,120,275
397,198.5,0.015826663242265962,0.9068010075566751,3.1415598655091648,3.141658231598992,198.4937849163113,89.54659949622166,6.282923004998409,1.999937379509434,0.999968689754717,0,397,1,396,0
398,199.0,0.01578689775673263,0.9045226130653267,3.1415600300658864,3.141657902467047,198.9938005319371,89.54773869346734,6.282924321427511,1.9999376937883127,0.9999688468941562,199,2,0,198,199
399,199.5,0.01574733159694132,0.9022556390977444,3.141560193386895,3.141657575806757,199.4938160692903,89.54887218045113,6.282925627971221,1.999938005707171,0.9999690028535854,182,3,0,216,182
400,200.0,0.015707963267948967,0.9,3.1415603554845335,3.1416572515934362,199.99383152895794,89.55,6.28292692472827,1.9999383152895793,0.9999691576447897,239,2,0,160,239
401,200.5,0.015668791289724655,0.8977556109725686,3.141560516370989,3.1416569298027057,200.4938469115212,89.55112219451371,6.282928211796156,1.999938622558815,0.9999693112794075,0,401,1,400,0
402,201.0,0.015629814196964145,0.8955223880597015,3.141560676058298,3.141656610410488,200.99386221755546,89.55223880597015,6.2829294892711625,1.999938927537865,0.9999694637689326,269,2,0,132,269
403,201.5,0.015591030538907162,0.8933002481389578,3.1415608345583483,3.1416562933930066,201.49387744763038,89.55334987593052,6.28293075724839,1.999939230249433,0.9999696151247165,42,13,0,360,42
404,202.0,0.015552438879157391,0.8910891089108911,3.1415609918828795,3.1416559787267757,201.99389260231004,89.55445544554455,6.2829320158217525,1.999939530715941,0.9999697653579706,203,2,0,200,203
405,202.5,0.015514037795505151,0.8888888888888888,3.1415611480434884,3.1416556663886026,202.49390768215292,89.55555555555556,6.282933265084014,1.999939828959535,0.9999699144797676,188,3,0,216,188
406,203.0,0.015475825879752676,0.8866995073891626,3.1415613030516267,3.141655356355577,202.99392268771197,89.55665024630542,6.282934505126795,1.9999401250020885,0.9999700625010441,237,2,0,168,237
407,203.5,0.015437801737541982,0.8845208845208845,3.1415614569186086,3.1416550486050716,203.49393761953473,89.55773955773955,6.2829357360405895,1.9999404188652061,0.9999702094326031,46,11,0,360,46
408,204.0,0.01539996398818526,0.8823529411764706,3.1415616096556063,3.141654743114734,203.9939524781634,89.55882352941177,6.282936957914787,1.9999407105702294,0.9999703552851148,279,2,0,128,279
409,204.5,0.015362311264497766,0.8801955990220048,3.1415617612736586,3.1416544398624877,204.49396726413477,89.55990220048899,6.282938170837684,1.9999410001382376,0.9999705000691187,0,409,1,408,0
410,205.0,0.015324842212633137,0.8780487804878049,3.1415619117836684,3.1416541388265222,204.99398197798052,89.5609756097561,6.282939374896501,1.999941287590054,0.999970643795027,249,2,0,160,249
411,205.5,0.015287555491921134,0.875912408759124,3.141562061196406,3.1416538399852936,205.4939966202271,89.56204379562044,6.282940570177401,1.9999415729462493,0.9999707864731247,138,3,0,272,138
412,206.0,0.015250449774707733,0.8737864077669902,3.141562209522512,3.1416535433175197,205.99401119139586,89.5631067961165,6.282941756765503,1.9999418562271447,0.9999709281135721,207,2,0,204,207
413,206.5,0.015213523746197546,0.8716707021791767,3.1415623567724986,3.1416532488021733,206.49402569200308,89.5641646489104,6.2829429347448915,1.9999421374528144,0.9999710687264072,64,7,0,348,64
414,207.0,0.015176776104298517,0.8695652173913043,3.1415625029567487,3.141652956418483,206.99404012256005,89.56521739130434,6.282944104198642,1.9999424166430926,0.9999712083215462,281,2,0,132,281
415,207.5,0.015140205559468883,0.8674698795180723,3.141562648085523,3.141652666145928,207.4940544835732,89.56626506024097,6.282945265208829,1.999942693817573,0.9999713469087865,86,5,0,328,86
416,208.0,0.015103810834566312,0.8653846153846153,3.141562792168958,3.14165237796423,207.99406877554398,89.5673076923077,6.28294641785654,1.9999429689956152,0.9999714844978076,223,2,0,192,223
417,208.5,0.015067590664699248,0.8633093525179856,3.141562935217069,3.141652091853358,208.4940829989691,89.56834532374101,6.282947562221896,1.9999432421963463,0.9999716210981732,140,3,0,276,140
418,209.0,0.01503154379708035,0.8612440191387559,3.1415630772397516,3.1416518077935174,208.99409715434052,89.56937799043062,6.282948698384054,1.9999435134386654,0.9999717567193327,237,2,0,180,237
419,209.5,0.014995668990882068,0.8591885441527446,3.1415632182467825,3.1416515257651523,209.49411124214552,89.57040572792363,6.282949826421233,1.999943782741246,0.999971891370623,0,419,1,418,0
420,210.0,0.014959965017094254,0.8571428571428572,3.141563358247824,3.1416512457489354,209.99412526286665,89.57142857142857,6.28295094641072,1.9999440501225396,0.9999720250612697,323,2,0,96,323
421,210.5,0.014924430658383815,0.8551068883610451,3.141563497252422,3.1416509677257727,210.49413921698198,89.57244655581948,6.282952058428885,1.999944315600779,0.9999721578003894,0,421,1,420,0
422,211.0,0.014889064708956366,0.8530805687203792,3.141563635270011,3.1416506916767934,210.99415310496494,89.5734597156398,6.282953162551195,1.999944579193981,0.9999722895969902,211,2,0,210,211
423,211.5,0.014853865974419825,0.851063829787234,3.141563772309913,3.141650417583351,211.4941669272846,89.57446808510639,6.282954258852223,1.9999448409199487,0.9999724204599745,146,3,0,276,146
424,212.0,0.014818833271649968,0.8490566037735849,3.1415639083813405,3.141650145427018,211.99418068440553,89.5754716981132,6.282955347405672,1.9999451007962787,0.9999725503981394,215,2,0,208,215
425,212.5,0.01478396542865785,0.8470588235294118,3.141564043493397,3.1416498751895827,212.494194376788,89.5764705882353,6.2829564282843675,1.9999453588403577,0.9999726794201788,104,5,0,320,104
426,213.0,0.014749261284459123,0.8450704225352113,3.1415641776550816,3.141649606853049,212.99420800488784,89.5774647887324,6.282957501560289,1.999945615069369,0.9999728075346846,285,2,0,140,285
427,213.5,0.014714719688945168,0.8430913348946136,3.1415643108752853,3.14164934039963,213.49422156915665,89.5784543325527,6.282958567304574,1.999945869500297,0.9999729347501483,66,7,0,360,66
428,214.0,0.014680339502756042,0.8411214953271028,3.1415644431627974,3.1416490758117455,213.99423507004192,89.57943925233646,6.282959625587524,1.9999461221499246,0.9999730610749623,215,2,0,212,215
429,214.5,0.014646119597155213,0.8391608391608392,3.1415645745263046,3.141648813072022,214.49424850798684,89.58041958041957,6.2829606764786305,1.9999463730348424,0.9999731865174212,188,3,0,240,188
430,215.0,0.014612058853906014,0.8372093023255813,3.1415647049743907,3.141648552163286,214.99426188343054,89.58139534883722,6.282961720046571,1.999946622171447,0.9999733110857234,261,2,0,168,261
431,215.5,0.014578156165149852,0.8352668213457076,3.1415648345155422,3.1416482930685645,215.49427519680802,89.58236658932715,6.28296275635923,1.9999468695759448,0.9999734347879723,0,431,1,430,0
432,216.0,0.01454441043328608,0.8333333333333334,3.141564963158148,3.141648035771079,215.99428844855032,89.58333333333334,6.282963785483707,1.9999471152643546,0.9999735576321774,287,2,0,144,287
433,216.5,0.014510820570853547,0.8314087759815242,3.1415650909104977,3.141647780254245,216.49430163908448,89.58429561200924,6.282964807486329,1.9999473592525125,0.9999736796262563,0,433,1,432,0
434,217.0,0.014477385500413793,0.8294930875576036,3.1415652177807876,3.1416475265016715,216.99431476883353,89.5852534562212,6.282965822432658,1.9999476015560698,0.9999738007780347,253,2,0,180,253
435,217.5,0.01444410415443583,0.8275862068965517,3.141565343777119,3.141647274497151,217.49432783821672,89.58620689655173,6.282966830387502,1.9999478421904988,0.9999739210952493,210,3,0,224,210
436,218.0,0.014410975475182537,0.8256880733944953,3.141565468907501,3.141647024224666,217.9943408476494,89.58715596330275,6.28296783141493,1.9999480811710955,0.9999740405855477,219,2,0,216,219
437,218.5,0.014377998414598596,0.8237986270022883,3.141565593179851,3.1416467756683795,218.49435379754308,89.58810068649885,6.282968825578277,1.9999483185129805,0.9999741592564901,40,19,0,396,40
438,219.0,0.01434517193419997,0.8219178082191781,3.141565716601995,3.141646528812636,218.99436668830563,89.58904109589041,6.282969812940155,1.9999485542311017,0.9999742771155509,293,2,0,144,293
439,219.5,0.01431249500496489,0.8200455580865604,3.141565839181671,3.141646283641957,219.49437952034108,89.58997722095673,6.282970793562465,1.9999487883402376,0.9999743941701188,0,439,1,438,0
440,220.0,0.014279966607226332,0.8181818181818181,3.14156596092653,3.1416460401410418,219.99439229404982,89.5909090909091,6.282971767506405,1.9999490208549981,0.9999745104274992,279,2,0,160,279
441,220.5,0.014247585730565955,0.8163265306122449,3.1415660818441347,3.141645798294762,220.49440500982865,89.59183673469387,6.282972734832482,1.999949251789829,0.9999746258949145,188,3,0,252,188
442,221.0,0.01421535137370947,0.8144796380090498,3.1415662019419632,3.141645558088159,220.99441766807075,89.59276018099548,6.282973695600515,1.9999494811590113,0.9999747405795056,249,2,0,192,249
443,221.5,0.014183262544423446,0.8126410835214447,3.1415663212274088,3.1416453195064444,221.49443026916578,89.59367945823928,6.282974649869653,1.9999497089766665,0.9999748544883331,0,443,1,442,0
444,222.0,0.014151318259413483,0.8108108108108109,3.1415664397077827,3.1416450825349953,221.9944428134998,89.5945945945946,6.282975597698374,1.999949935256755,0.9999749676283775,299,2,0,144,299
445,222.5,0.014119517544223789,0.8089887640449438,3.141566557390313,3.1416448471593528,222.49445530145547,89.59550561797752,6.2829765391445065,1.999950160013083,0.9999750800065415,92,5,0,352,92
446,223.0,0.014087859433138086,0.8071748878923767,3.1415666742821466,3.1416446133652216,222.99446773341208,89.59641255605382,6.282977474265228,1.9999503832593013,0.9999751916296505,223,2,0,222,223
447,223.5,0.014056342969081849,0.8053691275167786,3.1415667903903524,3.141644381138464,223.49448010974538,89.59731543624162,6.282978403117077,1.9999506050089073,0.9999753025044537,150,3,0,296,150
448,224.0,0.014024967203525862,0.8035714285714286,3.141566905721918,3.1416441504651003,223.9944924308279,89.59821428571429,6.282979325755961,1.9999508252752491,0.9999754126376246,255,2,0,192,255
449,224.5,0.01399373119639106,0.8017817371937639,3.1415670202837553,3.141643921331308,224.49450469702876,89.59910913140311,6.282980242237168,1.9999510440715256,0.9999755220357629,0,449,1,448,0
450,225.0,0.013962634015954637,0.8,3.1415671340826985,3.1416436937234153,224.99451690871382,89.6,6.282981152615372,1.9999512614107897,0.9999756307053947,329,2,0,120,329
451,225.5,0.013931674738757397,0.7982261640798226,3.141567247125506,3.1416434676279046,225.49452906624575,89.6008869179601,6.282982056944639,1.9999514773059488,0.9999757386529745,50,11,0,400,50
452,226.0,0.01390085244951236,0.7964601769911505,3.1415673594188624,3.141643243031406,225.99454116998393,89.60176991150442,6.28298295527844,1.999951691769769,0.9999758458848846,227,2,0,224,227
453,226.5,0.01387016624101454,0.794701986754967,3.141567470969377,3.1416430199206973,226.4945532202846,89.60264900662251,6.282983847669656,1.9999519048148753,0.9999759524074374,152,3,0,300,152
454,227.0,0.013839615214051953,0.7929515418502203,3.141567581783589,3.1416427982827013,226.9945652175009,89.60352422907489,6.2829847341705864,1.9999521164537526,0.9999760582268762,227,2,0,226,227
455,227.5,0.013809198477317772,0.7912087912087912,3.1415676918679627,3.1416425781044857,227.49457716198282,89.6043956043956,6.282985614832954,1.9999523266987502,0.999976163349375,166,5,0,288,166
456,228.0,0.013778915147323654,0.7894736842105263,3.141567801228894,3.1416423593732588,227.99458905407727,89.60526315789474,6.28298648970792,1.9999525355620813,0.9999762677810407,311,2,0,144,311
457,228.5,0.013748764348314194,0.787746170678337,3.141567909872708,3.141642142076369,228.49460089412815,89.60612691466083,6.282987358846082,1.9999527430558266,0.9999763715279132,0,457,1,456,0
458,229.0,0.013718745212182503,0.7860262008733625,3.141568017805661,3.1416419262013027,228.99461268247637,89.60698689956332,6.282988222297488,1.9999529491919337,0.9999764745959667,229,2,0,228,229
459,229.5,0.013688856878386899,0.7843137254901961,3.1415681250339405,3.141641711735682,229.49462441945985,89.6078431372549,6.282989080111641,1.9999531539822206,0.9999765769911104,170,3,0,288,170
460,230.0,0.013659098493868666,0.782608695652174,3.1415682315636673,3.141641498667264,229.99463610541355,89.6086956521739,6.282989932337507,1.999953357438379,0.9999766787191894,283,2,0,176,283
461,230.5,0.013629469212970903,0.7809110629067245,3.1415683374008965,3.1416412869839383,230.4946477406696,89.60954446854663,6.28299077902352,1.9999535595719706,0.9999767797859852,0,461,1,460,0
462,231.0,0.013599968197358411,0.7792207792207791,3.1415684425516175,3.141641076673725,230.9946593255571,89.6103896103896,6.282991620217593,1.999953760394434,0.9999768801972169,341,2,0,120,341
463,231.5,0.013570594615938632,0.7775377969762419,3.1415685470217545,3.1416408677247754,231.49467086040252,89.61123110151188,6.282992455967119,1.9999539599170846,0.9999769799585422,0,463,1,462,0
464,232.0,0.013541347644783592,0.7758620689655172,3.1415686508171676,3.1416406601253644,231.99468234552933,89.61206896551724,6.282993286318982,1.9999541581511149,0.9999770790755574,239,2,0,224,239
465,232.5,0.013512226467052874,0.7741935483870968,3.141568753943656,3.141640453863897,232.4946937812583,89.61290322580645,6.2829941113195655,1.9999543551075982,0.9999771775537991,224,3,0,240,224
466,233.0,0.013483230272917568,0.7725321888412018,3.141568856406954,3.1416402489289,232.99470516790743,89.6137339055794,6.282994931014751,1.999954550797489,0.9999772753987444,233,2,0,232,233
467,233.5,0.013454358259485195,0.7708779443254817,3.1415689582127366,3.141640045309023,233.49471650579204,89.61456102783727,6.282995745449931,1.9999547452316235,0.9999773726158118,0,467,1,466,0
468,234.0,0.013425609630725612,0.7692307692307693,3.141569059366618,3.1416398429930386,233.99472779522472,89.61538461538461,6.2829965546700155,1.9999549384207238,0.999977469210362,323,2,0,144,323
469,234.5,0.013396983597397839,0.767590618336887,3.141569159874151,3.141639641969837,234.49473903651534,89.61620469083155,6.282997358719435,1.9999551303753975,0.9999775651876986,72,7,0,396,72
470,235.0,0.013368479376977844,0.7659574468085106,3.1415692597408316,3.1416394422284277,234.99475022997123,89.61702127659574,6.282998157642147,1.999955321106138,0.999977660553069,285,2,0,184,285
471,235.5,0.013340096193587232,0.7643312101910829,3.141569358972096,3.141639243757935,235.49476137589704,89.61783439490446,6.282998951481644,1.9999555106233293,0.9999777553116648,158,3,0,312,158
472,236.0,0.013311833277922852,0.7627118644067796,3.141569457573323,3.1416390465476005,235.9947724745949,89.61864406779661,6.282999740280957,1.9999556989372451,0.9999778494686224,239,2,0,232,239
473,236.5,0.013283689867187285,0.7610993657505285,3.1415695555498355,3.1416388505867783,236.4947835263643,89.61945031712473,6.283000524082663,1.999955886058049,0.9999779430290245,52,11,0,420,52
474,237.0,0.013255665205020225,0.759493670886076,3.1415696529069,3.141638655864935,236.9947945315023,89.62025316455696,6.283001302928892,1.9999560719957998,0.9999780359979,317,2,0,156,317
475,237.5,0.013227758541430708,0.7578947368421053,3.1415697496497272,3.141638462371648,237.49480549030335,89.62105263157895,6.28300207686133,1.9999562567604494,0.9999781283802246,114,5,0,360,114
476,238.0,0.013199969132730223,0.7563025210084033,3.1415698457834726,3.141638270096603,237.99481640305953,89.6218487394958,6.283002845921224,1.999956440361845,0.9999782201809224,283,2,0,192,283
477,238.5,0.013172296241466638,0.7547169811320755,3.1415699413132394,3.141638079029595,238.49482727006043,89.62264150943396,6.283003610149391,1.999956622809731,0.9999783114048655,164,3,0,312,164
478,239.0,0.013144739136358967,0.7531380753138075,3.141570036244076,3.1416378891605246,238.99483809159318,89.6234309623431,6.283004369586221,1.9999568041137503,0.9999784020568753,239,2,0,238,239
479,239.5,0.013117297092232957,0.7515657620041754,3.1415701305809787,3.1416377004793996,239.4948488679426,89.62421711899792,6.283005124271685,1.9999569842834457,0.9999784921417227,0,479,1,478,0
480,240.0,0.01308996938995747,0.75,3.141570224328892,3.1416375129763288,239.99485959939102,89.625,6.283005874245331,1.9999571633282585,0.9999785816641292,351,2,0,128,351
481,240.5,0.013062755316381677,0.7484407484407485,3.1415703174927083,3.1416373266415274,240.4948702862185,89.62577962577963,6.283006619546305,1.9999573412575344,0.9999786706287671,48,13,0,432,48
482,241.0,0.013035654164273,0.7468879668049793,3.1415704100772706,3.1416371414653086,240.99488092870277,89.62655601659752,6.283007360213343,1.9999575180805211,0.9999787590402605,241,2,0,240,241
483,241.5,0.013008665232255872,0.7453416149068323,3.14157050208737,3.141636957438087,241.49489152711928,89.62732919254658,6.283008096284779,1.9999576938063708,0.9999788469031854,218,3,0,264,218
484,242.0,0.012981787824751212,0.743801652892562,3.1415705935277507,3.1416367745503777,241.99490208174112,89.62809917355372,6.2830088277985565,1.9999578684441415,0.9999789342220707,263,2,0,220,263
485,242.5,0.012955021251916672,0.7422680412371133,3.141570684403105,3.141636592792791,242.4949125928392,89.62886597938144,6.283009554792223,1.9999580420027976,0.9999790210013988,100,5,0,384,100
486,243.0,0.012928364829587626,0.7407407407407407,3.141570774718079,3.1416364121560347,242.9949230606822,89.62962962962963,6.283010277302942,1.9999582144912118,0.9999791072456058,323,2,0,162,323
487,243.5,0.012901817879218862,0.7392197125256673,3.1415708644772717,3.1416362326309124,243.49493348553654,89.63039014373717,6.283010995367498,1.9999583859181647,0.9999791929590823,0,487,1,486,0
488,244.0,0.01287537972782702,0.7377049180327868,3.1415709536852328,3.1416360542083215,243.9949438676665,89.6311475409836,6.283011709022295,1.9999585562923488,0.9999792781461742,247,2,0,240,247
489,244.5,0.012849049707933715,0.736196319018405,3.141571042346467,3.1416358768792527,244.49495420733425,89.6319018404908,6.283012418303369,1.9999587256223663,0.999979362811183,164,3,0,324,164
490,245.0,0.01282282715750936,0.7346938775510204,3.1415711304654335,3.1416357006347875,244.99496450479967,89.63265306122449,6.283013123246386,1.999958893916732,0.999979446958366,321,2,0,168,321
491,245.5,0.012796711419917691,0.7331975560081466,3.141571218046544,3.141635525466098,245.49497476032067,89.63340122199592,6.28301382388665,1.9999590611838756,0.9999795305919376,0,491,1,490,0
492,246.0,0.012770701843860947,0.7317073170731707,3.141571305094168,3.141635351364448,245.99498497415297,89.63414634146342,6.283014520259106,1.999959227432138,0.999979613716069,331,2,0,160,331
493,246.5,0.012744797783325733,0.7302231237322515,3.1415713916126293,3.141635178321189,246.49499514655028,89.63488843813387,6.283015212398348,1.9999593926697794,0.9999796963348896,44,17,0,448,44
494,247.0,0.012718998597529526,0.728744939271255,3.1415714776062083,3.1416350063277583,246.99500527776422,89.63562753036437,6.283015900338614,1.999959556904973,0.9999797784524868,277,2,0,216,277
495,247.5,0.01269330365086785,0.7272727272727273,3.141571563079142,3.141634835375681,247.49501536804436,89.63636363636363,6.283016584113805,1.999959720145813,0.9999798600729065,254,3,0,240,254
496,248.0,0.012667712312862069,0.7258064516129032,3.141571648035625,3.1416346654565674,247.9950254176383,89.63709677419355,6.283017263757473,1.9999598824003086,0.9999799412001544,255,2,0,240,255
497,248.5,0.01264222395810782,0.7243460764587525,3.1415717324798096,3.1416344965621126,248.49503542679162,89.63782696177063,6.2830179393028365,1.9999600436763914,0.9999800218381957,76,7,0,420,76
498,249.0,0.012616837966224068,0.7228915662650602,3.141571816415807,3.141634328684093,248.99504539574792,89.63855421686748,6.28301861078278,1.999960203981911,0.9999801019909555,333,2,0,164,333
499,249.5,0.012591553721802777,0.721442885771543,3.1415718998476856,3.1416341618143706,249.4950553247489,89.63927855711424,6.283019278229858,1.9999603633246403,0.9999801816623203,0,499,1,498,0
500,250.0,0.012566370614359173,0.7200000000000001,3.1415719827794755,3.1416339959448862,249.99506521403427,89.64,6.2830199416763035,1.9999605217122742,0.9999802608561371,299,2,0,200,299
501,250.5,0.012541288038282607,0.718562874251497,3.141572065215165,3.141633831067661,250.49507506384185,89.64071856287426,6.283020601154023,1.99996067915243,0.999980339576215,168,3,0,332,168
502,251.0,0.012516305392788021,0.7171314741035857,3.141572147158703,3.141633667174797,250.99508487440752,89.64143426294821,6.283021256694608,1.9999608356526497,0.9999804178263249,251,2,0,250,251
503,251.5,0.012491422081867964,0.7157057654075546,3.1415722286139984,3.1416335042584733,251.4950946459654,89.64214711729622,6.283021908329337,1.999960991220401,0.9999804956102004,0,503,1,502,0
504,252.0,0.012466637514245212,0.7142857142857143,3.141572309584925,3.1416333423109477,251.9951043787476,89.64285714285714,6.283022556089178,1.9999611458630766,0.9999805729315382,359,2,0,144,359
505,252.5,0.012441951103325914,0.7128712871287128,3.141572390075313,3.1416331813245533,252.49511407298456,89.64356435643565,6.2830232000047905,1.9999612995879963,0.9999806497939983,104,5,0,400,104
506,253.0,0.012417362267153332,0.7114624505928854,3.1415724700889576,3.1416330212916996,252.9951237289047,89.64426877470356,6.283023840106535,1.9999614524024087,0.9999807262012044,285,2,0,220,285
507,253.5,0.012392870428362103,0.7100591715976331,3.141572549629618,3.141632862204872,253.4951333467348,89.64497041420118,6.28302447642447,1.9999616043134893,0.9999808021567448,194,3,0,312,194
508,254.0,0.012368475014133044,0.7086614173228346,3.141572628701013,3.141632704056627,253.99514292669977,89.64566929133859,6.28302510898836,1.9999617553283446,0.9999808776641723,255,2,0,252,255
509,254.5,0.0123441754561485,0.7072691552062869,3.141572707306828,3.141632546839597,254.49515246902283,89.64636542239685,6.2830257378276775,1.9999619054540103,0.9999809527270053,0,509,1,508,0
510,255.0,0.012319971190548208,0.7058823529411764,3.1415727854507103,3.1416323905464845,254.99516197392535,89.6470588235294,6.283026362971605,1.9999620546974537,0.9999810273487268,381,2,0,128,381
511,255.5,0.012295861657885687,0.7045009784735812,3.141572863136272,3.141632235170064,255.49517144162706,89.6477495107632,6.283026984449041,1.999962203065574,0.999981101532787,78,7,0,432,78
512,256.0,0.01227184630308513,0.703125,3.1415729403670913,3.141632080703182,255.99518087234588,89.6484375,6.283027602288602,1.9999623505652022,0.9999811752826011,255,2,0,256,255
513,256.5,0.012247924575398804,0.7017543859649122,3.1415730171467096,3.1416319271387514,256.49519026629815,89.64912280701755,6.283028216518624,1.9999624972031043,0.9999812486015522,188,3,0,324,188
514,257.0,0.012224095928364953,0.7003891050583657,3.1415730934786352,3.1416317744697575,256.9951996236984,89.64980544747081,6.283028827167171,1.9999626429859796,0.9999813214929899,257,2,0,256,257
515,257.5,0.012200359819766186,0.6990291262135923,3.1415731693663416,3.141631622689252,257.49520894475955,89.6504854368932,6.283029434262032,1.9999627879204624,0.9999813939602312,106,5,0,408,106
516,258.0,0.012176715711588345,0.6976744186046512,3.141573244813269,3.141631471790353,257.9952182296929,89.65116279069767,6.283030037830727,1.9999629320131234,0.9999814660065617,347,2,0,168,347
517,258.5,0.012153163069979857,0.6963249516441006,3.1415733198228244,3.1416313217662464,258.4952274787081,89.65183752417795,6.283030637900512,1.999963075270469,0.9999815376352345,56,11,0,460,56
518,259.0,0.012129701365211557,0.694980694980695,3.1415733943983826,3.1416311726101833,258.9952366920131,89.65250965250965,6.28303123449838,1.999963217698943,0.9999816088494715,301,2,0,216,301
519,259.5,0.012106330071636967,0.6936416184971098,3.1415734685432843,3.1416310243154797,259.4952458698144,89.65317919075144,6.283031827651062,1.999963359304928,0.9999816796524641,174,3,0,344,174
520,260.0,0.01208304866765305,0.6923076923076923,3.1415735422608395,3.1416308768755163,259.9952550123168,89.65384615384615,6.283032417385034,1.9999635000947447,0.9999817500473723,327,2,0,192,327
521,260.5,0.012059856635661394,0.690978886756238,3.1415736155543263,3.141630730283737,260.4952641197235,89.65451055662189,6.283033003726518,1.9999636400746528,0.9999818200373264,0,521,1,520,0
522,261.0,0.01203675346202986,0.6896551724137931,3.1415736884269907,3.1416305845336487,260.99527319223625,89.65517241379311,6.283033586701485,1.9999637792508527,0.9999818896254262,353,2,0,168,353
523,261.5,0.012013738637054659,0.6883365200764818,3.1415737608820478,3.141630439618819,261.49528223005524,89.65583173996176,6.283034166335657,1.9999639176294857,0.9999819588147428,0,523,1,522,0
524,262.0,0.011990811654922875,0.6870229007633588,3.1415738329226834,3.1416302955328783,261.995291233379,89.65648854961832,6.283034742654512,1.9999640552166333,0.9999820276083169,263,2,0,260,263
525,262.5,0.011967972013675403,0.6857142857142857,3.1415739045520508,3.1416301522695176,262.4953002024047,89.65714285714284,6.283035315683286,1.9999641920183215,0.9999820960091607,284,3,0,240,284
526,263.0,0.011945219215170316,0.6844106463878327,3.1415739757732752,3.141630009822486,262.9953091373279,89.65779467680608,6.283035885446973,1.9999643280405166,0.9999821640202583,263,2,0,262,263
527,263.5,0.011922552765046654,0.683111954459203,3.141574046589452,3.141629868185595,263.4953180383429,89.6584440227704,6.283036451970332,1.9999644632891296,0.999982231644565,46,17,0,480,46
528,264.0,0.01189997217268861,0.6818181818181818,3.1415741170036453,3.1416297273527114,263.9953269056421,89.6590909090909,6.2830370152778885,1.999964597770016,0.999982298885008,367,2,0,160,367
529,264.5,0.011877476951190144,0.6805293005671077,3.1415741870188936,3.141629587317762,264.4953357394169,89.65973534971644,6.2830375753939345,1.9999647314889744,0.9999823657444873,22,23,0,506,22
530,265.0,0.011855066617319974,0.6792452830188679,3.1415742566382034,3.1416294480747307,264.99534453985694,89.66037735849056,6.283038132342535,1.999964864451751,0.9999824322258752,321,2,0,208,321
531,265.5,0.01183274069148698,0.6779661016949152,3.1415743258645557,3.1416293096176564,265.4953533071507,89.66101694915254,6.283038686147526,1.9999649966640356,0.9999824983320177,182,3,0,348,182
532,266.0,0.01181049869770599,0.6766917293233082,3.1415743947009016,3.1416291719406355,265.99536204148495,89.66165413533835,6.28303923683252,1.9999651281314657,0.9999825640657329,315,2,0,216,315
533,266.5,0.011788340163563952,0.675422138836773,3.1415744631501656,3.1416290350378193,266.4953707430452,89.66228893058161,6.283039784420913,1.9999652588596264,0.9999826294298132,52,13,0,480,52
534,267.0,0.011766264620186491,0.6741573033707865,3.141574531215244,3.1416288989034142,266.99537941201567,89.66292134831461,6.283040328935875,1.9999653888540498,0.9999826944270249,357,2,0,176,357
535,267.5,0.011744271602204833,0.6728971962616822,3.1415745988990063,3.1416287635316795,267.49538804857906,89.66355140186916,6.283040870400365,1.9999655181202174,0.9999827590601086,110,5,0,424,110
536,268.0,0.011722360647723109,0.6716417910447762,3.1415746662042965,3.14162862891693,267.9953966529167,89.66417910447761,6.283041408837127,1.9999656466635578,0.9999828233317788,271,2,0,264,271
537,268.5,0.011700531298286007,0.6703910614525139,3.1415747331339303,3.1416284950535305,268.4954052252087,89.66480446927375,6.283041944268689,1.9999657744894503,0.9999828872447251,180,3,0,356,180
538,269.0,0.011678783098846814,0.6691449814126393,3.141574799690699,3.1416283619359016,268.9954137656337,89.66542750929368,6.283042476717378,1.9999659016032243,0.9999829508016124,269,2,0,268,269
539,269.5,0.011657115597735782,0.6679035250463822,3.1415748658773657,3.141628229558513,269.4954222743691,89.6660482374768,6.2830430062053075,1.9999660280101605,0.9999830140050802,118,7,0,420,118
540,270.0,0.011635528346628864,0.6666666666666666,3.1415749316966703,3.141628097915886,269.99543075159096,89.66666666666667,6.283043532754388,1.9999661537154885,0.9999830768577443,395,2,0,144,395
541,270.5,0.011614020900516796,0.6654343807763401,3.1415749971513263,3.1416279670025937,270.49543919747396,89.66728280961183,6.283044056386328,1.9999662787243913,0.9999831393621957,0,541,1,540,0
542,271.0,0.011592592817674514,0.6642066420664207,3.141575062244022,3.141627836813258,270.9954476121916,89.6678966789668,6.283044577122638,1.9999664030420046,0.9999832015210022,271,2,0,270,271
543,271.5,0.011571243659630914,0.6629834254143646,3.1415751269774224,3.141627707342551,271.4954559959161,89.66850828729281,6.283045094984627,1.9999665266734146,0.9999832633367075,182,3,0,360,182
544,272.0,0.011549972991138946,0.6617647058823529,3.1415751913541654,3.1416275785851924,271.99546434881825,89.66911764705883,6.28304560999341,1.9999666496236637,0.9999833248118318,287,2,0,256,287
545,272.5,0.01152878038014603,0.6605504587155964,3.1415752553768668,3.1416274505359523,272.4954726710679,89.6697247706422,6.28304612216991,1.9999667718977463,0.9999833859488729,112,5,0,432,112
546,273.0,0.01150766539776481,0.6593406593406593,3.1415753190481186,3.141627323189647,272.9954809628333,89.67032967032966,6.283046631534854,1.9999668935006103,0.9999834467503051,401,2,0,144,401
547,273.5,0.011486627618244215,0.6581352833638026,3.141575382370488,3.141627196541142,273.49548922428176,89.6709323583181,6.2830471381087865,1.9999670144371606,0.9999835072185804,0,547,1,546,0
548,274.0,0.011465666618940851,0.656934306569343,3.1415754453465192,3.1416270705853475,273.9954974555792,89.67153284671534,6.28304764191206,1.9999671347122567,0.9999835673561285,275,2,0,272,275
549,274.5,0.011444781980290685,0.6557377049180327,3.1415755079787333,3.1416269453172205,274.4955056568903,89.67213114754098,6.283048142964842,1.9999672543307128,0.9999836271653564,188,3,0,360,188
550,275.0,0.011423973285781066,0.6545454545454545,3.1415755702696284,3.1416268207317652,274.99551382837876,89.67272727272727,6.283048641287118,1.9999673732973005,0.99998368664865,349,2,0,200,349
551,275.5,0.011403240121923024,0.6533575317604355,3.141575632221681,3.1416266968240296,275.49552197020694,89.67332123411978,6.283049136898691,1.999967491616747,0.9999837458083737,46,19,0,504,46
552,276.0,0.011382582078223888,0.6521739130434783,3.1415756938373423,3.1416265735891065,275.9955300825359,89.67391304347825,6.283049629819187,1.9999676092937384,0.9999838046468691,375,2,0,176,375
553,276.5,0.011361998747160191,0.6509945750452079,3.1415757551190446,3.1416264510221343,276.4955381655258,89.6745027124774,6.283050120068053,1.999967726332917,0.9999838631664585,84,7,0,468,84
554,277.0,0.011341489724150878,0.6498194945848376,3.141575816069198,3.1416263291182953,276.99554621933544,89.67509025270758,6.283050607664562,1.9999678427388836,0.999983921369442,277,2,0,276,277
555,277.5,0.011321054607530787,0.6486486486486487,3.1415758766901876,3.141626207872813,277.49555424412256,89.67567567567568,6.283051092627811,1.9999679585161985,0.9999839792580993,266,3,0,288,266
556,278.0,0.011300692998524436,0.6474820143884892,3.1415759369843808,3.141626087280955,277.99556224004374,89.67625899280574,6.283051574976728,1.9999680736693795,0.9999840368346897,279,2,0,276,279
557,278.5,0.011280404501220084,0.6463195691202873,3.141575996954122,3.1416259673380327,278.4955702072545,89.67684021543985,6.283052054730071,1.9999681882029052,0.9999840941014524,0,557,1,556,0
558,279.0,0.011260188722544062,0.6451612903225806,3.141576056601735,3.1416258480393977,278.99557814590923,89.67741935483872,6.283052531906428,1.9999683021212131,0.9999841510606066,377,2,0,180,377
559,279.5,0.011240045272235396,0.6440071556350626,3.1415761159295226,3.141625729380443,279.49558605616113,89.67799642218247,6.283053006524224,1.999968415428702,0.9999842077143511,54,13,0,504,54
560,280.0,0.01121997376282069,0.6428571428571429,3.1415761749397673,3.1416256113566052,279.9955939381623,89.67857142857143,6.283053478601715,1.9999685281297306,0.9999842640648654,367,2,0,192,367
561,280.5,0.01119997380958928,0.641711229946524,3.1415762336347304,3.1416254939633577,280.4956017920639,89.67914438502673,6.283053948157001,1.9999686402286199,0.9999843201143098,240,3,0,320,240
562,281.0,0.011180045030568658,0.6405693950177935,3.141576292016656,3.141625377196218,280.9956096180158,89.6797153024911,6.283054415208014,1.99996875172965,0.9999843758648249,281,2,0,280,281
563,281.5,0.011160187046500153,0.6394316163410302,3.141576350087764,3.141625261050741,281.49561741616714,89.68028419182949,6.283054879772533,1.9999688626370669,0.9999844313185333,0,563,1,562,0
564,282.0,0.01114039948081487,0.6382978723404256,3.141576407850258,3.1416251455225215,281.9956251866656,89.68085106382979,6.283055341868176,1.9999689729550754,0.9999844864775377,379,2,0,184,379
565,282.5,0.011120681959609887,0.6371681415929203,3.1415764653063203,3.1416250306071927,282.49563292965814,89.68141592920354,6.283055801512406,1.9999690826878456,0.9999845413439227,116,5,0,448,116
566,283.0,0.01110103411162471,0.6360424028268551,3.141576522458116,3.1416249163004277,282.99564064529045,89.68197879858657,6.283056258722532,1.9999691918395084,0.9999845959197542,283,2,0,282,283
567,283.5,0.011081455568217964,0.6349206349206349,3.141576579307787,3.141624802597937,283.4956483337074,89.68253968253968,6.28305671351571,1.9999693004141614,0.9999846502070807,242,3,0,324,242
568,284.0,0.011061945963344342,0.6338028169014085,3.141576635857462,3.1416246894954694,283.99565599505263,89.6830985915493,6.2830571659089465,1.9999694084158635,0.9999847042079318,287,2,0,280,287
569,284.5,0.011042504933531786,0.632688927943761,3.1415766921092465,3.141624576988809,284.4956636294689,89.68365553602813,6.283057615919098,1.9999695158486388,0.9999847579243194,0,569,1,568,0
570,285.0,0.011023132117858924,0.6315789473684211,3.1415767480652286,3.141624465073779,284.99567123709795,89.68421052631578,6.283058063562871,1.9999696227164767,0.9999848113582385,425,2,0,144,425
571,285.5,0.011003827157932725,0.6304728546409807,3.14157680372748,3.1416243537462374,285.4956788180805,89.6847635726795,6.283058508856829,1.9999697290233307,0.9999848645116655,0,571,1,570,0
572,286.0,0.01098458969786641,0.6293706293706294,3.141576859098052,3.1416242430020813,285.99568637255635,89.6853146853147,6.2830589518173925,1.9999698347731214,0.9999849173865607,331,2,0,240,331
573,286.5,0.010965419384257567,0.6282722513089005,3.1415769141789793,3.141624132837241,286.4956939006642,89.68586387434554,6.283059392460832,1.9999699399697328,0.9999849699848663,192,3,0,380,192
574,287.0,0.010946315866166527,0.6271777003484321,3.1415769689722794,3.141624023247682,286.99570140254195,89.68641114982577,6.283059830803283,1.999970044617017,0.9999850223085085,333,2,0,240,333
575,287.5,0.010927278795094933,0.6260869565217392,3.14157702347995,3.141623914229407,287.49570887832635,89.68695652173912,6.283060266860735,1.999970148718792,0.999985074359396,134,5,0,440,134
576,288.0,0.01090830782496456,0.625,3.1415770777039733,3.1416238057784507,287.99571632815343,89.6875,6.283060700649047,1.9999702522788434,0.9999851261394217,383,2,0,192,383
577,288.5,0.010889402612096337,0.6239168110918544,3.1415771316463146,3.1416236978908842,288.495723752158,89.68804159445408,6.283061132183932,1.9999703553009223,0.9999851776504611,0,577,1,576,0
578,289.0,0.010870562815189595,0.6228373702422145,3.1415771853089214,3.1416235905628125,288.9957311504742,89.68858131487889,6.283061561480973,1.999970457788749,0.9999852288943745,305,2,0,272,305
579,289.5,0.01085178809530153,0.6217616580310881,3.1415772386937237,3.1416234837903736,289.49573852323516,89.68911917098445,6.283061988555615,1.9999705597460113,0.9999852798730058,194,3,0,384,194
580,290.0,0.010833078115826874,0.6206896551724138,3.1415772918026375,3.1416233775697386,289.99574587057293,89.6896551724138,6.283062413423174,1.9999706611763648,0.9999853305881825,355,2,0,224,355
581,290.5,0.010814432542477773,0.6196213425129088,3.141577344637558,3.14162327189711,290.49575319261885,89.69018932874354,6.283062836098829,1.9999707620834346,0.9999853810417172,88,7,0,492,88
582,291.0,0.010795851043263895,0.6185567010309279,3.141577397200369,3.1416231667687273,290.99576048950325,89.69072164948454,6.283063256597634,1.9999708624708132,0.9999854312354064,389,2,0,192,389
583,291.5,0.010777333288472704,0.6174957118353345,3.141577449492935,3.1416230621808583,291.4957677613557,89.69125214408233,6.283063674934509,1.9999709623420627,0.9999854811710316,62,11,0,520,62
584,292.0,0.010758878950649977,0.6164383561643836,3.1415775015171046,3.1416229581298034,291.9957750083047,89.6917808219178,6.28306409112425,1.9999710617007171,0.9999855308503586,295,2,0,288,295
585,292.5,0.01074048770458049,0.6153846153846154,3.141577553274713,3.1416228546118954,292.49578223047797,89.6923076923077,6.2830645051815255,1.9999711605502764,0.9999855802751384,296,3,0,288,296
586,293.0,0.01072215922726892,0.6143344709897611,3.141577604767577,3.141622751623499,292.9957894280024,89.69283276450511,6.283064917120882,1.9999712588942142,0.9999856294471072,293,2,0,292,293
587,293.5,0.01070389319792093,0.6132879045996593,3.1415776559974993,3.1416226491610075,293.49579660100386,89.69335604770018,6.283065326956733,1.999971356735972,0.9999856783679859,0,587,1,586,0
588,294.0,0.010685689297924466,0.6122448979591837,3.141577706966268,3.141622547220848,293.99580374960755,89.6938775510204,6.2830657347033805,1.9999714540789626,0.9999857270394814,419,2,0,168,419
589,294.5,0.010667547210831217,0.6112054329371817,3.1415777576756536,3.141622445799475,294.4958108739378,89.69439728353142,6.283066140375,1.9999715509265723,0.9999857754632862,48,19,0,540,48
590,295.0,0.010649466622338281,0.6101694915254237,3.141577808127414,3.1416223448933747,294.99581797411787,89.69491525423729,6.283066543985646,1.9999716472821547,0.9999858236410776,357,2,0,232,357
591,295.5,0.010631447220270027,0.6091370558375634,3.1415778583232914,3.1416222444990614,295.4958250502704,89.69543147208121,6.2830669455492565,1.9999717431490387,0.9999858715745191,198,3,0,392,198
592,296.0,0.010613488694560112,0.6081081081081081,3.1415779082650137,3.1416221446130823,295.9958321025172,89.69594594594595,6.28306734507965,1.9999718385305216,0.9999859192652609,303,2,0,288,303
593,296.5,0.010595590737233703,0.6070826306913997,3.1415779579542926,3.141622045232009,296.4958391309793,89.6964586846543,6.283067742590531,1.999971933429877,0.9999859667149386,0,593,1,592,0
594,297.0,0.010577753042389875,0.606060606060606,3.1415780073928277,3.1416219463524455,296.99584613577656,89.6969696969697,6.283068138095487,1.9999720278503474,0.9999860139251736,413,2,0,180,413
595,297.5,0.010559975306184178,0.6050420168067226,3.141578056582303,3.1416218479710225,297.4958531170285,89.69747899159664,6.283068531607991,1.9999721217951496,0.9999860608975748,210,5,0,384,210
596,298.0,0.010542257226811387,0.6040268456375839,3.1415781055243883,3.1416217500844006,297.99586007485357,89.69798657718121,6.283068923141404,1.9999722152674737,0.9999861076337369,299,2,0,296,299
597,298.5,0.01052459850448842,0.6030150753768845,3.1415781542207397,3.1416216526892655,298.49586700936953,89.69849246231156,6.283069312708975,1.9999723082704828,0.9999861541352413,200,3,0,396,200
598,299.0,0.010506998841437435,0.6020066889632107,3.1415782026730006,3.1416215557823337,298.99587392069327,89.6989966555184,6.283069700323844,1.9999724008073128,0.9999862004036564,333,2,0,264,333
599,299.5,0.010489457941869092,0.6010016694490818,3.1415782508827976,3.1416214593603478,299.495880808941,89.69949916527545,6.283070085999037,1.9999724928810751,0.9999862464405377,0,599,1,598,0
600,300.0,0.010471975511965976,0.6,3.1415782988517478,3.1416213634200765,299.995887674228,89.7,6.283070469747475,1.9999725844948535,0.9999862922474267,439,2,0,160,439
601,300.5,0.010454551259866201,0.5990016638935108,3.1415783465814524,3.141621267958317,300.495894516669,89.70049916805324,6.283070851581973,1.999972675651707,0.9999863378258537,0,601,1,600,0
602,301.0,0.010437184895647154,0.5980066445182725,3.1415783940734987,3.141621172971892,300.9959013363778,89.70099667774086,6.283071231515236,1.9999727663546698,0.9999863831773349,349,2,0,252,349
603,301.5,0.01041987613130943,0.5970149253731344,3.1415784413294623,3.1416210784576513,301.4959081334674,89.70149253731343,6.2830716095598635,1.9999728566067492,0.9999864283033746,206,3,0,396,206
604,302.0,0.010402624680760905,0.5960264900662252,3.141578488350907,3.1416209844124703,301.99591490805034,89.70198675496688,6.283071985728356,1.9999729464109293,0.9999864732054647,303,2,0,300,303
605,302.5,0.010385430259800968,0.5950413223140495,3.141578535139379,3.1416208908332495,302.4959216602381,89.70247933884298,6.2830723600331035,1.9999730357701688,0.9999865178850845,164,5,0,440,164
606,303.0,0.010368292586104928,0.594059405940594,3.1415785816964172,3.1416207977169175,302.9959283901415,89.70297029702971,6.283072732486402,1.9999731246874026,0.9999865623437013,405,2,0,200,405
607,303.5,0.010351211379208544,0.5930807248764415,3.1415786280235443,3.141620705060425,303.49593509787076,89.70345963756178,6.283073103100438,1.9999732131655406,0.9999866065827702,0,607,1,606,0
608,304.0,0.01033418636049274,0.5921052631578947,3.1415786741222727,3.14162061286075,303.9959417835353,89.70394736842105,6.283073471887305,1.999973301207469,0.9999866506037345,319,2,0,288,319
609,304.5,0.01031721725316845,0.5911330049261083,3.1415787199941,3.141620521114893,304.49594844724373,89.70443349753694,6.283073838858992,1.9999733888160511,0.9999866944080253,272,3,0,336,272
610,305.0,0.010300303782261617,0.5901639344262295,3.1415787656405145,3.1416204298198824,304.99595508910414,89.70491803278689,6.283074204027393,1.9999734759941252,0.9999867379970627,369,2,0,240,369
611,305.5,0.010283445674598341,0.5891980360065466,3.1415788110629888,3.141620338972768,305.4959617092237,89.70540098199673,6.283074567404304,1.999973562744509,0.9999867813722544,58,13,0,552,58
612,306.0,0.010266642658790173,0.588235294117647,3.1415788562629863,3.1416202485706246,305.99596830770906,89.70588235294117,6.2830749290014225,1.999973649069994,0.999986824534997,419,2,0,192,419
613,306.5,0.010249894465219553,0.5872756933115824,3.141578901241958,3.141620158610552,306.495974884666,89.7063621533442,6.283075288830355,1.999973734973351,0.9999868674866753,0,613,1,612,0
614,307.0,0.010233200826025385,0.5863192182410424,3.1415789460013426,3.1416200690896714,306.99598144019984,89.70684039087948,6.283075646902609,1.9999738204573274,0.9999869102286639,307,2,0,306,307
615,307.5,0.010216561475088757,0.5853658536585366,3.1415789905425657,3.1416199800051285,307.49598797441496,89.70731707317073,6.283076003229603,1.99997390552465,0.9999869527623251,294,3,0,320,294
616,308.0,0.010199976148018809,0.5844155844155844,3.141579034867044,3.141619891354094,307.99599448741526,89.70779220779221,6.283076357822658,1.999973990178021,0.9999869950890106,375,2,0,240,375
617,308.5,0.010183444582138714,0.5834683954619125,3.1415790789761813,3.1416198031337577,308.49600097930386,89.70826580226904,6.283076710693009,1.9999740744201224,0.9999870372100611,0,617,1,616,0
618,309.0,0.010166966516471823,0.5825242718446603,3.1415791228713705,3.1416197153413346,308.9960074501832,89.70873786407768,6.283077061851794,1.9999741582536135,0.9999870791268064,413,2,0,204,413
619,309.5,0.010150541691727926,0.5815831987075929,3.141579166553992,3.1416196279740616,309.4960139001552,89.7092084006462,6.283077411310065,1.9999742416811326,0.9999871208405662,0,619,1,618,0
620,310.0,0.010134169850289655,0.5806451612903225,3.1415792100254176,3.1416195410291987,309.99602032932097,89.70967741935483,6.283077759078784,1.9999743247052968,0.9999871623526483,379,2,0,240,379
621,310.5,0.010117850736199011,0.5797101449275361,3.1415792532870053,3.1416194545040264,310.49602673778105,89.71014492753623,6.283078105168826,1.9999744073287025,0.9999872036643512,224,3,0,396,224
622,311.0,0.01010158409514403,0.5787781350482315,3.1415792963401046,3.141619368395849,310.9960331256352,89.71061093247589,6.2830784495909775,1.9999744895539244,0.9999872447769621,311,2,0,310,311
623,311.5,0.010085369674445564,0.5778491171749599,3.141579339186052,3.1416192827019898,311.4960394929828,89.71107544141252,6.283078792355937,1.999974571383517,0.9999872856917585,94,7,0,528,94
624,312.0,0.010069207223044208,0.5769230769230769,3.141579381826175,3.1416191974197956,311.9960458399224,89.71153846153847,6.28307913347432,1.9999746528200146,0.9999873264100076,431,2,0,192,431
625,312.5,0.010053096491487338,0.576,3.141579424261789,3.1416191125466337,312.4960521665518,89.712,6.283079472956658,1.9999747338659315,0.9999873669329657,124,5,0,500,124
626,313.0,0.010037037231916271,0.5750798722044728,3.1415794664942003,3.141619028079893,312.9960584729685,89.71246006389777,6.283079810813392,1.9999748145237604,0.9999874072618803,313,2,0,312,313
627,313.5,0.010021029198053567,0.5741626794258373,3.1415795085247047,3.1416189440169826,313.4960647592692,89.71291866028709,6.28308014705489,1.999974894795976,0.9999874473979878,266,3,0,360,266
628,314.0,0.010005072145190424,0.5732484076433121,3.1415795503545865,3.141618860355332,313.99607102554995,89.71337579617834,6.283080481691426,1.9999749746850313,0.9999874873425157,315,2,0,312,315
629,314.5,0.009989165830174222,0.5723370429252782,3.14157959198512,3.141618777092391,314.49607727190624,89.71383147853736,6.283080814733202,1.9999750541933623,0.9999875270966813,52,17,0,576,52
630,315.0,0.009973310011396168,0.5714285714285714,3.1415796334175714,3.141618694225632,314.99608349843294,89.71428571428572,6.283081146190334,1.9999751333233835,0.9999875666616919,485,2,0,144,485
631,315.5,0.00995750444877906,0.5705229793977813,3.1415796746531943,3.141618611752544,315.4960897052243,89.7147385103011,6.28308147607286,1.9999752120774918,0.9999876060387457,0,631,1,630,0
632,316.0,0.009941748903765169,0.569620253164557,3.1415797156932337,3.141618529670637,315.9960958923741,89.71518987341771,6.283081804390736,1.9999752904580637,0.999987645229032,319,2,0,312,319
633,316.5,0.009926043139304244,0.5687203791469194,3.141579756538924,3.141618447977441,316.4961020599753,89.71563981042654,6.2830821311538445,1.9999753684674588,0.9999876842337293,212,3,0,420,212
634,317.0,0.009910386919841618,0.5678233438485804,3.1415797971914916,3.1416183666705066,316.9961082081206,89.71608832807571,6.283082456371984,1.9999754461080161,0.9999877230540081,317,2,0,316,317
635,317.5,0.009894780011306436,0.5669291338582677,3.1415798376521518,3.141618285747402,317.49611433690166,89.71653543307087,6.2830827800548805,1.9999755233820573,0.9999877616910289,130,5,0,504,130
636,318.0,0.009879222181099979,0.5660377358490566,3.1415798779221094,3.141618205205715,317.99612044641,89.71698113207547,6.283083102212182,1.9999756002918865,0.9999878001459434,427,2,0,208,427
637,318.5,0.009863713198084123,0.565149136577708,3.1415799180025616,3.1416181250430517,318.49612653673626,89.71742543171113,6.283083422853459,1.999975676839788,0.999987838419894,132,7,0,504,132
638,319.0,0.009848252832569885,0.5642633228840126,3.141579957894696,3.1416180452570392,318.9961326079707,89.71786833855799,6.283083741988211,1.9999757530280298,0.9999878765140148,357,2,0,280,357
639,319.5,0.009832840856306082,0.5633802816901409,3.1415799975996914,3.14161796584532,319.496138660203,89.71830985915493,6.28308405962586,1.9999758288588607,0.9999879144294302,218,3,0,420,218
640,320.0,0.009817477042468103,0.5625,3.1415800371187137,3.1416178868055566,319.9961446935222,89.71875,6.283084375775755,1.9999759043345138,0.9999879521672568,383,2,0,256,383
641,320.5,0.009802161165646781,0.561622464898596,3.1415800764529256,3.1416178081354316,320.4961507080168,89.7191887675507,6.283084690447175,1.999975979457203,0.9999879897286015,0,641,1,640,0
642,321.0,0.009786893001837361,0.5607476635514018,3.141580115603475,3.1416177298326406,320.9961567037747,89.7196261682243,6.283085003649321,1.9999760542291263,0.999988027114563,429,2,0,212,429
643,321.5,0.009771672328428594,0.5598755832037324,3.141580154571505,3.141617651894903,321.49616268088346,89.72006220839813,6.283085315391327,1.9999761286524635,0.9999880643262316,0,643,1,642,0
644,322.0,0.009756498924191904,0.5590062111801243,3.141580193358149,3.141617574319952,321.99616863942987,89.72049689440993,6.283085625682257,1.9999762027293784,0.9999881013646891,379,2,0,264,379
645,322.5,0.009741372569270676,0.5581395348837209,3.141580231964529,3.1416174971055395,322.4961745795003,89.72093023255815,6.2830859345311,1.9999762764620175,0.9999881382310086,308,3,0,336,308
646,323.0,0.009726293045169638,0.5572755417956656,3.1415802703917626,3.1416174202494345,322.9961805011805,89.72136222910217,6.283086241946782,1.999976349852511,0.9999881749262555,357,2,0,288,357
647,323.5,0.009711260134744337,0.5564142194744977,3.1415803086409553,3.1416173437494237,323.4961864045558,89.72179289026275,6.283086547938153,1.999976422902972,0.9999882114514862,0,647,1,646,0
648,324.0,0.009696273622190719,0.5555555555555556,3.1415803467132046,3.141617267603311,323.99619228971085,89.72222222222223,6.283086852514001,1.9999764956154995,0.9999882478077495,431,2,0,216,431
649,324.5,0.009681333293034802,0.5546995377503852,3.1415803846096018,3.141617191808917,324.49619815673,89.7226502311248,6.283087155683041,1.9999765679921726,0.9999882839960862,68,11,0,580,68
650,325.0,0.00966643893412244,0.5538461538461539,3.141580422331227,3.1416171163640776,324.9962040056968,89.72307692307692,6.283087457453924,1.9999766400350572,0.9999883200175287,409,2,0,240,409
651,325.5,0.009651590333609196,0.5529953917050692,3.1415804598791537,3.1416170412666484,325.4962098366946,89.72350230414746,6.2830877578352355,1.9999767117462035,0.9999883558731018,290,3,0,360,290
652,326.0,0.009636787280950286,0.5521472392638037,3.1415804972544468,3.141616966514498,325.996215649806,89.7239263803681,6.283088056835493,1.999976783127644,0.9999883915638221,327,2,0,324,327
653,326.5,0.009622029566890638,0.5513016845329249,3.141580534458163,3.141616892105514,326.4962214451132,89.72434915773354,6.283088354463151,1.9999768541813976,0.9999884270906989,0,653,1,652,0
654,327.0,0.009607316983455025,0.5504587155963303,3.14158057149135,3.1416168180375985,326.99622722269777,89.72477064220183,6.283088650726595,1.9999769249094665,0.9999884624547333,437,2,0,216,437
655,327.5,0.0095926493239383,0.549618320610687,3.1415806083550493,3.1416167443086707,327.49623298264106,89.72519083969466,6.2830889456341525,1.9999769953138387,0.9999884976569192,134,5,0,520,134
656,328.0,0.009578026382895712,0.5487804878048781,3.141580645050294,3.1416166709166653,327.9962387250236,89.72560975609755,6.283089239194084,1.9999770653964852,0.9999885326982427,335,2,0,320,335
657,328.5,0.009563447956133312,0.547945205479452,3.1415806815781075,3.1416165978595316,328.4962444499256,89.72602739726027,6.283089531414587,1.9999771351593645,0.9999885675796821,224,3,0,432,224
658,329.0,0.00954891384069846,0.547112462006079,3.141580717939508,3.141616525135236,328.99625015742686,89.72644376899696,6.2830898223038,1.9999772046044186,0.9999886023022093,381,2,0,276,381
659,329.5,0.009534423834870388,0.5462822458270106,3.141580754135504,3.14161645274176,329.4962558476064,89.7268588770865,6.283090111869793,1.9999772737335746,0.9999886368667872,0,659,1,658,0
660,330.0,0.009519977738150888,0.5454545454545454,3.1415807901670987,3.1416163806771,329.99626152054316,89.72727272727272,6.283090400120585,1.9999773425487466,0.9999886712743732,499,2,0,160,499
661,330.5,0.009505575351255048,0.5446293494704992,3.141580826035285,3.1416163089392675,330.49626717631526,89.72768532526476,6.283090687064125,1.999977411051832,0.999988705525916,0,661,1,660,0
662,331.0,0.009491216476102094,0.5438066465256798,3.141580861741049,3.141616237526289,330.99627281500057,89.72809667673717,6.283090972708307,1.9999774792447165,0.9999887396223582,331,2,0,330,331
663,331.5,0.009476900915806314,0.5429864253393666,3.141580897285371,3.1416161664362066,331.49627843667633,89.72850678733032,6.283091257060965,1.9999775471292691,0.9999887735646344,278,3,0,384,278
664,332.0,0.009462628474668052,0.5421686746987953,3.1415809326692226,3.141616095667076,331.99628404141947,89.7289156626506,6.283091540129871,1.999977614707346,0.9999888073536731,335,2,0,328,335
665,332.5,0.00944839895816479,0.5413533834586466,3.141580967893567,3.141616025216968,332.4962896293063,89.72932330827068,6.283091821922742,1.9999776819807897,0.999988840990395,232,5,0,432,232
666,333.0,0.009434212172942321,0.5405405405405405,3.141581002959364,3.141615955083969,332.99629520041276,89.72972972972973,6.283092102447238,1.999977748951428,0.9999888744757139,449,2,0,216,449
667,333.5,0.009420067926805976,0.5397301349325337,3.1415810378675615,3.141615885266178,333.4963007548144,89.73013493253373,6.283092381710958,1.999977815621076,0.999988907810538,50,23,0,616,50
668,334.0,0.009405966028711955,0.5389221556886227,3.141581072619103,3.1416158157617082,333.99630629258615,89.73053892215569,6.283092659721445,1.999977881991534,0.999988940995767,335,2,0,332,335
669,334.5,0.009391906288758724,0.5381165919282511,3.141581107214926,3.1416157465686885,334.49631181380266,89.73094170403587,6.283092936486189,1.9999779480645896,0.9999889740322949,224,3,0,444,224
670,335.0,0.009377888518178487,0.5373134328358209,3.1415811416559567,3.141615677685261,334.996317318538,89.73134328358209,6.283093212012619,1.9999780138420178,0.9999890069210089,405,2,0,264,405
671,335.5,0.009363912529328743,0.5365126676602087,3.141581175943119,3.1416156091095813,335.49632280686586,89.7317436661699,6.283093486308114,1.9999780793255792,0.9999890396627894,70,11,0,600,70
672,336.0,0.009349978135683909,0.5357142857142857,3.1415812100773284,3.1416155408398185,335.9963282788595,89.73214285714286,6.283093759379993,1.999978144517021,0.9999890722585104,479,2,0,192,479
673,336.5,0.009336085151827022,0.5349182763744428,3.1415812440594926,3.1416154728741557,336.49633373459176,89.73254086181278,6.283094031235523,1.9999782094180782,0.9999891047090393,0,673,1,672,0
674,337.0,0.009322233393441523,0.5341246290801187,3.1415812778905132,3.1416154052107896,336.99633917413496,89.73293768545994,6.2830943018819205,1.9999782740304743,0.9999891370152373,337,2,0,336,337
675,337.5,0.00930842267730309,0.5333333333333333,3.1415813115712847,3.141615337847931,337.49634459756106,89.73333333333333,6.283094571326342,1.9999783383559175,0.9999891691779587,314,3,0,360,314
676,338.0,0.009294652821271577,0.5325443786982248,3.1415813451026966,3.1416152707838014,337.99635000494163,89.73372781065089,6.283094839575896,1.9999784023961045,0.9999892011980521,363,2,0,312,363
677,338.5,0.009280923644282993,0.5317577548005908,3.14158137848563,3.1416152040166385,338.4963553963478,89.73412112259972,6.283095106637636,1.9999784661527193,0.9999892330763598,0,677,1,676,0
678,339.0,0.009267234966341572,0.5309734513274336,3.1415814117209604,3.1416151375446906,338.99636077185016,89.7345132743363,6.2830953725185665,1.9999785296274346,0.9999892648137173,453,2,0,224,453
679,339.5,0.009253586608511909,0.5301914580265096,3.141581444809557,3.1416150713662208,339.496366131519,89.73490427098675,6.283095637225636,1.9999785928219085,0.9999892964109542,102,7,0,576,102
680,340.0,0.009239978392911156,0.5294117647058824,3.141581477752282,3.1416150054795033,339.9963714754242,89.73529411764706,6.283095900765748,1.9999786557377897,0.9999893278688947,423,2,0,256,423
681,340.5,0.009226410142701301,0.5286343612334802,3.141581510549992,3.141614939882825,340.49637680363526,89.73568281938327,6.283096163145748,1.999978718376712,0.9999893591883561,228,3,0,452,228
682,341.0,0.009212881682081505,0.5278592375366569,3.1415815432035363,3.1416148745744876,340.99638211622107,89.73607038123167,6.283096424372437,1.9999787807402996,0.9999893903701498,381,2,0,300,381
683,341.5,0.009199392836280507,0.527086383601757,3.141581575713759,3.1416148095528027,341.4963874132504,89.73645680819912,6.283096684452565,1.9999788428301635,0.9999894214150816,0,683,1,682,0
684,342.0,0.009185943431549102,0.5263157894736842,3.141581608081497,3.141614744816095,341.9963926947913,89.73684210526316,6.283096943392828,1.9999789046479024,0.9999894523239512,467,2,0,216,467
685,342.5,0.00917253329515268,0.5255474452554745,3.1415816403075825,3.1416146803627023,342.49639796091185,89.73722627737226,6.283097201199883,1.9999789661951057,0.9999894830975529,140,5,0,544,140
686,343.0,0.009159162255363828,0.5247813411078717,3.14158167239284,3.141614616190973,342.9964032116793,89.73760932944607,6.283097457880331,1.9999790274733493,0.9999895137366743,391,2,0,294,391
687,343.5,0.009145830141455001,0.5240174672489083,3.1415817043380905,3.141614552299269,343.49640844716083,89.73799126637554,6.283097713440724,1.9999790884841968,0.9999895442420985,230,3,0,456,230
688,344.0,0.00913253678369126,0.5232558139534884,3.1415817361441456,3.1416144886859634,343.996413667423,89.73837209302324,6.2830979678875725,1.9999791492292036,0.9999895746146017,351,2,0,336,351
689,344.5,0.009119282013323057,0.5224963715529753,3.1415817678118136,3.1416144253494407,344.496418872532,89.73875181422352,6.283098221227334,1.9999792097099103,0.999989604854955,64,13,0,624,64
690,345.0,0.00910606566257911,0.5217391304347826,3.1415817993418957,3.141614362288097,344.9964240625539,89.73913043478261,6.283098473466422,1.999979269927849,0.9999896349639243,513,2,0,176,513
691,345.5,0.009092887564659315,0.5209840810419682,3.141581830735189,3.141614299500342,345.4964292375541,89.73950795947901,6.2830987246112056,1.9999793298845387,0.9999896649422694,0,691,1,690,0
692,346.0,0.009079747553727726,0.5202312138728323,3.1415818619924822,3.1416142369845943,345.9964343975977,89.73988439306359,6.283098974668004,1.9999793895814895,0.9999896947907447,347,2,0,344,347
693,346.5,0.009066645464905607,0.5194805194805194,3.1415818931145605,3.1416141747392845,346.49643954274944,89.74025974025973,6.283099223643092,1.9999794490201988,0.9999897245100994,332,3,0,360,332
694,347.0,0.009053581134264533,0.5187319884726225,3.1415819241022027,3.1416141127628565,346.99644467307377,89.7406340057637,6.2830994715427,1.9999795082021539,0.9999897541010772,347,2,0,346,347
695,347.5,0.009040554398819548,0.5179856115107914,3.1415819549561808,3.1416140510537627,347.49644978863466,89.7410071942446,6.283099718373014,1.9999795671288327,0.9999897835644163,142,5,0,552,142
696,348.0,0.009027565096522394,0.5172413793103449,3.141581985677264,3.141613989610468,347.99645488949574,89.74137931034483,6.283099964140175,1.9999796258016995,0.9999898129008499,471,2,0,224,471
697,348.5,0.009014613066254786,0.5164992826398852,3.1415820162662134,3.1416139284314486,348.49645997572026,89.74175035868006,6.283100208850278,1.9999796842222108,0.9999898421111054,56,17,0,640,56
698,349.0,0.009001698147821757,0.515759312320917,3.1415820467237867,3.141613867515191,348.9964650473711,89.74212034383955,6.283100452509379,1.9999797423918118,0.9999898711959057,349,2,0,348,349
699,349.5,0.008988820181945044,0.5150214592274678,3.141582077050734,3.1416138068601906,349.4964701045109,89.74248927038627,6.283100695123486,1.9999798003119367,0.9999899001559682,234,3,0,464,234
700,350.0,0.008975979010256551,0.5142857142857142,3.141582107247802,3.141613746464959,349.9964751472018,89.74285714285715,6.283100936698567,1.9999798579840105,0.9999899289920051,459,2,0,240,459
701,350.5,0.008963174475291848,0.5135520684736091,3.141582137315731,3.1416136863280126,350.49648017550567,89.74322396576319,6.283101177240546,1.9999799154094473,0.9999899577047238,0,701,1,700,0
702,351.0,0.008950406420483741,0.5128205128205128,3.141582167255256,3.141613626447882,350.9964851894839,89.74358974358974,6.283101416755306,1.9999799725896519,0.9999899862948259,485,2,0,216,485
703,351.5,0.008937674690155883,0.5120910384068279,3.1415821970671076,3.1416135668231058,351.49649018919774,89.74395448079659,6.283101655248687,1.9999800295260182,0.9999900147630092,54,19,0,648,54
704,352.0,0.008924979129516458,0.5113636363636364,3.14158222675201,3.1416135074522344,351.9964951747079,89.74431818181819,6.283101892726489,1.999980086219931,0.9999900431099656,383,2,0,320,383
705,352.5,0.008912319584651895,0.5106382978723404,3.141582256310684,3.1416134483338287,352.4965001460748,89.74468085106382,6.283102129194468,1.9999801426727648,0.9999900713363825,336,3,0,368,336
706,353.0,0.00889969590252066,0.509915014164306,3.141582285743843,3.141613389466459,352.99650510335863,89.74504249291785,6.283102364658342,1.9999801988858843,0.9999900994429423,353,2,0,352,353
707,353.5,0.008887107930947082,0.5091937765205092,3.141582315052198,3.1416133308487066,353.49651004661905,89.74540311173975,6.283102599123792,1.9999802548606453,0.9999901274303227,106,7,0,600,106
708,354.0,0.008874555518615235,0.5084745762711864,3.1415823442364537,3.1416132724791614,353.99651497591555,89.74576271186442,6.283102832596449,1.9999803105983927,0.9999901552991964,475,2,0,232,475
709,354.5,0.008862038515062886,0.5077574047954866,3.1415823732973074,3.141613214356424,354.4965198913072,89.74612129760226,6.283103065081913,1.9999803661004638,0.9999901830502318,0,709,1,708,0
710,355.0,0.008849556770675473,0.5070422535211268,3.141582402235456,3.141613156479105,354.9965247928527,89.74647887323944,6.28310329658574,1.999980421368184,0.9999902106840921,429,2,0,280,429
711,355.5,0.008837110136680149,0.5063291139240506,3.1415824310515887,3.1416130988458253,355.49652968061054,89.74683544303798,6.28310352711345,1.9999804764028724,0.9999902382014361,242,3,0,468,242
712,356.0,0.008824698465139868,0.5056179775280899,3.1415824597463913,3.1416130414552144,355.9965345546388,89.74719101123596,6.283103756670524,1.9999805312058359,0.9999902656029179,359,2,0,352,359
713,356.5,0.008812321608947526,0.5049088359046283,3.141582488320542,3.1416129843059113,356.49653941499525,89.74754558204768,6.283103985262402,1.999980585778375,0.9999902928891873,52,23,0,660,52
714,357.0,0.00879997942182015,0.5042016806722689,3.1415825167747187,3.1416129273965665,356.9965442617373,89.74789915966386,6.283104212894488,1.999980640121778,0.9999903200608888,521,2,0,192,521
715,357.5,0.008787671758293128,0.5034965034965035,3.14158254510959,3.1416128707258375,357.49654909492216,89.74825174825175,6.2831044395721465,1.999980694237327,0.9999903471186634,234,5,0,480,234
716,358.0,0.008775398473714505,0.5027932960893854,3.1415825733258234,3.141612814292391,357.99655391460647,89.74860335195531,6.283104665300706,1.9999807481262932,0.9999903740631465,359,2,0,356,359
717,358.5,0.008763159424239312,0.502092050209205,3.14158260142408,3.141612758094907,358.4965587208469,89.7489539748954,6.2831048900854585,1.9999808017899405,0.9999904008949705,240,3,0,476,240
718,359.0,0.008750954466823935,0.5013927576601671,3.1415826294050153,3.1416127021320692,358.99656351369947,89.74930362116991,6.283105113931658,1.9999808552295235,0.9999904276147618,359,2,0,358,359
719,359.5,0.008738783459220564,0.5006954102920723,3.141582657269283,3.141612646402575,359.4965682932201,89.74965229485396,6.283105336844521,1.999980908446287,0.9999904542231435,0,719,1,718,0
720,360.0,0.008726646259971648,0.5,3.1415826850175312,3.1416125909051282,359.9965730594644,89.75,6.283105558829233,1.9999809614414685,0.9999904807207345,527,2,0,192,527
721,360.5,0.008714542728404419,0.49930651872399445,3.141582712650401,3.1416125356384415,360.49657781248754,89.75034674063801,6.283105779890935,1.999981014216297,0.9999905071081485,108,7,0,612,108
722,361.0,0.008702472724625467,0.49861495844875353,3.1415827401685337,3.141612480601238,360.9965825523445,89.75069252077562,6.283106000034741,1.9999810667719917,0.9999905333859958,379,2,0,342,379
723,361.5,0.008690436109515334,0.4979253112033195,3.1415827675725616,3.1416124257922493,361.49658727908985,89.75103734439834,6.283106219265721,1.999981119109764,0.999990559554882,242,3,0,480,242
724,362.0,0.008678432744723186,0.4972375690607735,3.141582794863116,3.141612371210215,361.99659199277795,89.7513812154696,6.28310643758892,1.9999811712308175,0.9999905856154087,363,2,0,360,363
725,362.5,0.008666462492661498,0.496551724137931,3.141582822040821,3.141612316853884,362.49659669346283,89.75172413793103,6.2831066550093375,1.999981223136347,0.9999906115681734,164,5,0,560,164
726,363.0,0.008654525216500808,0.4958677685950414,3.1415828491063005,3.141612262722013,362.9966013811983,89.75206611570248,6.283106871531949,1.9999812748275383,0.9999906374137694,505,2,0,220,505
727,363.5,0.008642620780164492,0.4951856946354883,3.141582876060168,3.1416122088133682,363.4966060560376,89.75240715268225,6.283107087161687,1.9999813263055715,0.9999906631527856,0,727,1,726,0
728,364.0,0.008630749048323607,0.49450549450549447,3.1415829029030395,3.1416121551267246,363.99661071803405,89.75274725274726,6.283107301903458,1.9999813775716162,0.9999906887858079,439,2,0,288,439
729,364.5,0.008618909886391751,0.4938271604938272,3.141582929635523,3.1416121016608645,364.4966153672405,89.75308641975309,6.283107515762127,1.9999814286268336,0.999990714313417,242,3,0,486,242
730,365.0,0.00860710316051998,0.4931506849315068,3.141582956258221,3.1416120484145775,364.9966200037094,89.75342465753424,6.283107728742531,1.9999814794723803,0.9999907397361901,441,2,0,288,441
731,365.5,0.008595328737591773,0.49247606019151846,3.1415829827717365,3.1416119953866652,365.4966246274931,89.75376196990423,6.283107940849474,1.9999815301094013,0.9999907650547006,58,17,0,672,58
732,366.0,0.008583586485218014,0.4918032786885246,3.1415830091766637,3.141611942575934,365.99662923864355,89.75409836065575,6.283108152087724,1.9999815805390357,0.9999907902695179,491,2,0,240,491
733,366.5,0.00857187627173204,0.4911323328785811,3.1415830354735954,3.141611889981199,366.4966338372125,89.75443383356071,6.283108362462017,1.9999816307624143,0.9999908153812075,0,733,1,732,0
734,367.0,0.008560197966184723,0.4904632152588556,3.14158306166312,3.141611837601286,366.99663842325134,89.75476839237056,6.283108571977063,1.9999816807806614,0.9999908403903306,367,2,0,366,367
735,367.5,0.008548551438339573,0.4897959183673469,3.1415830877458215,3.1416117854350234,367.4966429968112,89.75510204081633,6.283108780637528,1.9999817305948906,0.9999908652974454,398,3,0,336,398
736,368.0,0.008536936558667916,0.4891304347826087,3.14158311372228,3.141611733481253,367.996647557943,89.7554347826087,6.28310898844806,1.999981780206212,0.9999908901031059,383,2,0,352,383
737,368.5,0.008525353198344078,0.4884667571234735,3.1415831395930716,3.141611681738822,368.49665210669724,89.75576662143827,6.283109195413263,1.9999818296157243,0.9999909148078623,76,11,0,660,76
738,369.0,0.008513801229240631,0.4878048780487805,3.141583165358769,3.141611630206586,368.9966566431243,89.75609756097562,6.28310940153772,1.999981878824522,0.999990939412261,497,2,0,240,497
739,369.5,0.008502280523923662,0.4871447902571042,3.1415831910199405,3.141611578883408,369.4966611672742,89.75642760487145,6.283109606825977,1.99998192783369,0.9999909639168449,0,739,1,738,0
740,370.0,0.00849079095564809,0.4864864864864865,3.1415832165771507,3.1416115277681578,369.9966656791968,89.75675675675676,6.283109811282549,1.9999819766443068,0.9999909883221535,451,2,0,288,451
741,370.5,0.008479332398353018,0.4858299595141701,3.1415832420309604,3.141611476859714,370.4966701789415,89.75708502024291,6.283110014911926,1.9999820252574436,0.9999910126287219,308,3,0,432,308
742,371.0,0.008467904726657125,0.48517520215633425,3.141583267381926,3.141611426156963,370.9966746665575,89.75741239892183,6.283110217718562,1.9999820736741645,0.9999910368370822,429,2,0,312,429
743,371.5,0.008456507815854086,0.48452220726783307,3.1415832926306013,3.1416113756587976,371.4966791420939,89.75773889636608,6.283110419706882,1.9999821218955258,0.9999910609477629,0,743,1,742,0
744,372.0,0.008445141541908046,0.4838709677419355,3.141583317777537,3.1416113253641194,371.99668360559934,89.75806451612904,6.2831106208812875,1.999982169922577,0.9999910849612885,503,2,0,240,503
745,372.5,0.00843380578144911,0.48322147651006714,3.141583342823278,3.1416112752718353,372.4966880571222,89.75838926174497,6.283110821246141,1.9999822177563609,0.9999911088781803,152,5,0,592,152
746,373.0,0.008422500411768882,0.48257372654155495,3.1415833677683653,3.141611225380862,372.9966924967108,89.75871313672923,6.283111020805781,1.9999822653979134,0.9999911326989566,373,2,0,372,373
747,373.5,0.008411225310816046,0.4819277108433735,3.1415833926133394,3.141611175690122,373.496696924413,89.75903614457832,6.283111219564518,1.9999823128482626,0.9999911564241313,254,3,0,492,254
748,374.0,0.00839998035719196,0.48128342245989303,3.1415834173587345,3.141611126198544,373.99670134027645,89.75935828877004,6.283111417526628,1.99998236010843,0.9999911800542151,427,2,0,320,427
749,374.5,0.00838876543014631,0.48064085447263016,3.1415834420050825,3.141611076905068,374.4967057443486,89.75967957276369,6.283111614696369,1.9999824071794317,0.9999912035897159,112,7,0,636,112
750,375.0,0.008377580409572781,0.48,3.1415834665529103,3.1416110278086347,374.9967101366766,89.76,6.283111811077959,1.9999824540622753,0.9999912270311376,549,2,0,200,549
751,375.5,0.008366425176004775,0.4793608521970706,3.141583491002743,3.141610978908198,375.49671451730745,89.76031957390147,6.283112006675596,1.9999825007579624,0.9999912503789812,0,751,1,750,0
752,376.0,0.008355299610611152,0.4787234042553192,3.1415835153551024,3.1416109302027144,375.9967188862876,89.76063829787233,6.283112201493446,1.9999825472674877,0.9999912736337436,383,2,0,368,383
753,376.5,0.008344203595192013,0.4780876494023904,3.1415835396105045,3.141610881691149,376.4967232436637,89.7609561752988,6.283112395535647,1.9999825935918392,0.9999912967959196,252,3,0,500,252
754,377.0,0.008333137012174517,0.47745358090185674,3.1415835637694633,3.1416108333724746,376.99672758948185,89.76127320954907,6.283112588806312,1.999982639731999,0.9999913198659997,417,2,0,336,417
755,377.5,0.008322099744608723,0.4768211920529801,3.141583587832491,3.14161078524567,377.4967319237879,89.7615894039735,6.283112781309528,1.9999826856889422,0.9999913428444712,154,5,0,600,154
756,378.0,0.008311091676163474,0.47619047619047616,3.1415836118000926,3.141610737309719,377.99673624662756,89.76190476190476,6.2831129730493505,1.999982731463638,0.9999913657318189,539,2,0,216,539
757,378.5,0.008300112691122307,0.4755614266842801,3.141583635672774,3.1416106895636164,378.4967405580463,89.76221928665785,6.283113164029812,1.999982777057048,0.999991388528524,0,757,1,756,0
758,379.0,0.0082891626743794,0.4749340369393139,3.1415836594510345,3.141610642006358,378.9967448580893,89.76253298153034,6.2831133542549145,1.9999828224701284,0.9999914112350641,379,2,0,378,379
759,379.5,0.008278241511435556,0.47430830039525695,3.1415836831353725,3.141610594636953,379.4967491468016,89.76284584980237,6.283113543728641,1.9999828677038294,0.9999914338519147,318,3,0,440,318
760,380.0,0.008267349088394193,0.4736842105263158,3.141583706726281,3.1416105474544094,379.99675342422785,89.76315789473684,6.283113732454938,1.9999829127590938,0.999991456379547,471,2,0,288,471
761,380.5,0.008256485291957407,0.4730617608409987,3.1415837302242506,3.1416105004577477,380.49675769041255,89.7634691195795,6.283113920437735,1.9999829576368597,0.9999914788184299,0,761,1,760,0
762,381.0,0.00824565000942203,0.47244094488188976,3.141583753629769,3.141610453645993,380.99676194539995,89.76377952755905,6.283114107680929,1.9999830023380574,0.9999915011690288,509,2,0,252,509
763,381.5,0.008234843128675735,0.47182175622542594,3.141583776943322,3.1416104070181756,381.49676618923405,89.7640891218873,6.2831142941884,1.9999830468636124,0.9999915234318062,114,7,0,648,114
764,382.0,0.008224064538193175,0.4712041884816754,3.141583800165389,3.1416103605733334,381.99677042195873,89.76439790575915,6.283114479963993,1.9999830912144436,0.9999915456072218,383,2,0,380,383
765,382.5,0.00821331412703214,0.4705882352941177,3.1415838232964486,3.1416103143105105,382.49677464361747,89.76470588235294,6.283114665011534,1.9999831353914639,0.9999915676957319,380,3,0,384,380
766,383.0,0.008202591784829747,0.46997389033942555,3.141583846336976,3.141610268228757,382.9967788542537,89.76501305483028,6.283114849334822,1.9999831793955807,0.9999915896977903,383,2,0,382,383
767,383.5,0.008191897401798678,0.469361147327249,3.1415838692874427,3.141610222327129,383.49678305391046,89.76531942633638,6.283115032937632,1.9999832232276944,0.9999916116138473,70,13,0,696,70
768,384.0,0.008181230868723419,0.46874999999999994,3.1415838921483177,3.141610176604689,383.9967872426306,89.765625,6.283115215823715,1.9999832668887016,0.9999916334443505,511,2,0,256,511
769,384.5,0.00817059207695655,0.46814044213263983,3.141583914920068,3.1416101310605065,384.49679142045693,89.76592977893368,6.283115397996795,1.99998331037949,0.999991655189745,0,769,1,768,0
770,385.0,0.008159980918415048,0.4675324675324676,3.1415839376031536,3.1416100856936544,384.9967955874318,89.76623376623377,6.283115579460573,1.9999833537009444,0.9999916768504722,529,2,0,240,529
771,385.5,0.008149397285576636,0.4669260700389105,3.1415839601980355,3.141610040503214,385.4967997435974,89.76653696498053,6.2831157602187275,1.9999833968539424,0.9999916984269712,258,3,0,512,258
772,386.0,0.008138841071476149,0.4663212435233161,3.141583982705171,3.141609995488272,385.9968038889958,89.76683937823834,6.283115940274913,1.9999834398393563,0.9999917199196783,387,2,0,384,387
773,386.5,0.008128312169701923,0.4657179818887452,3.1415840051250123,3.1416099506479216,386.4968080236688,89.76714100905563,6.283116119632758,1.9999834826580531,0.9999917413290266,0,773,1,772,0
774,387.0,0.00811781047439223,0.46511627906976744,3.141584027458012,3.1416099059812588,386.9968121476579,89.76744186046511,6.283116298295869,1.9999835253108933,0.9999917626554469,521,2,0,252,521
775,387.5,0.008107335880231725,0.4645161290322581,3.141584049704617,3.14160986148739,387.4968162610045,89.76774193548387,6.283116476267831,1.9999835677987328,0.9999917838993664,174,5,0,600,174
776,388.0,0.008096888282447921,0.4639175257731959,3.1415840718652723,3.141609817165424,387.9968203637497,89.76804123711341,6.283116653552203,1.999983610122421,0.9999918050612105,391,2,0,384,391
777,388.5,0.008086467576807704,0.4633204633204633,3.1415840939404203,3.1416097730144763,388.4968244559345,89.76833976833977,6.283116830152522,1.9999836522828032,0.9999918261414015,344,3,0,432,344
778,389.0,0.008076073659613865,0.46272493573264784,3.1415841159305016,3.1416097290336693,388.9968285375996,89.76863753213367,6.283117006072307,1.9999836942807176,0.9999918471403588,389,2,0,388,389
779,389.5,0.00806570642770165,0.4621309370988447,3.14158413783595,3.1416096852221287,389.49683260878544,89.76893453145058,6.283117181315043,1.9999837361169983,0.9999918680584992,58,19,0,720,58
780,390.0,0.008055365778435367,0.4615384615384615,3.1415841596572016,3.1416096415789876,389.99683666953246,89.76923076923077,6.283117355884205,1.9999837777924738,0.999991888896237,587,2,0,192,587
781,390.5,0.008045051609704977,0.46094750320102434,3.141584181394687,3.1416095981033845,390.4968407198806,89.76952624839949,6.283117529783239,1.9999838193079669,0.9999919096539835,80,11,0,700,80
782,391.0,0.008034763819922745,0.46035805626598464,3.1415842030488337,3.141609554794461,390.9968447598699,89.769820971867,6.283117703015572,1.999983860664296,0.9999919303321481,429,2,0,352,429
783,391.5,0.008024502308019906,0.45977011494252873,3.141584224620067,3.141609511651368,391.4968487895399,89.77011494252874,6.283117875584605,1.999983901862273,0.9999919509311365,278,3,0,504,278
784,392.0,0.00801426697344335,0.4591836734693877,3.14158424610881,3.1416094686732596,391.99685280893027,89.7704081632653,6.283118047493722,1.9999839429027055,0.9999919714513528,447,2,0,336,447
785,392.5,0.008004057716152339,0.4585987261146497,3.141584267515483,3.141609425859296,392.4968568180802,89.77070063694268,6.2831182187462815,1.9999839837863957,0.9999919918931979,160,5,0,624,160
786,393.0,0.007993874436615249,0.45801526717557245,3.1415842888405026,3.141609383208641,392.9968608170287,89.77099236641222,6.283118389345624,1.9999840245141411,0.9999920122570705,525,2,0,260,525
787,393.5,0.007983717035806337,0.457433290978399,3.1415843100842857,3.141609340720467,393.49686480581477,89.7712833545108,6.28311855929507,1.999984065086733,0.9999920325433667,0,787,1,786,0
788,394.0,0.00797358541520252,0.45685279187817257,3.1415843312472416,3.141609298393948,393.99686878447704,89.77157360406092,6.283118728597911,1.9999841055049594,0.9999920527524798,395,2,0,392,395
789,394.5,0.007963479476780212,0.4562737642585552,3.141584352329782,3.1416092562282665,394.49687275305405,89.77186311787072,6.283118897257428,1.9999841457696022,0.9999920728848012,264,3,0,524,264
790,395.0,0.007953399123012135,0.4556962025316456,3.1415843733323126,3.141609214222607,394.996876711584,89.77215189873418,6.283119065276873,1.999984185881438,0.9999920929407189,477,2,0,312,477
791,395.5,0.007943344256864205,0.45512010113780027,3.1415843942552373,3.141609172376161,395.49688066010515,89.77243994943109,6.28311923265948,1.9999842258412395,0.9999921129206198,118,7,0,672,118
792,396.0,0.007933314781792407,0.4545454545454546,3.141584415098959,3.1416091306881264,395.9968845986553,89.77272727272727,6.283119399408467,1.9999842656497742,0.9999921328248871,551,2,0,240,551
793,396.5,0.007923310601739706,0.4539722572509458,3.1415844358638774,3.141609089157704,396.4968885272722,89.77301387137453,6.283119565527026,1.9999843053078041,0.9999921526539021,72,13,0,720,72
794,397.0,0.007913331621132981,0.45340050377833757,3.141584456550387,3.1416090477841,396.9968924459933,89.77329974811083,6.2831197310183295,1.9999843448160872,0.9999921724080436,397,2,0,396,397
795,397.5,0.007903377744879982,0.45283018867924524,3.141584477158884,3.141609006566525,397.4968963548561,89.77358490566037,6.283119895885533,1.9999843841753766,0.9999921920876883,378,3,0,416,378
796,398.0,0.007893448878366315,0.45226130653266333,3.1415844976897604,3.1416089655041977,397.99690025389765,89.77386934673368,6.283120060131773,1.9999844233864204,0.9999922116932102,399,2,0,396,399
797,398.5,0.00788354492745243,0.451693851944793,3.141584518143404,3.1416089245963366,398.496904143155,89.7741530740276,6.28312022376016,1.9999844624499623,0.9999922312249812,0,797,1,796,0
798,399.0,0.00787366579847066,0.4511278195488722,3.141584538520203,3.14160888384217,398.9969080226648,89.77443609022556,6.28312038677379,1.9999845013667406,0.9999922506833704,581,2,0,216,581
799,399.5,0.00786381139822226,0.45056320400500627,3.141584558820541,3.141608843240928,399.49691189246374,89.77471839799749,6.283120549175741,1.9999845401374905,0.9999922700687452,62,17,0,736,62
800,400.0,0.007853981633974483,0.45,3.1415845790448005,3.1416088027918474,399.9969157525882,89.775,6.283120710969067,1.9999845787629411,0.9999922893814706,479,2,0,320,479
801,400.5,0.00784417641345766,0.449438202247191,3.1415845991933606,3.1416087624941675,400.4969196030745,89.7752808988764,6.283120872156806,1.9999846172438176,0.9999923086219089,272,3,0,528,272
802,401.0,0.007834395644862328,0.4488778054862843,3.1415846192666,3.1416087223471347,400.9969234439586,89.77556109725685,6.283121032741978,1.999984655580841,0.9999923277904205,401,2,0,400,401
803,401.5,0.007824639236836347,0.44831880448318806,3.141584639264892,3.1416086823499985,401.4969272752764,89.7758405977584,6.28312119272758,1.9999846937747265,0.9999923468873634,82,11,0,720,82
804,402.0,0.007814907098482073,0.44776119402985076,3.1415846591886107,3.141608642502013,401.99693109706357,89.77611940298507,6.283121352116596,1.9999847318261867,0.9999923659130935,539,2,0,264,539
805,402.5,0.007805199139353523,0.4472049689440994,3.1415846790381248,3.1416086028024393,402.49693490935573,89.77639751552795,6.283121510911986,1.999984769735929,0.9999923848679646,276,5,0,528,276
806,403.0,0.007795515269453581,0.4466501240694789,3.141584698813804,3.1416085632505397,402.99693871218807,89.77667493796527,6.283121669116697,1.9999848075046553,0.9999924037523277,445,2,0,360,445
807,403.5,0.00778585539923121,0.446096654275093,3.1415847185160133,3.141608523845584,403.4969425055958,89.77695167286245,6.283121826733651,1.9999848451330644,0.9999924225665324,270,3,0,536,270
808,404.0,0.0077762194395786955,0.44554455445544555,3.1415847381451156,3.1416084845868433,403.996946289614,89.77722772277228,6.283121983765759,1.9999848826218514,0.9999924413109258,407,2,0,400,407
809,404.5,0.007766607301828907,0.4449938195302843,3.141584757701473,3.1416084454735973,404.4969500642774,89.77750309023486,6.2831221402159105,1.9999849199717055,0.9999924599858527,0,809,1,808,0
810,405.0,0.0077570188977525755,0.4444444444444444,3.1415847771854444,3.141608406505126,404.99695382962074,89.77777777777779,6.283122296086977,1.9999849571833124,0.9999924785916562,593,2,0,216,593
811,405.5,0.007747454139555594,0.4438964241676942,3.141584796597386,3.1416083676807176,405.4969575856784,89.77805178791616,6.283122451381812,1.999984994257353,0.9999924971286767,0,811,1,810,0
812,406.0,0.007737912939876338,0.4433497536945813,3.1415848159376534,3.1416083289996615,405.99696133248466,89.77832512315271,6.2831226061032535,1.9999850311945058,0.9999925155972529,475,2,0,336,475
813,406.5,0.0077283952117830085,0.44280442804428044,3.141584835206598,3.141608290461253,406.49696507007377,89.77859778597787,6.283122760254121,1.999985067995443,0.9999925339977215,272,3,0,540,272
814,407.0,0.007718900868770991,0.44226044226044225,3.1415848544045715,3.1416082520647923,406.9969687984797,89.77886977886979,6.283122913837217,1.9999851046608337,0.999992552330417,453,2,0,360,453
815,407.5,0.007709429824760228,0.44171779141104295,3.14158487353192,3.1416082138095818,407.49697251773614,89.77914110429447,6.283123066855324,1.9999851411913427,0.9999925705956715,166,5,0,648,166
816,408.0,0.00769998199409263,0.4411764705882353,3.141584892588991,3.1416081756949312,407.9969762278768,89.77941176470587,6.2831232193112125,1.9999851775876312,0.9999925887938157,559,2,0,256,559
817,408.5,0.007690557291529481,0.4406364749082007,3.1415849115761274,3.1416081377201515,408.4969799289351,89.77968176254589,6.2831233712076315,1.9999852138503555,0.9999926069251778,60,19,0,756,60
818,409.0,0.007681155632248883,0.4400977995110024,3.141584930493672,3.14160809988456,408.9969836209445,89.7799511002445,6.283123522547317,1.9999852499801687,0.9999926249900843,409,2,0,408,409
819,409.5,0.007671776931843207,0.43956043956043955,3.1415849493419636,3.1416080621874767,409.49698730393794,89.78021978021978,6.283123673332986,1.9999852859777192,0.9999926429888595,386,3,0,432,386
820,410.0,0.007662421106316568,0.43902439024390244,3.141584968121341,3.1416080246282263,409.99699097794854,89.78048780487805,6.283123823567337,1.9999853218436512,0.9999926609218257,499,2,0,320,499
821,410.5,0.007653088072082322,0.43848964677222896,3.1415849868321377,3.141607987206138,410.4969946430091,89.78075517661388,6.283123973253057,1.999985357578607,0.9999926787893035,0,821,1,820,0
822,411.0,0.007643777745960567,0.437956204379562,3.141585005474689,3.141607949920545,410.9969982991522,89.78102189781022,6.283124122392812,1.9999853931832223,0.9999926965916112,549,2,0,272,549
823,411.5,0.007634490045175682,0.43742405832320774,3.1415850240493257,3.1416079127707834,411.49700194641053,89.7812879708384,6.283124270989256,1.9999854286581311,0.9999927143290657,0,823,1,822,0
824,412.0,0.0076252248873538665,0.4368932038834951,3.1415850425563776,3.1416078757561947,411.99700558481624,89.78155339805825,6.283124419045024,1.9999854640039623,0.9999927320019811,415,2,0,408,415
825,412.5,0.007615982190520711,0.43636363636363634,3.141585060996172,3.141607838876124,412.4970092144016,89.78181818181818,6.283124566562737,1.9999854992213413,0.9999927496106705,424,3,0,400,424
826,413.0,0.007606761873098773,0.4358353510895884,3.1415850793690345,3.1416078021299207,412.9970128351987,89.7820823244552,6.283124713544997,1.9999855343108897,0.9999927671554447,477,2,0,348,477
827,413.5,0.0075975638539051826,0.4353083434099153,3.1415850976752884,3.141607765516937,413.49701644723933,89.78234582829505,6.283124859994392,1.9999855692732251,0.9999927846366127,0,827,1,826,0
828,414.0,0.007588388052149259,0.43478260869565216,3.1415851159152552,3.14160772903653,413.9970200505553,89.78260869565217,6.283125005913497,1.9999856041089628,0.9999928020544814,563,2,0,264,563
829,414.5,0.00757923438743014,0.43425814234016885,3.141585134089255,3.14160769268806,414.49702364517805,89.78287092882992,6.283125151304867,1.999985638818712,0.9999928194093559,0,829,1,828,0
830,415.0,0.0075701027797344415,0.43373493975903615,3.1415851521976053,3.1416076564708924,414.99702723113916,89.78313253012048,6.283125296171046,1.9999856734030803,0.9999928367015402,501,2,0,328,501
831,415.5,0.007560993149433919,0.4332129963898917,3.1415851702406217,3.141607620384394,415.49703080846984,89.78339350180505,6.283125440514558,1.9999857078626706,0.9999928539313354,278,3,0,552,278
832,416.0,0.007551905417283156,0.43269230769230765,3.1415851882186185,3.1416075844279385,415.99703437720115,89.78365384615384,6.283125584337916,1.9999857421980822,0.9999928710990412,447,2,0,384,447
833,416.5,0.00754283950441727,0.43217286914765907,3.141585206131907,3.1416075486009016,416.49703793736415,89.78391356542616,6.283125727643616,1.999985776409912,0.9999928882049559,160,7,0,672,160
834,417.0,0.007533795332349624,0.4316546762589928,3.141585223980799,3.141607512902663,416.9970414889896,89.7841726618705,6.283125870434138,1.999985810498751,0.9999929052493756,557,2,0,276,557
835,417.5,0.007524772822969565,0.4311377245508982,3.141585241765601,3.141607477332605,417.4970450321082,89.78443113772455,6.28312601271195,1.9999858444651888,0.9999929222325945,170,5,0,664,170
836,418.0,0.007515771898540175,0.43062200956937796,3.14158525948662,3.141607441890115,417.99704856675044,89.7846889952153,6.283126154479503,1.999985878309811,0.9999929391549054,475,2,0,360,475
837,418.5,0.007506792481696041,0.43010752688172044,3.141585277144161,3.1416074065745847,418.4970520929468,89.78494623655914,6.283126295739233,1.9999859120331984,0.9999929560165992,296,3,0,540,296
838,419.0,0.007497834495441034,0.4295942720763723,3.141585294738527,3.141607371385408,418.9970556107274,89.78520286396181,6.283126436493565,1.9999859456359301,0.9999929728179652,419,2,0,418,419
839,419.5,0.00748889786314611,0.42908224076281287,3.141585312270018,3.1416073363219823,419.49705912012234,89.7854588796186,6.283126576744905,1.9999859791185812,0.9999929895592905,0,839,1,838,0
840,420.0,0.007479982508547127,0.4285714285714286,3.1415853297389345,3.1416073013837096,419.99706262116166,89.78571428571429,6.283126716495648,1.9999860124817221,0.9999930062408611,647,2,0,192,647
841,420.5,0.007471088355742671,0.42806183115338886,3.141585347145573,3.141607266569995,420.4970661138751,89.78596908442331,6.283126855748173,1.9999860457259222,0.9999930228629611,28,29,0,812,28
842,421.0,0.007462215329191908,0.42755344418052255,3.1415853644902296,3.1416072318802466,420.99706959829234,89.78622327790973,6.283126994504844,1.999986078851745,0.9999930394258726,421,2,0,420,421
843,421.5,0.007453363353712439,0.4270462633451957,3.141585381773198,3.1416071973138764,421.49707307444294,89.7864768683274,6.283127132768015,1.9999861118597526,0.9999930559298765,282,3,0,560,282
844,422.0,0.007444532354478183,0.4265402843601896,3.1415853989947706,3.1416071628703017,421.9970765423562,89.7867298578199,6.283127270540022,1.999986144750503,0.9999930723752516,423,2,0,420,423
845,422.5,0.007435722257017262,0.4260355029585799,3.141585416155238,3.1416071285489404,422.49708000206135,89.7869822485207,6.283127407823189,1.9999861775245507,0.9999930887622754,220,5,0,624,220
846,423.0,0.007426932987209913,0.425531914893617,3.141585433254888,3.1416070943492143,422.99708345358766,89.7872340425532,6.283127544619826,1.9999862101824475,0.9999931050912237,569,2,0,276,569
847,423.5,0.007418164471286406,0.42502951593860683,3.141585450294009,3.1416070602705504,423.49708689696394,89.7874852420307,6.283127680932228,1.999986242724741,0.9999931213623706,186,7,0,660,186
848,424.0,0.007409416635824984,0.42452830188679247,3.1415854672728853,3.1416070263123776,423.9970903322191,89.7877358490566,6.283127816762681,1.999986275151977,0.9999931375759884,431,2,0,416,431
849,424.5,0.007400689407749807,0.42402826855123676,3.141585484191801,3.1416069924741286,424.4970937593818,89.78798586572438,6.283127952113451,1.9999863074646964,0.9999931537323482,284,3,0,564,284
850,425.0,0.007391982714328925,0.4235294117647059,3.141585501051038,3.141606958755239,424.9970971784806,89.78823529411765,6.283128086986794,1.9999863396634383,0.999993169831719,529,2,0,320,529
851,425.5,0.0073832964831722515,0.42303172737955347,3.141585517850877,3.1416069251551484,425.49710058954395,89.78848413631023,6.283128221384955,1.9999863717487378,0.9999931858743688,58,23,0,792,58
852,426.0,0.007374630642229561,0.4225352112676056,3.1415855345915964,3.1416068916732995,425.9971039926002,89.78873239436619,6.283128355310163,1.9999864037211277,0.9999932018605638,571,2,0,280,571
853,426.5,0.007365985119788495,0.4220398593200469,3.141585551273473,3.1416068583091383,426.4971073876774,89.78898007033997,6.283128488764635,1.999986435581137,0.9999932177905683,0,853,1,852,0
854,427.0,0.007357359844472584,0.4215456674473068,3.141585567896783,3.1416068250621136,426.9971107748036,89.78922716627635,6.283128621750571,1.9999864673292906,0.9999932336646454,493,2,0,360,493
855,427.5,0.0073487547452392825,0.4210526315789474,3.1415855844618,3.141606791931678,427.49711415400674,89.78947368421053,6.283128754270166,1.9999864989661134,0.9999932494830567,422,3,0,432,422
856,428.0,0.007340169751378021,0.4205607476635514,3.1415856009687952,3.141606758917286,427.9971175253146,89.78971962616822,6.283128886325595,1.9999865304921238,0.9999932652460621,431,2,0,424,431
857,428.5,0.0073316047925082685,0.4200700116686114,3.14158561741804,3.1416067260183973,428.49712088875475,89.7899649941657,6.283129017919025,1.9999865619078403,0.99999328095392,0,857,1,856,0
858,429.0,0.007323059798577607,0.4195804195804196,3.1415856338098043,3.1416066932344737,428.9971242443547,89.79020979020979,6.283129149052609,1.9999865932137753,0.9999932966068875,617,2,0,240,617
859,429.5,0.007314534699859821,0.4190919674039581,3.141585650144354,3.1416066605649795,429.497127592142,89.79045401629801,6.283129279728485,1.99998662441044,0.99999331220522,0,859,1,858,0
860,430.0,0.007306029426953007,0.41860465116279066,3.1415856664219564,3.141606628009383,429.9971309321437,89.7906976744186,6.283129409948781,1.999986655498343,0.9999933277491714,523,2,0,336,523
861,430.5,0.007297543910777684,0.4181184668989547,3.141585682642875,3.141606595567156,430.497134264387,89.79094076655052,6.283129539715613,1.9999866864779885,0.9999933432389942,380,3,0,480,380
862,431.0,0.007289078082574926,0.4176334106728538,3.141585698807374,3.1416065632377723,430.9971375888989,89.79118329466358,6.2831296690310845,1.9999867173498789,0.9999933586749394,431,2,0,430,431
863,431.5,0.0072806318739045035,0.4171494785631518,3.1415857149157134,3.1416065310207095,431.49714090570626,89.79142526071843,6.283129797897287,1.9999867481145135,0.9999933740572566,0,863,1,862,0
864,432.0,0.00727220521664304,0.4166666666666667,3.1415857309681527,3.141606498915447,431.99714421483594,89.79166666666666,6.283129926316296,1.9999867787723888,0.9999933893861943,575,2,0,288,575
865,432.5,0.0072637980429821804,0.4161849710982659,3.141585746964952,3.1416064669214685,432.4971475163144,89.79190751445086,6.283130054290181,1.9999868093239972,0.9999934046619986,176,5,0,688,176
866,433.0,0.007255410285426774,0.4157043879907621,3.1415857629063666,3.141606435038261,432.99715081016825,89.79214780600462,6.2831301818209955,1.9999868397698304,0.9999934198849151,433,2,0,432,433
867,433.5,0.007247041876793064,0.41522491349480967,3.1415857787926527,3.1416064032653126,433.4971540964238,89.79238754325259,6.283130308910784,1.9999868701103756,0.9999934350551876,322,3,0,544,322
868,434.0,0.007238692750206896,0.4147465437788018,3.141585794624064,3.1416063716021165,433.9971573751074,89.79262672811059,6.283130435561575,1.9999869003461173,0.9999934501730585,507,2,0,360,507
869,434.5,0.0072303628391019404,0.4142692750287687,3.141585810400853,3.141606340048167,434.49716064624516,89.79286536248563,6.283130561775391,1.9999869304775382,0.9999934652387691,88,11,0,780,88
870,435.0,0.007222052077217915,0.41379310344827586,3.1415858261232708,3.1416063086029626,434.99716390986305,89.79310344827587,6.283130687554238,1.9999869605051173,0.9999934802525587,645,2,0,224,645
871,435.5,0.007213760398598836,0.41331802525832373,3.1415858417915663,3.141606277266004,435.49716716598704,89.79334098737084,6.283130812900114,1.999986990429332,0.999993495214666,78,13,0,792,78
872,436.0,0.0072054877375912684,0.4128440366972477,3.141585857405988,3.141606246036795,435.9971704146429,89.79357798165138,6.283130937815002,1.9999870202506553,0.9999935101253277,439,2,0,432,439
873,436.5,0.007197234028842596,0.4123711340206186,3.1415858729667834,3.141606214914842,436.4971736558562,89.79381443298969,6.283131062300878,1.999987049969559,0.9999935249847794,296,3,0,576,296
874,437.0,0.007188999207299298,0.41189931350114417,3.1415858884741965,3.141606183899655,436.9971768896526,89.79405034324942,6.283131186359702,1.9999870795865107,0.9999935397932554,477,2,0,396,477
875,437.5,0.007180783208205242,0.4114285714285714,3.1415859039284717,3.141606152990745,437.4971801160575,89.7942857142857,6.2831313099934265,1.9999871091019774,0.9999935545509886,274,5,0,600,274
876,438.0,0.007172585967099985,0.4109589041095891,3.141585919329852,3.141606122187628,437.99718333509617,89.79452054794521,6.28313143320399,1.999987138516421,0.9999935692582105,587,2,0,288,587
877,438.5,0.0071644074198170885,0.41049030786773094,3.1415859346785777,3.141606091489822,438.4971865467939,89.79475484606614,6.2831315559933225,1.9999871678303025,0.9999935839151515,0,877,1,876,0
878,439.0,0.007156247502482445,0.4100227790432802,3.141585949974889,3.141606060896846,438.9971897511757,89.79498861047837,6.283131678363342,1.9999871970440803,0.9999935985220404,439,2,0,438,439
879,439.5,0.007148106151512612,0.40955631399317405,3.141585965219024,3.1416060304082243,439.4971929482665,89.79522184300342,6.283131800315957,1.9999872261582095,0.9999936130791046,294,3,0,584,294
880,440.0,0.007139983303613166,0.40909090909090906,3.14158598041122,3.1416060000234833,439.9971961380912,89.79545454545455,6.28313192185306,1.999987255173142,0.999993627586571,559,2,0,320,559
881,440.5,0.007131878895777056,0.4086265607264472,3.1415859955517127,3.141605969742151,440.4971993206746,89.79568671963678,6.28313204297654,1.9999872840893287,0.9999936420446642,0,881,1,880,0
882,441.0,0.0071237928652829775,0.40816326530612246,3.1415860106407365,3.1416059395637586,440.99720249604127,89.79591836734693,6.283132163688269,1.9999873129072168,0.9999936564536083,629,2,0,252,629
883,441.5,0.0071157251496937555,0.40770101925254815,3.1415860256785244,3.14160590948784,441.49720566421576,89.79614949037372,6.283132283990113,1.9999873416272511,0.9999936708136257,0,883,1,882,0
884,442.0,0.007107675686854735,0.4072398190045249,3.1415860406653073,3.141605879513932,441.9972088252224,89.79638009049773,6.2831324038839265,1.9999873702498756,0.9999936851249376,499,2,0,384,499
885,442.5,0.007099644414892188,0.4067796610169492,3.141586055601317,3.141605849641574,442.4972119790856,89.79661016949152,6.28313252337155,1.9999873987755281,0.9999936993877641,420,3,0,464,420
886,443.0,0.007091631272211723,0.40632054176072235,3.141586070486782,3.1416058198703074,442.9972151258294,89.79683972911964,6.2831326424548175,1.9999874272046476,0.9999937136023238,443,2,0,442,443
887,443.5,0.007083636197496715,0.40586245772266066,3.1415860853219297,3.1416057901996766,443.4972182654781,89.79706877113867,6.283132761135552,1.9999874555376689,0.9999937277688346,0,887,1,886,0
888,444.0,0.007075659129706742,0.40540540540540543,3.141586100106987,3.1416057606292287,443.9972213980555,89.79729729729729,6.283132879415565,1.9999874837750247,0.9999937418875124,599,2,0,288,599
889,444.5,0.007067700008076025,0.40494938132733405,3.1415861148421786,3.141605731158513,444.4972245235855,89.79752530933634,6.28313299729666,1.9999875119171453,0.9999937559585725,132,7,0,756,132
890,445.0,0.0070597587721118946,0.4044943820224719,3.1415861295277296,3.1416057017870815,444.9972276420918,89.79775280898876,6.283133114780626,1.9999875399644578,0.9999937699822288,537,2,0,352,537
891,445.5,0.00705183536159325,0.40404040404040403,3.1415861441638615,3.141605672514489,445.49723075359816,89.79797979797979,6.283133231869247,1.9999875679173882,0.999993783958694,350,3,0,540,350
892,446.0,0.007043929716569043,0.40358744394618834,3.1415861587507967,3.141605643340293,445.9972338581281,89.79820627802691,6.283133348564293,1.999987595776359,0.9999937978881795,447,2,0,444,447
893,446.5,0.0070360417773567595,0.40313549832026874,3.1415861732887556,3.1416056142640514,446.497236955705,89.79843225083987,6.283133464867529,1.9999876235417915,0.9999938117708959,64,19,0,828,64
894,447.0,0.0070281714845409245,0.4026845637583893,3.1415861877779565,3.141605585285328,446.9972400463522,89.79865771812081,6.283133580780705,1.9999876512141035,0.9999938256070519,597,2,0,296,597
895,447.5,0.0070203187789716045,0.40223463687150834,3.1415862022186167,3.141605556403686,447.49724313009295,89.79888268156425,6.283133696305563,1.9999876787937114,0.9999938393968557,182,5,0,712,182
896,448.0,0.007012483601762931,0.4017857142857143,3.1415862166109543,3.141605527618692,447.99724620695036,89.79910714285714,6.283133811443836,1.9999877062810283,0.9999938531405143,511,2,0,384,511
897,448.5,0.007004665894291624,0.4013377926421405,3.1415862309551836,3.141605498929917,448.4972492769475,89.79933110367894,6.283133926197248,1.999987733676466,0.999993866838233,368,3,0,528,368
898,449.0,0.00699686559819553,0.40089086859688194,3.141586245251519,3.14160547033693,448.99725234010725,89.79955456570157,6.283134040567511,1.999987760980433,0.9999938804902166,449,2,0,448,449
899,449.5,0.006989082655372176,0.40044493882091214,3.1415862595001736,3.141605441839308,449.4972553964524,89.79977753058954,6.283134154556329,1.9999877881933363,0.9999938940966683,58,29,0,840,58
900,450.0,0.006981317007977318,0.4,3.141586273701359,3.141605413436625,449.9972584460057,89.8,6.283134268165397,1.9999878153155806,0.9999939076577904,659,2,0,240,659
901,450.5,0.006973568598423514,0.3995560488346282,3.1415862878552856,3.1416053851284613,450.4972614887897,89.80022197558269,6.283134381396399,1.9999878423475683,0.999993921173784,68,17,0,832,68
902,451.0,0.0069658373693786985,0.3991130820399113,3.141586301962164,3.141605356914397,450.997264524827,89.80044345898004,6.283134494251012,1.9999878692896986,0.9999939346448493,501,2,0,400,501
903,451.5,0.006958123263764769,0.39867109634551495,3.141586316022201,3.1416053287940153,451.4972675541401,89.80066445182725,6.2831346067309015,1.9999878961423703,0.9999939480711851,398,3,0,504,398
904,452.0,0.00695042622475618,0.39823008849557523,3.1415863300356053,3.141605300766903,451.9972705767511,89.80088495575221,6.283134718837725,1.999987922905978,0.9999939614529891,455,2,0,448,455
905,452.5,0.006942746195778548,0.39779005524861877,3.1415863440025813,3.141605272832648,452.4972735926823,89.8011049723757,6.28313483057313,1.9999879495809163,0.9999939747904582,184,5,0,720,184
906,453.0,0.00693508312050727,0.3973509933774835,3.1415863579233347,3.1416052449908394,452.9972766019559,89.80132450331126,6.283134941938754,1.9999879761675754,0.9999939880837878,605,2,0,300,605
907,453.5,0.006927436942866137,0.39691289966923926,3.141586371798069,3.1416052172410702,453.49727960459376,89.80154355016538,6.28313505293623,1.9999880026663452,0.9999940013331725,0,907,1,906,0
908,454.0,0.006919807607025976,0.39647577092511016,3.141586385626987,3.1416051895829358,453.997282600618,89.80176211453744,6.283135163567178,1.9999880290776126,0.9999940145388062,455,2,0,452,455
909,454.5,0.006912195057403286,0.39603960396039606,3.1415863994102904,3.141605162016033,454.4972855900503,89.8019801980198,6.283135273833209,1.9999880554017617,0.9999940277008807,308,3,0,600,308
910,455.0,0.006904599238658886,0.3956043956043956,3.141586413148179,3.1416051345399594,454.99728857291245,89.80219780219781,6.283135383735925,1.9999880816391757,0.9999940408195878,621,2,0,288,621
911,455.5,0.006897020095696582,0.3951701427003293,3.1415864268408527,3.1416051071543185,455.4972915492261,89.80241492864984,6.283135493276924,1.9999881077902355,0.9999940538951176,0,911,1,910,0
912,456.0,0.006889457573661827,0.39473684210526316,3.14158644048851,3.1416050798587136,455.9972945190127,89.80263157894737,6.283135602457788,1.9999881338553187,0.9999940669276595,623,2,0,288,623
913,456.5,0.006881911617940401,0.39430449069003287,3.1415864540913465,3.1416050526527495,456.49729748229385,89.80284775465498,6.283135711280096,1.999988159834803,0.9999940799174016,92,11,0,820,92
914,457.0,0.006874382174157097,0.3938730853391685,3.1415864676495597,3.141605025536035,456.9973004390908,89.80306345733042,6.283135819745416,1.9999881857290622,0.9999940928645312,457,2,0,456,457
915,457.5,0.006866869188174411,0.39344262295081966,3.1415864811633436,3.1416049985081793,457.49730338942476,89.80327868852459,6.283135927855308,1.999988211538469,0.9999941057692344,434,3,0,480,434
916,458.0,0.006859372606091252,0.39301310043668125,3.1415864946328935,3.1416049715687953,457.99730633331694,89.80349344978166,6.283136035611322,1.9999882372633928,0.9999941186316964,459,2,0,456,459
917,458.5,0.006851892374241643,0.3925845147219193,3.1415865080584005,3.1416049447174967,458.49730927078855,89.80370774263903,6.283136143015001,1.9999882629042027,0.9999941314521015,136,7,0,780,136
918,459.0,0.0068444284391934495,0.39215686274509803,3.1415865214400576,3.1416049179539005,458.9973122018604,89.80392156862744,6.283136250067881,1.9999882884612654,0.9999941442306326,629,2,0,288,629
919,459.5,0.0068369807477471015,0.39173014145810664,3.141586534778055,3.1416048912776247,459.4973151265534,89.80413492927094,6.283136356771485,1.999988313934944,0.9999941569674721,0,919,1,918,0
920,460.0,0.006829549246934333,0.391304347826087,3.1415865480725826,3.14160486468829,459.99731804488846,89.80434782608695,6.2831364631273345,1.999988339325602,0.999994169662801,567,2,0,352,567
921,460.5,0.006822133884016923,0.39087947882736157,3.141586561323829,3.141604838185519,460.49732095688614,89.80456026058631,6.2831365691369365,1.999988364633599,0.9999941823167995,308,3,0,612,308
922,461.0,0.0068147346064854515,0.39045553145336226,3.141586574531982,3.141604811768936,460.9973238625672,89.80477223427333,6.283136674801793,1.9999883898592936,0.9999941949296469,461,2,0,460,461
923,461.5,0.006807351362058057,0.39003250270855905,3.1415865876972284,3.141604785438169,461.4973267619521,89.80498374864572,6.283136780123398,1.999988415003043,0.9999942075015213,82,13,0,840,82
924,462.0,0.006799984098679206,0.3896103896103896,3.1415866008197537,3.141604759192845,461.99732965506126,89.80519480519482,6.283136885103235,1.9999884400652006,0.9999942200326002,683,2,0,240,683
925,462.5,0.006792632764518472,0.3891891891891892,3.1415866138997424,3.1416047330325956,462.4973325419151,89.80540540540541,6.283136989742782,1.9999884650461195,0.9999942325230597,204,5,0,720,204
926,463.0,0.006785297307969316,0.38876889848812096,3.1415866269373787,3.1416047069570534,462.99733542253387,89.80561555075595,6.283137094043509,1.9999884899461506,0.9999942449730753,463,2,0,462,463
927,463.5,0.0067779776776478815,0.3883495145631068,3.141586639932844,3.141604680965853,463.49733829693776,89.80582524271846,6.283137198006875,1.9999885147656429,0.9999942573828214,314,3,0,612,314
928,464.0,0.006770673822391796,0.3879310344827586,3.141586652886321,3.1416046550586314,463.9973411651468,89.80603448275862,6.283137301634335,1.9999885395049428,0.9999942697524715,479,2,0,448,479
929,464.5,0.006763385691258973,0.38751345532831,3.1415866657979903,3.1416046292350264,464.497344027181,89.80624327233585,6.283137404927334,1.9999885641643957,0.999994282082198,0,929,1,928,0
930,465.0,0.006756113233526437,0.3870967741935484,3.1415866786680318,3.14160460349468,464.9973468830603,89.80645161290323,6.283137507887312,1.9999885887443454,0.9999942943721727,689,2,0,240,689
931,465.5,0.0067488563986891365,0.38668098818474755,3.1415866914966237,3.141604577837233,465.49734973280454,89.80665950590762,6.283137610515695,1.999988613245132,0.9999943066225662,174,7,0,756,174
932,466.0,0.006741615136458784,0.3862660944206009,3.1415867042839434,3.141604552262331,465.9973525764335,89.80686695278969,6.283137712813908,1.9999886376670968,0.9999943188335483,467,2,0,464,467
933,466.5,0.006734389396762686,0.38585209003215437,3.1415867170301692,3.141604526769619,466.49735541396683,89.80707395498392,6.283137814783365,1.9999886620105758,0.999994331005288,312,3,0,620,312
934,467.0,0.0067271791297425975,0.38543897216274087,3.141586729735476,3.1416045013587466,466.997358245424,89.80728051391863,6.283137916425473,1.9999886862759058,0.9999943431379529,467,2,0,466,467
935,467.5,0.006719984285753568,0.3850267379679144,3.1415867424000385,3.1416044760293635,467.49736107082464,89.80748663101603,6.283138017741633,1.999988710463421,0.9999943552317104,294,5,0,640,294
936,468.0,0.006712804815362806,0.38461538461538464,3.141586755024032,3.141604450781121,467.9973638901881,89.8076923076923,6.283138118733236,1.9999887345734535,0.9999943672867267,647,2,0,288,647
937,468.5,0.006705640669348544,0.38420490928495193,3.141586767607628,3.1416044256136733,468.49736670353377,89.80789754535753,6.283138219401666,1.9999887586063343,0.999994379303167,0,937,1,936,0
938,469.0,0.0066984917986989195,0.3837953091684435,3.141586780151,3.1416044005266763,468.99736951088084,89.80810234541578,6.283138319748302,1.9999887825623914,0.9999943912811958,541,2,0,396,541
939,469.5,0.006691358154610848,0.38338658146964855,3.1415867926543184,3.1416043755197873,469.4973723122485,89.80830670926518,6.283138419774514,1.999988806441953,0.9999944032209765,314,3,0,624,314
940,470.0,0.006684239688488922,0.3829787234042553,3.141586805117754,3.1416043505926656,469.9973751076558,89.80851063829788,6.283138519481663,1.9999888302453437,0.9999944151226718,571,2,0,368,571
941,470.5,0.0066771363519443,0.38257173219978746,3.1415868175414756,3.1416043257449724,470.4973778971217,89.80871413390011,6.2831386188711065,1.9999888539728874,0.9999944269864435,0,941,1,940,0
942,471.0,0.006670048096793616,0.3821656050955414,3.141586829925653,3.1416043009763697,470.99738068066523,89.80891719745222,6.283138717944192,1.9999888776249057,0.9999944388124528,629,2,0,312,629
943,471.5,0.006662974875057886,0.38176033934252385,3.1415868422704523,3.1416042762865235,471.49738345830525,89.80911983032874,6.283138816702261,1.9999889012017191,0.9999944506008595,62,23,0,880,62
944,472.0,0.006655916638961426,0.3813559322033898,3.1415868545760417,3.1416042516750995,471.9973862300604,89.8093220338983,6.283138915146646,1.9999889247036455,0.9999944623518229,479,2,0,464,479
945,472.5,0.006648873340930779,0.38095238095238093,3.1415868668425864,3.141604227141766,472.4973889959494,89.80952380952381,6.283139013278676,1.9999889481310025,0.9999944740655013,512,3,0,432,512
946,473.0,0.0066418449335936425,0.38054968287526425,3.141586879070251,3.1416042026861932,472.9973917559909,89.80972515856237,6.283139111099671,1.999988971484105,0.9999944857420526,525,2,0,420,525
947,473.5,0.00663483136977781,0.3801478352692714,3.1415868912592004,3.141604178308053,473.4973945102034,89.80992608236537,6.283139208610944,1.9999889947632665,0.9999944973816334,0,947,1,946,0
948,474.0,0.006627832602510112,0.379746835443038,3.1415869034095976,3.1416041540070188,473.9973972586053,89.81012658227849,6.2831393058138,1.9999890179687987,0.9999945089843993,635,2,0,312,635
949,474.5,0.00662084858501537,0.3793466807165437,3.141586915521605,3.141604129782764,474.49740000121506,89.81032665964173,6.28313940270954,1.9999890411010117,0.9999945205505059,84,13,0,864,84
950,475.0,0.006613879270715354,0.37894736842105264,3.141586927595384,3.141604105634969,474.9974027380509,89.81052631578947,6.2831394992994545,1.9999890641602143,0.9999945320801071,589,2,0,360,589
951,475.5,0.006606924613227746,0.3785488958990536,3.1415869396310954,3.141604081563309,475.497405469131,89.81072555205047,6.28313959558483,1.9999890871467128,0.9999945435733565,318,3,0,632,318
952,476.0,0.006599984566365112,0.37815126050420167,3.141586951628899,3.1416040575674664,475.9974081944736,89.81092436974791,6.283139691566945,1.9999891100608134,0.9999945550304068,567,2,0,384,567
953,476.5,0.006593059084133879,0.3777544596012592,3.141586963588954,3.1416040336471225,476.49741091409675,89.81112277019938,6.283139787247073,1.9999891329028192,0.9999945664514097,0,953,1,952,0
954,477.0,0.006586148120733319,0.37735849056603776,3.1415869755114185,3.14160400980196,476.99741362801836,89.81132075471697,6.283139882626479,1.999989155673033,0.9999945778365165,641,2,0,312,641
955,477.5,0.00657925163055454,0.3769633507853403,3.1415869873964497,3.1416039860316656,477.4974163362564,89.81151832460733,6.283139977706421,1.9999891783717545,0.9999945891858772,194,5,0,760,194
956,478.0,0.006572369568179483,0.37656903765690375,3.1415869992442045,3.1416039623359255,477.99741903882864,89.81171548117155,6.283140072488152,1.999989200999283,0.9999946004996415,479,2,0,476,479
957,478.5,0.006565501888379923,0.3761755485893417,3.1415870110548387,3.1416039387144283,478.4974217357529,89.81191222570533,6.283140166972918,1.999989223555916,0.9999946117779579,396,3,0,560,396
958,479.0,0.006558648546116479,0.3757828810020877,3.1415870228285065,3.141603915166864,478.9974244270469,89.81210855949895,6.283140261161957,1.9999892460419495,0.9999946230209747,479,2,0,478,479
959,479.5,0.006551809496537629,0.3753910323253389,3.141587034565363,3.1416038916929248,479.4974271127282,89.81230448383732,6.283140355056504,1.9999892684576772,0.9999946342288387,142,7,0,816,142
960,480.0,0.006544984694978735,0.375,3.14158704626556,3.1416038682923038,479.99742979281433,89.8125,6.283140448657784,1.9999892908033932,0.9999946454016965,703,2,0,256,703
961,480.5,0.0065381740969610675,0.37460978147762747,3.141587057929252,3.1416038449646964,480.49743246732277,89.81269510926118,6.2831405419670165,1.9999893130793869,0.9999946565396935,30,31,0,930,30
962,481.0,0.006531377658190838,0.37422037422037424,3.1415870695565893,3.1416038217097983,480.99743513627084,89.81288981288981,6.283140634985417,1.9999893352859495,0.9999946676429747,529,2,0,432,529
963,481.5,0.006524595334558242,0.3738317757009346,3.141587081147723,3.1416037985273086,481.497437799676,89.81308411214953,6.2831407277141915,1.9999893574233687,0.9999946787116843,326,3,0,636,326
964,482.0,0.0065178270821365,0.37344398340248963,3.1415870927028036,3.141603775416926,481.99744045755546,89.81327800829875,6.283140820154541,1.9999893794919315,0.9999946897459657,483,2,0,480,483
965,482.5,0.006511072857180918,0.37305699481865284,3.1415871042219803,3.1416037523783524,482.4974431099264,89.81347150259067,6.283140912307661,1.9999894014919226,0.9999947007459614,196,5,0,768,196
966,483.0,0.006504332616127936,0.37267080745341613,3.1415871157054016,3.141603729411291,482.9974457568058,89.81366459627328,6.28314100417474,1.9999894234236266,0.9999947117118133,701,2,0,264,701
967,483.5,0.006497606315594194,0.37228541882109617,3.1415871271532154,3.141603706515445,483.4974483982109,89.81385729058945,6.283141095756961,1.9999894452873253,0.9999947226436626,0,967,1,966,0
968,484.0,0.006490893912375606,0.371900826446281,3.141587138565569,3.141603683690522,483.9974510341586,89.81404958677686,6.283141187055501,1.9999894670832998,0.99999473354165,527,2,0,440,527
969,484.5,0.006484195363446426,0.3715170278637771,3.1415871499426085,3.1416036609362274,484.4974536646656,89.81424148606811,6.28314127807153,1.9999894888118295,0.9999947444059146,392,3,0,576,392
970,485.0,0.006477510625958336,0.37113402061855666,3.1415871612844795,3.1416036382522714,484.997456289749,89.81443298969073,6.28314136880621,1.9999895104731917,0.9999947552365959,585,2,0,384,585
971,485.5,0.006470839657239533,0.3707518022657055,3.1415871725913265,3.1416036156383638,485.4974589094254,89.81462409886714,6.283141459260703,1.9999895320676642,0.999994766033832,0,971,1,970,0
972,486.0,0.006464182414793813,0.37037037037037035,3.141587183863294,3.1416035930942168,485.9974615237116,89.81481481481481,6.283141549436158,1.9999895535955208,0.9999947767977605,647,2,0,324,647
973,486.5,0.0064575388562996775,0.3699897225077081,3.141587195100525,3.141603570619544,486.4974641326241,89.81500513874614,6.283141639333726,1.9999895750570365,0.9999947875285181,144,7,0,828,144
974,487.0,0.006450908939609431,0.36960985626283366,3.141587206303162,3.1416035482140594,486.99746673617955,89.81519507186859,6.2831417289545435,1.9999895964524828,0.9999947982262414,487,2,0,486,487
975,487.5,0.006444292622748294,0.36923076923076925,3.1415872174713475,3.14160352587748,487.49746933439434,89.81538461538462,6.283141818299748,1.9999896177821306,0.9999948088910653,494,3,0,480,494
976,488.0,0.00643768986391351,0.3688524590163934,3.1415872286052218,3.141603503609523,487.99747192728495,89.8155737704918,6.2831419073704655,1.9999896390462497,0.9999948195231249,495,2,0,480,495
977,488.5,0.006431100621473476,0.368474923234391,3.141587239704926,3.1416034814099083,488.49747451486775,89.8157625383828,6.2831419961678225,1.9999896602451084,0.9999948301225542,0,977,1,976,0
978,489.0,0.006424524853966857,0.3680981595092025,3.1415872507705993,3.141603459278356,488.99747709715894,89.8159509202454,6.283142084692934,1.9999896813789728,0.9999948406894865,653,2,0,324,653
979,489.5,0.006417962520101722,0.36772216547497444,3.1415872618023806,3.141603437214588,489.4974796741747,89.8161389172625,6.283142172946914,1.9999897024481095,0.9999948512240546,98,11,0,880,98
980,490.0,0.00641141357875468,0.3673469387755102,3.141587272800409,3.1416034152183285,489.9974822459314,89.81632653061224,6.283142260930867,1.9999897234527813,0.9999948617263906,643,2,0,336,643
981,490.5,0.006404877988970017,0.3669724770642202,3.141587283764821,3.141603393289302,490.49748481244495,89.81651376146789,6.283142348645893,1.9999897443932515,0.9999948721966258,332,3,0,648,332
982,491.0,0.006398355709958846,0.3665987780040733,3.141587294695754,3.1416033714272342,490.9974873737313,89.81670061099797,6.283142436093088,1.9999897652697811,0.9999948826348907,491,2,0,490,491
983,491.5,0.006391846701098256,0.3662258392675483,3.141587305593344,3.141603349631853,491.4974899298066,89.81688708036623,6.283142523273542,1.9999897860826312,0.9999948930413155,0,983,1,982,0
984,492.0,0.0063853509219304735,0.36585365853658536,3.141587316457726,3.1416033279028888,491.9974924806866,89.8170731707317,6.283142610188336,1.9999898068320596,0.9999949034160297,663,2,0,320,663
985,492.5,0.006378868332162017,0.3654822335025381,3.1415873272890367,3.1416033062400706,492.4974950263871,89.81725888324873,6.283142696838552,1.9999898275183237,0.9999949137591617,200,5,0,784,200
986,493.0,0.006372398891662866,0.36511156186612576,3.1415873380874078,3.1416032846431303,492.9974975669241,89.81744421906693,6.283142783225259,1.9999898481416798,0.9999949240708399,537,2,0,448,537
987,493.5,0.0063659425604656395,0.364741641337386,3.141587348852974,3.141603263111801,493.497500102313,89.8176291793313,6.283142869349526,1.999989868702383,0.9999949343511915,434,3,0,552,434
988,494.0,0.006359499298764763,0.3643724696356275,3.1415873595858677,3.1416032416458175,493.9975026325695,89.81781376518218,6.2831429552124165,1.9999898892006864,0.9999949446003431,555,2,0,432,555
989,494.5,0.006353069066915658,0.36400404448938317,3.141587370286221,3.141603220244916,494.49750515770927,89.81799797775531,6.283143040814985,1.9999899096368425,0.9999949548184212,64,23,0,924,64
990,495.0,0.006346651825433925,0.36363636363636365,3.141587380954166,3.1416031989088333,494.99750767774776,89.81818181818183,6.283143126158284,1.9999899300111021,0.9999949650055511,749,2,0,240,749
991,495.5,0.006340247534994537,0.3632694248234107,3.141587391589832,3.1416031776373075,495.4975101927004,89.81836528758829,6.283143211243358,1.999989950323715,0.9999949751618575,0,991,1,990,0
992,496.0,0.0063338561564310345,0.3629032258064516,3.141587402193351,3.1416031564300795,495.9975127025826,89.81854838709677,6.28314329607125,1.9999899705749298,0.9999949852874649,511,2,0,480,511
993,496.5,0.00632747765073473,0.3625377643504532,3.1415874127648507,3.1416031352868896,496.49751520740966,89.81873111782477,6.283143380642994,1.9999899907649938,0.9999949953824968,332,3,0,660,332
994,497.0,0.00632111197905391,0.36217303822937624,3.1415874233044607,3.1416031142074803,496.99751770719683,89.81891348088531,6.283143464959619,1.999990010894152,0.9999950054470761,573,2,0,420,573
995,497.5,0.006314759102693052,0.36180904522613067,3.1415874338123086,3.141603093191595,497.49752020195933,89.81909547738694,6.283143549022153,1.9999900309626506,0.9999950154813253,202,5,0,792,202
996,498.0,0.006308418983112034,0.3614457831325301,3.1415874442885223,3.141603072238979,497.9975226917123,89.81927710843374,6.283143632831614,1.999990050970732,0.999995025485366,667,2,0,328,667
997,498.5,0.006302091581925362,0.3610832497492477,3.1415874547332288,3.1416030513493793,498.49752517647073,89.81945837512538,6.2831437163890165,1.999990070918639,0.9999950354593194,0,997,1,996,0
998,499.0,0.006295776860901389,0.3607214428857715,3.141587465146554,3.1416030305225426,498.99752765624976,89.8196392785571,6.283143799695371,1.9999900908066122,0.9999950454033061,499,2,0,498,499
999,499.5,0.006289474781961547,0.36036036036036034,3.141587475528624,3.141603009758218,499.49753013106425,89.81981981981983,6.283143882751683,1.9999901106348918,0.9999950553174459,350,3,0,648,350
1000,500.0,0.006283185307179587,0.36000000000000004,3.1415874858795636,3.1416029890561563,499.9975326009291,89.82,6.283143965558951,1.999990130403716,0.9999950652018582,599,2,0,400,599
