m,j,gap,side,k_snap,r_out,r_in,gm,am,tension,hx,hy,atan2,Px,Py,leg_chord,leg_path,leg_chord_over_path,k_frozen
1,1571,1571,down,1.0,0.5,2.0,1.0,1.25,0.25,-0.9999999187321826,-0.00040315707600782115,-3.1411894965028644,-0.4999999593660913,-0.00020157853800391057,0.0,0.0,1.0,1.0
2,3142,1571,up,2.0,1.0,1.0,1.0,1.0,0.0,0.9999996749287441,0.000806314086489694,0.0008063141738595496,0.9999996749287441,0.000806314086489694,1.4999999729107272,2.409894207647293,0.6224339508974263,2.0
3,4713,1571,down,3.0,1.5,0.6666666666666666,1.0,1.0833333333333333,0.08333333333333326,-0.9999992685897239,-0.0012094709659134736,-3.1403831823290065,-1.499998902884586,-0.0018142064488702104,2.4999999512393094,3.9586313753895204,0.6315313839984191,3.0
4,6284,1571,up,4.0,2.0,0.5,1.0,1.25,0.25,0.999998699715188,0.0016126276487535864,0.0016126283477123629,1.999997399430376,0.0032252552975071728,3.4999999303418705,5.520345477970991,0.6340182773539564,4.0
5,7854,1570,down,5.0,2.5,0.4,1.0,1.45,0.44999999999999996,-0.9999999998753679,-1.5788101300492292e-05,-3.141576865488492,-2.49999999968842,-3.947025325123073e-05,4.499998583389648,7.081225644658397,0.6354830094680215,4.999363462762572
6,9425,1571,up,6.0,3.0,0.3333333333333333,1.0,1.6666666666666667,0.6666666666666667,0.999999912242466,0.0004189451759738848,0.00041894518822908374,2.999999736727398,0.0012568355279216545,5.499999889180248,8.654543455279049,0.6355043356822467,5.999363462762572
7,10996,1571,down,7.0,3.5,0.2857142857142857,1.0,1.8928571428571428,0.8928571428571428,-0.9999996620739438,-0.0008221021825539627,-3.140770551314636,-3.499998817258803,-0.0028773576389388694,6.4999998687212175,10.222751001691833,0.6358366615449684,6.999363462762572
8,12567,1571,up,8.0,4.0,0.25,1.0,2.125,1.125,0.9999992493698417,0.0012252590555122374,0.0012252593620844623,3.999996997479367,0.00490103622204895,7.499999848300074,11.792120801734185,0.6360178948639248,7.999363462762572
9,14138,1571,down,9.0,4.5,0.2222222222222222,1.0,2.361111111111111,1.3611111111111112,-0.9999986741302272,-0.0016284157293224063,-3.139964237140781,-4.499994033586023,-0.007327870781950828,8.499999827903444,13.361869062282535,0.6361385363292458,8.999363462762572
10,15708,1570,up,10.0,5.0,0.2,1.0,2.6,1.6,0.9999999995014718,3.1576202594971185e-05,3.157620260021839e-05,4.999999997507359,0.00015788101297485593,9.499996980383196,14.921877327751577,0.6366489129833004,9.998726925525144
11,17279,1571,down,11.0,5.5,0.18181818181818182,1.0,2.840909090909091,1.8409090909090908,-0.9999999055034849,-0.00043473327583298907,-3.141157920300267,-5.499999480269167,-0.00239103301708144,10.499999787155716,16.5026062423294,0.636263123107372,10.998726925525144
12,18850,1571,up,12.0,6.0,0.16666666666666666,1.0,3.0833333333333335,2.0833333333333335,0.999999648969879,0.0008378902784127703,0.0008378903764543593,5.999997893819274,0.0050273416704766215,11.499999766796694,18.07241801660228,0.6363287832448422,11.998726925525144
13,20421,1571,down,13.0,6.5,0.15384615384615385,1.0,3.326923076923077,2.326923076923077,-0.9999992299006958,-0.00124104714480407,-3.1403516061264125,-6.499994994354522,-0.008066806441226456,12.499999746444407,19.642868060402318,0.6363632697631828,12.998726925525144
14,21992,1571,up,14.0,7.0,0.14285714285714285,1.0,3.5714285714285716,2.5714285714285716,0.9999986482960028,0.0016442038094838561,0.0016442045503098773,6.999990538072019,0.011509426666386994,13.499999726097354,21.21339601768412,0.6363903127459343,13.998726925525144
15,23562,1570,down,15.0,7.5,0.13333333333333333,1.0,3.816666666666667,2.816666666666667,-0.9999999988783113,-4.736430387753428e-05,-3.141545289285898,-7.499999991587335,-0.0003552322790815071,14.49999538380419,22.768986723704305,0.6368309472774454,14.998090388287714
16,25133,1571,up,16.0,8.0,0.125,1.0,4.0625,3.0625,0.9999998985152398,0.000450521375581482,0.0004505213908218339,7.999999188121919,0.003604171004651856,15.499999685414895,24.35515073810036,0.6364156745360328,15.998090388287714
17,26704,1571,down,17.0,8.5,0.11764705882352941,1.0,4.3088235294117645,3.3088235294117645,-0.9999996356165504,-0.0008536783740613433,-3.140738975112043,-8.499996902740678,-0.007256266179521418,16.49999966507808,25.92532061858268,0.6364434179167394,16.998090388287714
18,28275,1571,up,18.0,9.0,0.1111111111111111,1.0,4.555555555555555,3.5555555555555554,0.9999992101822857,0.0012568352337860972,0.0012568355646764456,8.99999289164057,0.011311517104074876,17.49999964474354,27.496047721317016,0.6364550942780121,17.998090388287714
19,29846,1571,down,19.0,9.5,0.10526315789473684,1.0,4.802631578947368,3.802631578947368,-0.9999986222125148,-0.0016599918892302534,-3.1399326609381903,-9.49998691101889,-0.015769922947687406,18.499999624410894,29.066801804369632,0.6364649179129771,18.998090388287714
20,31416,1570,up,20.0,10.0,0.1,1.0,5.05,4.05,0.9999999980058869,6.315240514847107e-05,6.315240519044875e-05,9.999999980058869,0.0006315240514847107,19.49999378870845,30.617579545157145,0.6368888095790972,19.997453851050288
21,32987,1571,down,21.0,10.5,0.09523809523809523,1.0,5.2976190476190474,4.2976190476190474,-0.9999998912777307,-0.00046630947521820044,-3.1411263440976755,-10.499998858416172,-0.0048962494897911045,20.4999995837502,32.20889382334148,0.6364701531256577,20.997453851050288
22,34558,1571,up,22.0,11.0,0.09090909090909091,1.0,5.545454545454546,4.545454545454546,0.9999996220139576,0.0008694664694973076,0.0008694665790460542,10.999995842153535,0.009564131164470384,21.49999956342172,33.7791992785377,0.6364863591388379,21.997453851050288
23,36129,1571,down,23.0,11.5,0.08695652173913043,1.0,5.793478260869565,4.793478260869565,-0.9999991902146117,-0.0012726233224567701,-3.140320029923819,-11.499990687468035,-0.014635168208252856,22.499999543094265,35.350036823298176,0.6364915447065439,22.997453851050288
24,37700,1571,up,24.0,12.0,0.08333333333333333,1.0,6.041666666666667,5.041666666666667,0.9999985958797626,0.0016757799685700222,0.0016757807529026519,11.999983150557151,0.020109359622840266,23.499999522767705,36.92088628377998,0.6364960836027299,23.997453851050288
25,39270,1570,down,25.0,12.5,0.08,1.0,6.29,5.29,-0.9999999968841982,-7.894050640875536e-05,-3.1415137130833024,-12.499999961052477,-0.000986756330109442,24.499992194187847,38.46674696615225,0.6369135455032352,24.99681731381286
26,40841,1571,up,26.0,13.0,0.07692307692307693,1.0,6.538461538461538,5.538461538461538,0.9999998837909575,0.0004820975747447364,0.00048209759341943644,12.999998489282447,0.0062672684716815735,25.499999482116845,40.063130012359075,0.6364954379313437,25.99681731381286
27,42412,1571,down,27.0,13.5,0.07407407407407407,1.0,6.787037037037037,5.787037037037037,-0.9999996081621011,-0.000885254564722079,-3.140707398909446,-13.499994710188364,-0.011950936623748068,26.499999461792374,41.63350122465083,0.636506627650666,26.99681731381286
28,43983,1571,up,28.0,14.0,0.07142857142857142,1.0,7.035714285714286,6.035714285714286,0.9999991699976738,0.0012884114108127776,0.0012884117672743852,13.999988379967434,0.018037759751378887,27.49999944146845,43.20439364001364,0.6365093251997268,27.99681731381286
29,45554,1571,down,29.0,14.5,0.06896551724137931,1.0,7.2844827586206895,6.2844827586206895,-0.9999985692977468,-0.001691568047490967,-3.139901084735592,-14.499979254817328,-0.02452773668861902,28.499999421145013,44.775292091750686,0.6365117476563776,28.99681731381286
30,47124,1570,up,30.0,15.0,0.06666666666666667,1.0,7.533333333333333,6.533333333333333,0.9999999955132454,9.472860765006204e-05,9.472860779173672e-05,14.99999993269868,0.0014209291147509306,29.499990599949935,46.3161966962416,0.6369260151782661,29.99618077657543
31,48695,1571,down,31.0,15.5,0.06451612903225806,1.0,7.782258064516129,6.782258064516129,-0.9999998760549201,-0.0004978856741492208,-3.141094767895074,-15.499998078851261,-0.007717227949312923,30.499999380499418,47.91761669933655,0.6365091062828613,30.99618077657543
32,50266,1571,up,32.0,16.0,0.0625,1.0,8.03125,7.03125,0.9999995940609804,0.0009010426597242431,0.0009010427816470542,15.999993504975686,0.01441668255558789,31.49999936017718,49.48802482465358,0.6365176115189133,31.99618077657543
33,51837,1571,down,33.0,16.5,0.06060606060606061,1.0,8.280303030303031,7.280303030303031,-0.9999991495314721,-0.0013041994988472715,-3.140288453721219,-16.49998596726929,-0.02151929173097998,32.499999339855265,51.058948402562486,0.6365191676807859,32.99618077657543
34,53408,1571,up,34.0,17.0,0.058823529411764705,1.0,8.529411764705882,7.529411764705882,0.9999985424664674,0.001707356125994633,0.0017073569555047185,16.999975221929944,0.02902505414190876,33.49999931953364,52.629875306857826,0.6365205907141585,33.99618077657543
35,54978,1570,down,35.0,17.5,0.05714285714285714,1.0,8.778571428571428,7.7785714285714285,-0.9999999938930284,-0.0001105167088671555,-3.1414821368807013,-17.499999893127995,-0.0019340424051752212,34.49998900587181,54.16580595702793,0.6369329948351944,34.995544239338
36,56549,1571,up,36.0,18.0,0.05555555555555555,1.0,9.027777777777779,8.027777777777779,0.9999998680696186,0.000513673773431861,0.0005136737960215877,17.999997625253133,0.009246127921773498,35.49999927889119,55.77224801044736,0.6365172741869982,35.995544239338
37,58120,1571,down,37.0,18.5,0.05405405405405406,1.0,9.277027027027026,8.277027027027026,-0.9999995797105955,-0.0009168307545027552,-3.1406758227068456,-18.499992224646018,-0.01696136895830097,36.49999925857032,57.3426789663987,0.6365241372827795,36.995544239338
38,59691,1571,up,38.0,19.0,0.05263157894736842,1.0,9.526315789473685,8.526315789473685,0.9999991288160062,0.0013199875865578137,0.0013199879698752998,18.999983447504118,0.02507976414459846,37.49999923824965,58.91362191434017,0.6365251026795514,37.995544239338
39,61262,1571,down,39.0,19.5,0.05128205128205128,1.0,9.775641025641026,8.775641025641026,-0.9999985153859239,-0.0017231442040692763,-3.1398695085329886,-19.499971050025515,-0.03360131197935089,38.49999921792917,60.484566794399136,0.6365259975953778,38.995544239338
40,62832,1570,up,40.0,20.0,0.05,1.0,10.025,9.025,0.9999999920235474,0.0001263048100573723,0.00012630481039319376,19.99999984047095,0.002526096201147446,39.4999874118928,62.01551415431493,0.6369371914518661,39.994907702100576
41,64403,1571,down,41.0,20.5,0.04878048780487805,1.0,10.274390243902438,9.274390243902438,-0.9999998598350529,-0.0005294618725851094,-3.1410631916924707,-20.499997126618585,-0.010853968387994743,40.49999917728875,63.6269703699103,0.6365225146165614,40.994907702100576
42,65974,1571,up,42.0,21.0,0.047619047619047616,1.0,10.523809523809524,9.523809523809524,0.9999995651109466,0.0009326188490543813,0.0009326189842496477,20.999990867329878,0.019584995830142008,41.499999156968784,65.19741645779999,0.6365282769115596,41.994907702100576
43,67545,1571,down,43.0,21.5,0.046511627906976744,1.0,10.773255813953488,9.773255813953488,-0.9999991078512764,-0.0013357756739410926,-3.140256877518615,-21.49998081880244,-0.028719176989733492,42.49999913664894,66.7683722565159,0.6365289088278078,42.994907702100576
44,69116,1571,up,44.0,22.0,0.045454545454545456,1.0,11.022727272727273,10.022727272727273,0.9999984880561169,0.0017389322817186637,0.0017389331581085358,21.999966737234573,0.0382565101978106,43.49999911632924,68.3393292128363,0.6365295009093908,43.994907702100576
45,70686,1570,down,45.0,22.5,0.044444444444444446,1.0,11.272222222222222,10.272222222222222,-0.9999999899048022,-0.00014209291121813005,-3.141450560678097,-22.49999977285805,-0.003197090502407926,44.49998581797949,69.8652879332027,0.6369398471602287,44.99427116486314
46,72257,1571,up,46.0,23.0,0.043478260869565216,1.0,11.521739130434783,10.521739130434783,0.9999998513512232,0.0005452499716071804,0.0005452499986240958,22.999996581078133,0.012540749346965148,45.4999990756902,71.48175375681649,0.6365260599296828,45.99427116486314
47,73828,1571,down,47.0,23.5,0.0425531914893617,1.0,11.77127659574468,10.77127659574468,-0.9999995502620338,-0.0009484069433723706,-3.140644246504243,-23.499989431157793,-0.02228756316925071,46.49999905537084,73.05221040818128,0.6365310343869239,46.99427116486314
48,75399,1571,up,48.0,24.0,0.041666666666666664,1.0,12.020833333333334,11.020833333333334,0.999999086637283,0.0013515637609882703,0.001351564172477737,23.99997807929479,0.032437530263718484,47.499999035051594,74.62317516351115,0.6365314653386378,47.99427116486314
49,76970,1571,down,49.0,24.5,0.04081632653061224,0.9999999999999999,12.270408163265307,11.270408163265307,-0.999998460477046,-0.0017547203589276651,-3.1398379323303875,-24.499962281687626,-0.0429906487937278,48.49999901473244,76.19414062188234,0.6365318726464333,48.99427116486314
50,78540,1570,up,50.0,25.0,0.04,1.0,12.52,11.52,0.999999987536793,0.00015788101233856256,0.0001578810129944638,24.999999688419823,0.003947025308464064,49.49998422411197,77.71510741784184,0.6369415917804904,49.99363462762572
51,80111,1571,down,51.0,25.5,0.0392156862745098,1.0,12.769607843137255,11.769607843137255,-0.9999998426181292,-0.0005610380704897301,-3.141031615489871,-25.499995986762297,-0.014306470797488117,50.499998974094375,79.33658004176934,0.6365285590519153,50.99363462762572
52,81682,1571,up,52.0,26.0,0.038461538461538464,1.0,13.01923076923077,12.01923076923077,0.9999995351638569,0.0009641950374532353,0.0009641951868508305,25.999987914260277,0.025069070973784118,51.49999895377547,80.90704437136901,0.6365329416482804,51.99363462762572
53,83253,1571,down,53.0,26.5,0.03773584905660377,1.0,13.268867924528301,12.268867924528301,-0.9999990651740254,-0.0013673518476977245,-3.1402253013160166,-26.499975227111673,-0.0362348239639897,52.49999893345664,82.47801561512564,0.6365332451551934,52.99363462762572
54,84824,1571,up,54.0,27.0,0.037037037037037035,1.0,13.518518518518519,12.518518518518519,0.9999984326487114,0.0017705084357009168,0.0017705093607043893,26.999957681515205,0.047803727763924754,53.49999891313787,84.04898728437446,0.6365335340939207,53.99363462762572
55,86394,1570,down,55.0,27.5,0.03636363636363636,1.0,13.768181818181818,12.768181818181818,-0.9999999849195194,-0.00017366911341967607,-3.1414189844755005,-27.499999585286783,-0.004775900619041092,54.49998263027763,85.56496002729307,0.6369427697143025,54.99299809038829
56,87965,1571,up,56.0,28.0,0.03571428571428571,1.0,14.017857142857142,13.017857142857142,0.9999998336357715,0.0005768261692333104,0.0005768262012210594,27.9999953418016,0.016151132738532692,55.49999887250054,87.19143762941002,0.6365303793750061,55.99299809038829
57,89536,1571,down,57.0,28.5,0.03508771929824561,1.0,14.267543859649123,13.267543859649123,-0.9999995198164158,-0.0009799831312906182,-3.1406126703016453,-28.49998631476785,-0.027929519241782618,56.49999885218196,88.76190772353432,0.6365343005939197,56.99299809038829
58,91107,1571,up,58.0,29.0,0.034482758620689655,1.0,14.517241379310345,13.517241379310345,0.9999990434615039,0.0013831399340658872,0.00138314037507492,28.999972260383615,0.040111058087910725,57.49999883186345,90.33288381620176,0.6365345199081364,57.99299809038829
59,92678,1571,down,59.0,29.5,0.03389830508474576,1.0,14.766949152542374,13.766949152542374,-0.9999984045711129,-0.0017862965120315642,-3.1398063561277914,-29.49995293484783,-0.05269574710493114,58.499998811544984,91.90386016015775,0.6365347299841271,58.99299809038829
60,94248,1570,up,60.0,30.0,0.03333333333333333,1.0,15.016666666666667,14.016666666666667,0.9999999820529818,0.00018945721445493422,0.00018945721558833158,29.999999461589454,0.0056837164336480265,59.499981036468114,93.41483740999706,0.6369435807646179,59.99236155315086
61,95819,1571,down,61.0,30.5,0.03278688524590164,1.0,15.26639344262295,14.26639344262295,-0.9999998244041494,-0.0005926142678304182,-3.141000039287276,-30.499994644326556,-0.018074735168827755,60.499998770908206,95.04631875800854,0.6365317411707807,60.99236155315086
62,97390,1571,up,62.0,31.0,0.03225806451612903,1.0,15.516129032258064,14.516129032258064,0.9999995042197108,0.0009957712248853078,0.000995771389446589,30.999984630811035,0.03086890797144454,61.49999875058988,96.61679329609126,0.6365352921838064,61.99236155315086
63,98961,1571,down,63.0,31.5,0.031746031746031744,1.0,15.765873015873016,14.765873015873016,-0.9999990214997186,-0.0013989280200901455,-3.140193725113419,-31.499969177241137,-0.04406623263283958,62.49999873027161,98.1877731063473,0.6365354539875121,62.99236155315086
64,100532,1571,up,64.0,32.0,0.03125,1.0,16.015625,15.015625,0.9999983762442507,0.0018020845879193979,0.0018020855633017682,31.999948039816022,0.05766670681342073,63.49999870995338,99.75875305664586,0.6365356098015407,63.99236155315086
65,102102,1570,down,65.0,32.5,0.03076923076923077,1.0,16.265384615384615,15.265384615384615,-0.99999997893718,-0.00020524531544799293,-3.1413874082729043,-32.499999315458346,-0.00667047275205977,64.49997944267766,101.26473380428071,0.6369441464917087,64.99172501591343
66,103673,1571,up,66.0,33.0,0.030303030303030304,1.0,16.515151515151516,15.515151515151516,0.9999998149232632,0.0006084023662836526,0.0006084024038173636,32.999993892467685,0.020077278087360536,65.49999866931701,102.90121803606807,0.6365327827932853,65.99172501591343
67,105244,1571,down,67.0,33.5,0.029850746268656716,1.0,16.76492537313433,15.764925373134329,-0.9999994883737421,-0.0010115593182330824,-3.140581094099047,-33.49998286052036,-0.03388723716080826,66.49999864899891,104.47169607659889,0.6365360298184588,66.99172501591343
68,106815,1571,up,68.0,34.0,0.029411764705882353,1.0,17.014705882352942,16.014705882352942,0.9999989992886692,0.0014147161057670448,0.0014147165776747126,33.99996597581475,0.04810034759607952,67.49999862868081,106.0426787987865,0.6365361512298315,67.99172501591343
69,108386,1571,down,69.0,34.5,0.028985507246376812,1.0,17.264492753623188,16.264492753623188,-0.9999983476681249,-0.001817872663360079,-3.1397747799251894,-34.49994299455031,-0.06271660688592273,68.49999860836276,107.61366158945665,0.6365362686913162,68.99172501591343
70,109956,1570,up,70.0,35.0,0.02857142857142857,1.0,17.514285714285716,16.514285714285716,0.9999999755721141,0.00022103341639207702,0.00022103341819187009,34.99999914502399,0.007736169573722695,69.49997784890213,109.1146451066463,0.6369445437958796,69.991088478676
71,111527,1571,down,71.0,35.5,0.028169014084507043,1.0,17.764084507042252,16.764084507042252,-0.999999805193113,-0.0006241904645889917,-3.140968463084672,-35.499993084355516,-0.022158761492909206,70.49999856772675,110.75613160172746,0.6365335945574607,70.991088478676
72,113098,1571,up,72.0,36.0,0.027777777777777776,1.0,18.01388888888889,17.01388888888889,0.9999994722785089,0.0010273474113316695,0.001027347592049477,35.999981002026324,0.036984506807940104,71.4999985474088,112.32661245479767,0.636536587232894,71.991088478676
73,114669,1571,down,73.0,36.5,0.0273972602739726,1.0,18.263698630136986,17.263698630136986,-0.9999989768283561,-0.001430504191093906,-3.1401621489108154,-36.499962654235,-0.052213402974927575,72.49999852709085,113.8975974997437,0.6365366796016395,72.991088478676
74,116240,1571,up,74.0,37.0,0.02702702702702703,1.0,18.513513513513512,17.513513513513512,0.9999983188427352,0.0018336607383485405,0.0018336617659065887,36.999937797181204,0.067845447318896,73.49999850677295,115.46858256732223,0.636536769332211,73.991088478676
75,117810,1570,down,75.0,37.5,0.02666666666666667,1.0,18.763333333333332,17.763333333333332,-0.999999971957784,-0.00023682151727909235,-3.1413558320703006,-37.4999989484169,-0.008880806897965964,74.49997625513853,116.96456831528795,0.6369448229340487,74.99045194143858
76,119381,1571,up,76.0,38.0,0.02631578947368421,1.0,19.013157894736842,18.013157894736842,0.9999997952136986,0.0006399785627346123,0.0006399786064208968,37.999992218120546,0.024319185383915268,75.49999846613721,118.61105661621369,0.6365342373639782,75.99045194143858
77,120952,1571,down,77.0,38.5,0.025974025974025976,1.0,19.26298701298701,18.26298701298701,-0.9999994559340121,-0.0010431355041707266,-3.1405495178964444,-38.49997905345946,-0.04016071691057298,76.49999844581937,120.18153976434456,0.6365370138860159,76.99045194143858
78,122523,1571,up,78.0,39.0,0.02564102564102564,1.0,19.512820512820515,18.512820512820515,0.9999989541187791,0.0014462922760588382,0.0014462927802756929,38.99995921063239,0.05640539876629469,77.49999842550157,121.75252669131221,0.636537084950958,77.99045194143858
79,124094,1571,down,79.0,39.5,0.02531645569620253,1.0,19.7626582278481,18.7626582278481,-0.9999982897680818,-0.0018494488128746177,-3.139743203722589,-39.49993244583923,-0.0730532281085474,78.49999840518377,123.32351361208805,0.6365371542373026,78.99045194143858
80,125664,1570,up,80.0,40.0,0.025,1.0,20.0125,19.0125,0.9999999680941899,0.00025260961810684435,0.0002526096207934159,39.9999987237676,0.010104384724273774,79.49997466138461,124.81450118362059,0.6369450176660835,79.98981540420115
81,127235,1571,down,81.0,40.5,0.024691358024691357,1.0,20.262345679012345,19.262345679012345,-0.9999997849850203,-0.0006557666607220602,-3.1409368868820713,-40.49999129189332,-0.026558549759243436,80.49999836454826,126.46599094608551,0.6365347534331717,80.98981540420115
82,128806,1571,up,82.0,41.0,0.024390243902439025,1.0,20.51219512195122,19.51219512195122,0.9999994393402509,0.001058923596752904,0.0010589237946515612,40.99997701295029,0.04341586746686907,81.49999834423052,128.0364759932495,0.6365373438466665,81.98981540420115
83,130377,1571,down,83.0,41.5,0.024096385542168676,1.0,20.762048192771083,19.762048192771083,-0.9999989311599382,-0.0014620803606643878,-3.1401305727082187,-41.49995564313743,-0.0606763349675721,82.49999832391282,129.60746446602113,0.6365373990133234,82.98981540420115
84,131948,1571,up,84.0,42.0,0.023809523809523808,1.0,21.011904761904763,20.011904761904763,0.9999982604441647,0.0018652368869416735,0.001865237968503663,41.999926938654916,0.07833994925155029,83.49999830359512,131.17845291524864,0.6365374529728791,83.98981540420115
85,133518,1570,down,85.0,42.5,0.023529411764705882,1.0,21.261764705882353,20.261764705882353,-0.9999999639813316,-0.00026839771887025306,-3.1413242558677004,-42.499998469206595,-0.011406903051985755,84.49997306763865,132.6644419968245,0.6369451512083492,84.98917886696371
86,135089,1571,up,86.0,43.0,0.023255813953488372,1.0,21.511627906976745,20.511627906976745,0.9999997745070777,0.0006715547585433367,0.0006715548090202897,42.99999030380434,0.02887685461736348,85.49999826295979,134.3209329569837,0.6365351727443791,85.98917886696371
87,136660,1571,down,87.0,43.5,0.022988505747126436,1.0,21.761494252873565,20.761494252873565,-0.9999994224972258,-0.001074711689064627,-3.1405179416938456,-43.499974878629324,-0.04674995847431128,86.49999824264215,135.89141959474426,0.6365376011274492,86.98917886696371
88,138231,1571,up,88.0,44.0,0.022727272727272728,1.0,22.011363636363637,21.011363636363637,0.9999989079518335,0.0014778684449068486,0.0014778689828749253,43.999951949880675,0.06502621157590134,87.49999822232452,137.4624093524159,0.636537644251517,87.98917886696371
89,139802,1571,down,89.0,44.5,0.02247191011235955,1.0,22.26123595505618,21.26123595505618,-0.999998230870984,-0.0018810249605441518,-3.13971162751999,-44.49992127375879,-0.08370561074421476,88.49999820200692,139.03339907702042,0.636537686552427,88.98917886696371
90,141372,1570,up,90.0,45.0,0.022222222222222223,1.0,22.511111111111113,21.511111111111113,0.9999999596192092,0.0002841858195677827,0.00028418582339299875,44.99999818286441,0.012788361880550221,89.49997147389931,140.51438942330142,0.6369452398521228,89.98854232972629
91,142943,1571,down,91.0,45.5,0.02197802197802198,1.0,22.76098901098901,21.76098901098901,-0.9999997637798711,-0.000687342856199951,-3.140905310679472,-45.49998925198413,-0.03127409995709777,90.49999816137174,142.17588137575225,0.6365355170346515,90.98854232972629
92,144514,1571,up,92.0,46.0,0.021739130434782608,1.0,23.01086956521739,22.01086956521739,0.9999994054049369,0.0010904997811143446,0.001090499997249658,45.9999726486271,0.05016298993125985,91.49999814105416,143.74636936016765,0.6365378029951757,91.98854232972629
93,146085,1571,down,93.0,46.5,0.021505376344086023,1.0,23.260752688172044,22.260752688172044,-0.9999988844944648,-0.0014936565287808072,-3.140098996505618,-46.499948128992614,-0.06945502858830753,92.4999981207366,145.31736019720742,0.6365378368778969,92.98854232972629
94,147656,1571,up,94.0,47.0,0.02127659574468085,1.0,23.51063829787234,22.51063829787234,0.9999982010485394,0.0018968130336796305,0.0018968141711053082,46.99991544928135,0.08915021258294263,93.49999810041906,146.88835099705196,0.6365378701970424,93.98854232972629
95,149226,1570,down,95.0,47.5,0.021052631578947368,1.0,23.760526315789473,22.760526315789473,-0.9999999550078226,-0.00029997392019325534,-3.141292679665101,-47.499997862871574,-0.014248761209179629,94.49996988016557,148.3643424132843,0.6369452952308855,94.98790579248886
96,150797,1571,up,96.0,48.0,0.020833333333333332,1.0,24.010416666666668,23.010416666666668,0.9999997528034005,0.0007031309536823885,0.0007031310116195878,47.999988134563225,0.03375028577675465,95.49999805978403,150.03083519587832,0.6365358023575651,95.98790579248886
97,152368,1571,down,97.0,48.5,0.020618556701030927,1.0,24.260309278350515,23.260309278350515,-0.999999388063384,-0.0011062878728872142,-3.1404863654912467,-48.49997032107412,-0.053654961835029887,96.49999803946652,151.60132433136613,0.6365379620862638,96.98790579248886
98,153939,1571,up,98.0,49.0,0.02040816326530612,0.9999999999999999,24.510204081632654,23.510204081632654,0.9999988607878323,0.0015094446122812498,0.0015094451854740672,48.99994417860378,0.07396278600178124,97.49999801914903,153.17231608368928,0.63653798879608,97.98790579248886
99,155510,1571,down,99.0,49.5,0.020202020202020204,1.0,24.76010101010101,23.76010101010101,-0.9999981709768314,-0.001912601106338768,-3.1396800513173897,-49.499909463353156,-0.09467375476376902,98.49999799883156,154.74330779842205,0.6365380151181955,98.98790579248886
100,157080,1570,up,100.0,50.0,0.02,1.0,25.01,24.01,0.9999999501471719,0.0003157620207442469,0.0003157620259914569,49.99999750735859,0.015788101037212347,99.49996828643656,156.21430012802531,0.6369453257793393,99.98726925525143
101,158651,1571,down,101.0,50.5,0.019801980198019802,1.0,25.25990099009901,24.25990099009901,-0.9999997415776657,-0.0007189190509908268,-3.140873734476874,-50.49998694967212,-0.03630541207503676,100.4999979581966,157.88579361115853,0.6365360407644288,100.98726925525143
102,160222,1571,up,102.0,51.0,0.0196078431372549,1.0,25.50980392156863,24.50980392156863,0.999999370472567,0.0011220759643870762,0.001122076199846336,50.99996789410092,0.05722587418374089,101.49999793787917,159.45628373899265,0.636538087793519,101.98726925525143
103,161793,1571,down,103.0,51.5,0.019417475728155338,0.9999999999999999,25.759708737864077,24.759708737864077,-0.9999988368319359,-0.0015252326954077109,-3.140067420303018,-51.499940096844696,-0.0785494838134971,102.49999791756171,161.02727627403053,0.6365381088799568,102.98726925525143
104,163364,1571,up,104.0,52.0,0.019230769230769232,1.0,26.009615384615383,25.009615384615383,0.9999981406558595,0.0019283891785231788,0.0019283903737037744,51.99990331410469,0.1002762372832053,103.49999789724427,162.59826877367095,0.6365381296975021,103.98726925525143
105,164934,1570,down,105.0,52.5,0.01904761904761905,1.0,26.25952380952381,25.25952380952381,-0.999999945037257,-0.00033155012121760985,-3.1412611034625013,-52.499997114455994,-0.017406381363924518,104.49996669271158,164.06426188930726,0.63694533769467,104.98663271801401
106,166505,1571,up,106.0,53.0,0.018867924528301886,1.0,26.50943396226415,25.50943396226415,0.9999997301026669,0.0007347071481196321,0.0007347072142181392,52.999985695441346,0.038939478850340506,105.49999785660945,165.74075596823087,0.6365362414349772,105.98663271801401
107,168076,1571,down,107.0,53.5,0.018691588785046728,0.9999999999999999,26.759345794392523,25.759345794392523,-0.999999352632486,-0.0011378640556068231,-3.1404547892886474,-53.499965365838,-0.06087572697496504,106.49999783629204,167.31124695818215,0.6365381871961704,106.98663271801401
108,169647,1571,up,108.0,54.0,0.018518518518518517,1.0,27.00925925925926,26.00925925925926,0.9999988126267758,0.00154102077815094,0.0015410213880734996,53.99993588184589,0.08321512202015077,107.49999781597465,168.8822401676765,0.6365382038350637,107.98663271801401
109,171218,1571,down,109.0,54.5,0.01834862385321101,1.0,27.259174311926607,26.259174311926607,-0.9999981100856241,-0.0019441772502247197,-3.1396484751147913,-54.49989699966651,-0.10595766013724722,108.49999779565725,170.45323334574707,0.6365382202845987,108.98663271801401
110,172788,1570,up,110.0,55.0,0.01818181818181818,1.0,27.509090909090908,26.509090909090908,0.9999999396780782,0.0003473382216054504,0.0003473382285894869,54.9999966822943,0.019103602188299772,109.49996509899013,171.91422714279273,0.6369453355831858,109.98599618077658
111,174359,1571,down,111.0,55.5,0.018018018018018018,1.0,27.75900900900901,26.75900900900901,-0.9999997183784038,-0.0007504952450650178,-3.1408421582742765,-55.499984370001414,-0.041652486101108485,110.49999775502249,173.59572173199328,0.6365364114538405,110.98599618077658
112,175930,1571,up,112.0,56.0,0.017857142857142856,1.0,28.008928571428573,27.008928571428573,0.999999334543141,0.0011536521465442433,0.0011536524024462226,55.9999627344159,0.06460452020647763,111.49999773470513,175.16621347615686,0.6365382656963251,111.98599618077658
113,177501,1571,down,113.0,56.5,0.017699115044247787,1.0,28.258849557522122,27.258849557522122,-0.9999987881723515,-0.001556808860510577,-3.140035844100421,-56.499931531737865,-0.0879597006188476,112.49999771438777,176.73720727084068,0.6365382787903133,112.98599618077658
114,179072,1571,up,114.0,57.0,0.017543859649122806,1.0,28.50877192982456,27.50877192982456,0.9999980792661248,0.001959965321440644,0.0019599665762988707,56.99989051816912,0.11171802332211672,113.49999769407042,178.30820103928812,0.6365382917472316,113.98599618077658
115,180642,1570,down,115.0,57.5,0.017391304347826087,1.0,28.758695652173913,27.758695652173913,-0.999999934069635,-0.00036312632190623205,-3.1412295272599065,-57.49999620900402,-0.020879763509608344,114.4999635052717,179.7641954309761,0.6369453229035041,114.98535964353914
116,182213,1571,up,116.0,58.0,0.017241379310344827,1.0,29.00862068965517,28.00862068965517,0.999999706404877,0.0007662833418217731,0.0007662834168141326,57.999982971482865,0.04444443382566284,115.49999765343574,181.45069046000506,0.6365365563538266,115.98535964353914
117,183784,1571,down,117.0,58.5,0.017094017094017096,1.0,29.25854700854701,28.25854700854701,-0.999999316204532,-0.0011694402371886078,-3.140423213086052,-58.49995999796512,-0.06841225387553355,116.4999976331184,183.0211828681716,0.6365383274625224,116.98535964353914
118,185355,1571,up,118.0,59.0,0.01694915254237288,1.0,29.508474576271187,28.508474576271187,0.9999987634686637,0.0015725969424805236,0.0015725975906693106,58.99992704465116,0.0927832196063509,117.49999761280107,184.59217717378752,0.6365383377117799,117.98535964353914
119,186926,1571,down,119.0,59.5,0.01680672268907563,1.0,29.758403361344538,28.758403361344538,-0.9999980481973619,-0.0019757533921707024,-3.1396168989121946,-59.49988386774304,-0.11755732683415679,118.49999759248375,186.16317145916284,0.6365383478572623,118.98535964353914
120,188496,1570,up,120.0,60.0,0.016666666666666666,1.0,30.008333333333333,29.008333333333333,0.9999999282119277,0.00037891442211868245,0.0003789144311858614,59.999995692715665,0.02273486532712095,119.49996191155593,187.61416637292288,0.6369453022754393,119.98472310630171
121,190067,1571,down,121.0,60.5,0.01652892561983471,1.0,30.25826446280992,29.25826446280992,-0.9999996941820858,-0.0007820714383909071,-3.1408105820716785,-60.49998149801619,-0.04731532202264988,120.49999755184912,189.305661783263,0.6365366805025101,120.98472310630171
122,191638,1571,up,122.0,61.0,0.01639344262295082,1.0,30.508196721311474,29.508196721311474,0.9999992976166591,0.0011852283275461345,0.00118522860504109,60.999957154616204,0.0722989279803142,121.49999753153182,190.87615477939966,0.6365383757439603,121.98472310630171
123,193209,1571,down,123.0,61.5,0.016260162601626018,1.0,30.758130081300813,29.758130081300813,-0.999998738515712,-0.0015883850240607335,-3.1400042678978246,-61.49992241871629,-0.09768567897973511,122.49999751121453,192.44714953367955,0.6365383836967469,122.98472310630171
124,194780,1571,up,124.0,62.0,0.016129032258064516,1.0,31.008064516129032,30.008064516129032,0.9999980168793353,0.0019915414624047363,0.0019915427788947905,61.99987704651879,0.12347557066909365,123.49999749089723,194.01814427423028,0.6365383915657864,123.98472310630171
125,196350,1570,down,125.0,62.5,0.016,1.0,31.258,30.258,-0.9999999221049564,-0.0003947025222350459,-3.14119795105731,-62.49999513155977,-0.024668907639690367,124.49996031784248,195.46413964889499,0.6369452756985357,124.98408656906429
126,197921,1571,up,126.0,63.0,0.015873015873015872,1.0,31.50793650793651,30.50793650793651,0.9999996817100307,0.0007978595347601073,0.0007978596194103471,62.99997994773194,0.05026515068988676,125.49999745026268,197.16063539156937,0.6365367873815905,125.98408656906429
127,199492,1571,down,127.0,63.5,0.015748031496062992,1.0,31.757874015748033,30.757874015748033,-0.9999992787795222,-0.0012010164176049008,-3.140391636883456,-63.49995420249966,-0.0762645425179112,126.4999974299454,198.7311289111146,0.6365384130964423,126.98408656906429
128,201063,1571,up,128.0,64.0,0.015625,1.0,32.0078125,31.0078125,0.9999987133134965,0.0016041731052414954,0.0016041737932644773,63.99991765206378,0.1026670787354557,127.49999740962814,200.30212406145748,0.63653841918575,127.98408656906429
129,202633,1570,down,129.0,64.5,0.015503875968992248,1.0,32.257751937984494,31.257751937984494,-0.9999999999731095,-7.333546853354403e-06,-3.1415853200429398,-64.49999999826557,-0.00047301377204135895,128.49995904287326,201.74411976707742,0.6369452511985588,128.98345003182686
130,204204,1571,up,130.0,65.0,0.015384615384615385,1.0,32.50769230769231,31.50769230769231,0.9999999157487209,0.00041049062225386156,0.00041049063378198193,64.99999452366686,0.026681890446501003,129.4999973689936,203.4446157455821,0.6365368623514716,129.98345003182686
131,205775,1571,down,131.0,65.5,0.015267175572519083,1.0,32.75763358778626,31.75763358778626,-0.9999996689887115,-0.0008136476309336101,-3.140779005869084,-65.4999783187606,-0.05329391982615146,130.49999734867632,205.0151096437209,0.6365384364862748,130.98345003182686
132,207346,1571,up,132.0,66.0,0.015151515151515152,1.0,33.00757575757576,32.00757575757576,0.9999992596931213,0.0012168045073688342,0.0012168048076385055,65.999951139746,0.08030909748634306,131.4999973283591,206.58610507837832,0.6365384413364503,131.98345003182686
133,208917,1571,down,133.0,66.5,0.015037593984962405,1.0,33.25751879699248,32.25751879699248,-0.999998687862017,-0.001619961186028675,-3.1399726916952266,-66.49991274282412,-0.10772741887090688,132.49999730804186,208.15710051169665,0.6365384461175105,132.98345003182686
134,210487,1570,up,134.0,67.0,0.014925373134328358,1.0,33.507462686567166,32.507462686567166,0.9999999997326948,2.312164815094668e-05,2.3121648153006856e-05,66.99999998209056,0.0015491504261134275,133.4999574491634,209.59409659026855,0.6369452175465604,133.98281349458944
135,212058,1571,down,135.0,67.5,0.014814814814814815,1.0,33.757407407407406,32.757407407407406,-0.9999999091432213,-0.00042627872216825476,-3.141166374854715,-67.49999386716745,-0.028773813746357197,134.4999972674074,211.29959283138217,0.6365369448427611,134.98281349458944
136,213629,1571,up,136.0,68.0,0.014705882352941176,1.0,34.00735294117647,33.00735294117647,0.9999996560181285,0.000829435726901616,0.000829435822005247,67.99997660923273,0.05640162942930989,135.49999724709014,212.87008715918935,0.6365384589980461,135.98281349458944
137,215200,1571,down,137.0,68.5,0.014598540145985401,1.0,34.25729927007299,33.25729927007299,-0.9999992403574565,-0.0012325925968240553,-3.1403600606808593,-68.49994796448577,-0.08443259288244778,136.4999972267729,214.441082914091,0.636538462555038,136.98281349458944
138,216771,1571,up,138.0,69.0,0.014492753623188406,1.0,34.507246376811594,33.507246376811594,0.9999986621612738,0.001635749266404639,0.0016357499958612677,68.9999076891279,0.1128666993819201,137.4999972064557,216.01207867467036,0.636538466043561,137.98281349458944
139,218341,1570,down,139.0,69.5,0.014388489208633094,1.0,34.757194244604314,33.757194244604314,-0.9999999992430157,-3.8909749440662025e-05,-3.1415537438403427,-69.4999999473896,-0.0027042275861260106,138.4999558554552,217.44407508690279,0.6369451814224089,138.982176957352
140,219912,1571,up,140.0,70.0,0.014285714285714285,1.0,35.00714285714286,34.00714285714286,0.9999999022884576,0.0004420668219797317,0.000442066836378076,69.99999316019203,0.030944677538581218,139.49999716582127,219.1545715598074,0.6365370166496921,139.982176957352
141,221483,1571,down,141.0,70.5,0.014184397163120567,1.0,35.25709219858156,34.25709219858156,-0.999999642798281,-0.0008452238226673046,-3.1407474296664875,-70.49997481727881,-0.059588279498044974,140.49999714550404,220.72506627499888,0.6365384752924105,140.982176957352
142,223054,1571,up,142.0,71.0,0.014084507042253521,1.0,35.50704225352113,34.50704225352113,0.9999992207725278,0.0012483806859760079,0.0012483810102336178,70.99994467484947,0.08863502870429656,141.49999712518684,222.2960623162059,0.6365384777887321,141.982176957352
143,224625,1571,down,143.0,71.5,0.013986013986013986,1.0,35.75699300699301,34.75699300699301,-0.9999986362112667,-0.0016515373463781018,-3.139941115492632,-71.49990248910557,-0.11808492026603427,142.49999710486964,223.86705837008722,0.6365384802139799,142.982176957352
144,226195,1570,up,144.0,72.0,0.013888888888888888,1.0,36.00694444444444,35.00694444444444,0.9999999985040725,5.46978507229055e-05,5.469785075018018e-05,71.99999989229322,0.003938245252049196,143.49995426174848,225.2940550820527,0.636945143579068,143.98154042011458
145,227766,1571,down,145.0,72.5,0.013793103448275862,1.0,36.25689655172414,35.25689655172414,-0.9999998951844298,-0.0004578549216805665,-3.141134798652116,-72.49999240087116,-0.03319448182184107,144.4999970642352,227.00955176033972,0.636537079359497,144.98154042011458
146,229337,1571,up,146.0,73.0,0.0136986301369863,1.0,36.50684931506849,35.50684931506849,0.9999996293291696,0.000861011918220202,0.0008610120246042187,72.99997294102938,0.06285387003007474,145.49999704391803,228.58004682616289,0.6365384864697838,145.98154042011458
147,230908,1571,down,147.0,73.5,0.013605442176870748,1.0,36.756802721088434,35.756802721088434,-0.9999992009383353,-0.0012641687748154108,-3.1403284844782613,-73.49994126896765,-0.09291640494893269,146.49999702360086,230.15104312433766,0.6365384880939042,146.98154042011458
148,232479,1571,up,148.0,74.0,0.013513513513513514,1.0,37.00675675675676,36.00675675675676,0.999998610011996,0.0016673254259386547,0.0016673261984598644,73.9998971408877,0.12338208151946045,147.49999700328362,231.72203944210358,0.6365384896421858,147.98154042011458
149,234049,1570,down,149.0,74.5,0.013422818791946308,1.0,37.256711409395976,36.256711409395976,-0.9999999975158652,-7.048595198940594e-05,-3.1415221676377456,-74.49999981493195,-0.005251203423210743,148.49995266804314,233.14403642435008,0.6369451046037284,148.98090388287716
150,235620,1571,up,150.0,75.0,0.013333333333333334,1.0,37.50666666666667,36.50666666666667,0.9999998878311379,0.0004736430212661317,0.0004736430389754654,74.99999158733534,0.03552322659495988,149.49999696264928,234.86453328527222,0.6365371342852474,149.98090388287716
151,237191,1571,down,151.0,75.5,0.013245033112582781,1.0,37.75662251655629,36.75662251655629,-0.9999996156107943,-0.000876800013559324,-3.14071585346389,-75.49997097861497,-0.06619840102372895,150.4999969423321,236.43502866962152,0.6365384934253153,150.98090388287716
152,238762,1571,up,152.0,76.0,0.013157894736842105,1.0,38.00657894736842,37.00657894736842,0.9999991808548785,0.0012799568633404693,0.001279957212830724,75.99993774497077,0.09727672161387567,151.49999692201493,238.0060251992747,0.6365384943308428,151.98090388287716
153,240333,1571,down,153.0,76.5,0.013071895424836602,1.0,38.25653594771242,37.25653594771242,-0.9999985835634613,-0.001683113505082012,-3.1399095392900365,-76.4998916426048,-0.1287581831387739,152.49999690169776,239.57702175531327,0.6365384951543904,152.98090388287716
154,241903,1570,up,154.0,77.0,0.012987012987012988,1.0,38.506493506493506,37.506493506493506,0.9999999962783938,8.627405324042946e-05,8.627405334745549e-05,76.99999971343632,0.0066431020995130685,153.49995107433904,240.99401898215,0.6369450649549461,153.98026734563973
155,243474,1571,down,155.0,77.5,0.012903225806451613,1.0,38.75645161290323,37.75645161290323,-0.9999998802285819,-0.0004894311207342119,-3.141103222449519,-77.4999907177151,-0.03793091185690142,154.4999968610634,242.71951600602182,0.6365371825198856,154.98026734563973
156,245045,1571,up,156.0,78.0,0.01282051282051282,1.0,39.006410256410255,38.006410256410255,0.9999996016431547,0.0008925881086795859,0.0008925882272024659,77.99996892816607,0.0696218724770077,155.49999684074623,244.29001168071494,0.6365384968910782,155.98026734563973
157,246616,1571,down,157.0,78.5,0.012738853503184714,1.0,39.25636942675159,38.25636942675159,-0.999999160522158,-0.0012957449515476954,-3.1402969082756624,-78.4999341009894,-0.10171597869649408,156.49999682042906,245.86100841959592,0.6365384972038352,156.98026734563973
158,248187,1571,up,158.0,79.0,0.012658227848101266,1.0,39.50632911392405,38.50632911392405,0.999998556865663,0.0016989015838118082,0.001698902401060017,78.99988599238738,0.13421322512113285,157.49999680011194,247.43200519150685,0.6365384974276487,157.98026734563973
159,249757,1570,down,159.0,79.5,0.012578616352201259,1.0,39.7562893081761,38.7562893081761,-0.9999999947916582,-0.00010206215447046871,-3.1414905914351454,-79.49999958593683,-0.008113941280402262,158.499949480636,248.84400264041835,0.6369450249908966,158.9796308084023
160,251328,1571,up,160.0,80.0,0.0125,1.0,40.00625,39.00625,0.9999998723767617,0.0005052192200847575,0.0005052192415773295,79.99998979014093,0.0404175376067806,159.4999967594776,250.5744998101261,0.6365372249783573,159.9796308084023
161,252899,1571,down,161.0,80.5,0.012422360248447204,0.9999999999999999,40.256211180124225,39.256211180124225,-0.9999995874262513,-0.0009083762035809721,-3.1406842772612884,-80.49996678781322,-0.07312428438826825,160.49999673916042,252.1449957503157,0.6365384974687108,160.9796308084023
162,254470,1571,up,162.0,81.0,0.012345679012345678,1.0,40.50617283950617,39.50617283950617,0.9999991399401734,0.0013115330394340913,0.0013115334154331802,80.99993033515405,0.1062341761941614,161.4999967188433,253.71599267891807,0.6365384972922236,161.9796308084023
163,256041,1571,down,163.0,81.5,0.012269938650306749,1.0,40.75613496932515,39.75613496932515,-0.9999985299186008,-0.0017146896621147315,-3.1398779630874336,-81.49988018836596,-0.13974720746235061,162.49999669852616,255.28698964702266,0.6365384970194127,162.9796308084023
164,257611,1570,up,164.0,82.0,0.012195121951219513,1.0,41.00609756097561,40.00609756097561,0.9999999930556586,0.00011785025567497328,0.00011785025594777075,81.999999430564,0.00966372096534781,163.499947886934,256.6939872981934,0.6369449849910244,163.97899427116485
165,259182,1571,down,165.0,82.5,0.012121212121212121,1.0,41.25606060606061,40.25606060606061,-0.9999998642756774,-0.0005210073193032373,-3.141071646246919,-82.49998880274339,-0.04298310384251707,164.49999665789187,258.4294845987969,0.6365372624306882,164.97899427116485
166,260753,1571,up,166.0,83.0,0.012048192771084338,1.0,41.506024096385545,40.506024096385545,0.9999995729600838,0.0009241642982498679,0.0009241644298015718,82.99996455568696,0.07670563675473904,165.49999663757472,259.9999807824879,0.6365384956548499,165.97899427116485
167,262324,1571,down,167.0,83.5,0.011976047904191617,1.0,41.7559880239521,40.7559880239521,-0.9999991191089249,-0.0013273211269879824,-3.140265332073063,-83.49992644559524,-0.11083131410349653,166.4999966172576,261.5709778836359,0.6365384950746632,166.97899427116485
168,263895,1571,up,168.0,84.0,0.011904761904761904,1.0,42.00595238095238,41.00595238095238,0.9999985027222748,0.0017304777399864742,0.001730478603655583,83.99987422867108,0.14536013015886384,167.49999659694043,263.1419750305763,0.6365384943906325,167.97899427116485
169,265465,1570,down,169.0,84.5,0.011834319526627219,1.0,42.255917159763314,41.255917159763314,-0.9999999910703948,-0.00013363835684758221,-3.141459015232548,-84.49999924544836,-0.011292441153620696,168.49994629323288,264.54397286649686,0.6369449451727521,168.97835773392742
170,267036,1571,up,170.0,85.0,0.011764705882352941,1.0,42.50588235294118,41.50588235294118,0.999999855925329,0.000536795418392905,0.0005367954441724476,84.99998775365297,0.045627610563396925,169.4999965563062,266.2844702849039,0.6365372955281781,169.97835773392742
171,268607,1571,down,171.0,85.5,0.011695906432748537,1.0,42.755847953216374,41.755847953216374,-0.9999995582446521,-0.0009399523926906336,-3.140652701058693,-85.49996222991776,-0.08036592957504916,170.49999653598906,267.85496669254456,0.6365384918611432,170.97835773392742
172,270178,1571,up,172.0,86.0,0.011627906976744186,1.0,43.00581395348837,42.00581395348837,0.9999990980284126,0.0013431092142105773,0.001343109618026173,85.99992243044348,0.11550739242210965,171.4999965156719,269.4259639510609,0.636538490948198,171.97835773392742
173,271749,1571,down,173.0,86.5,0.011560693641618497,1.0,43.255780346820806,42.255780346820806,-0.999998475276685,-0.0017462658174302573,-3.1398463868848383,-86.49986811143324,-0.15105199320771726,172.4999964953548,270.99696126146875,0.6365384899239511,172.97835773392742
174,273319,1570,up,174.0,87.0,0.011494252873563218,1.0,43.50574712643678,42.50574712643678,0.9999999888358667,0.0001494264579880811,0.00014942645854415341,86.99999902872041,0.013000101844963056,173.49994469953256,272.3939592666084,0.6369449057044532,173.97772119669
175,274890,1571,down,175.0,87.5,0.011428571428571429,1.0,43.755714285714284,42.755714285714284,-0.9999998473257166,-0.0005525835173501885,-3.1410400700443213,-87.4999866410002,-0.04835105776814149,174.49999645472056,274.13945679130234,0.6365373248242934,174.97772119669
176,276461,1571,up,176.0,88.0,0.011363636363636364,1.0,44.00568181818182,43.00568181818182,0.9999995432799567,0.0009557404868977859,0.000955740632399758,87.99995980863619,0.08410516284700516,175.49999643440347,275.70995340545323,0.6365384864300379,175.97772119669
177,278032,1571,down,177.0,88.5,0.011299435028248588,1.0,44.255649717514125,43.255649717514125,-0.9999990766986363,-0.001358897301102311,-3.140233755870467,-88.49991828782932,-0.12026241114755452,176.49999641408633,277.2809508078741,0.6365384852433728,176.97772119669
178,279603,1571,up,178.0,89.0,0.011235955056179775,1.0,44.50561797752809,43.50561797752809,0.9999984475818315,0.0017620538944386058,0.0017620548062539986,88.999861834783,0.15682279660503592,177.49999639376918,278.8519482680923,0.6365384839381438,177.97772119669
179,281173,1570,down,179.0,89.5,0.0111731843575419,1.0,44.75558659217877,43.75558659217877,-0.9999999863520748,-0.00016521455909045862,-3.1414274390299513,-89.49999877851069,-0.014786703038596046,178.49994310583307,280.2439464286274,0.6369448667155901,178.97708465945257
180,282744,1571,up,180.0,90.0,0.011111111111111112,1.0,45.00555555555555,44.00555555555555,0.99999983847684,0.000568371616168932,0.0005683716467706604,89.9999854629156,0.05115344545520388,179.49999635313497,281.9944440494432,0.6365373507914309,179.97708465945257
181,284315,1571,down,181.0,90.5,0.011049723756906077,1.0,45.255524861878456,44.255524861878456,-0.999999528065997,-0.0009715285808672053,-3.1406211248560933,-90.49995728997273,-0.08792333656848207,180.49999633281786,283.5649408544945,0.6365384796473753,180.97708465945257
182,285886,1571,up,182.0,91.0,0.01098901098901099,1.0,45.505494505494504,44.505494505494504,0.999999055119596,0.0013746853876564558,0.0013746858206277145,90.99991401588323,0.12509637027673748,181.4999963125007,285.1359383888369,0.6365384782362687,181.97708465945257
183,287457,1571,down,183.0,91.5,0.01092896174863388,1.0,45.755464480874316,44.755464480874316,-0.9999984196377142,-0.0017778419710096484,-3.139814810682238,-91.49985539685085,-0.16267254034738282,182.49999629218362,286.7069359866897,0.6365384766996225,182.97708465945257
184,289027,1570,up,184.0,92.0,0.010869565217391304,1.0,46.005434782608695,45.005434782608695,0.9999999836190184,0.000181002660155843,0.00018100266114417674,91.9999984929497,0.016652244734337556,183.49994151213426,288.0939342902705,0.6369448283046736,183.97644812221515
185,290598,1571,down,185.0,92.5,0.010810810810810811,1.0,46.255405405405405,45.255405405405405,-0.9999998293786994,-0.0005841597148504337,-3.1410084938417193,-92.49998421752969,-0.05403477362366512,184.49999625154945,289.84943199820776,0.6365373738344613,184.97644812221515
186,292169,1571,up,186.0,93.0,0.010752688172043012,1.0,46.505376344086024,45.505376344086024,0.9999995126027732,0.0009873166745977182,0.0009873168350028859,92.99995467205791,0.0918204507375878,185.49999623123233,291.41992898014155,0.6365384717524689,185.97644812221515
187,293740,1571,down,187.0,93.5,0.0106951871657754,0.9999999999999999,46.75534759358289,45.75534759358289,-0.9999990332912919,-0.001390473473869921,-3.1402021796678623,-93.49990961273579,-0.13000926980683764,186.4999962109152,292.99092663570474,0.6365384701581669,186.97644812221515
188,295311,1571,up,188.0,94.0,0.010638297872340425,1.0,47.005319148936174,46.005319148936174,0.9999983914443332,0.0017936300471413475,0.001793631008859892,93.99984879576732,0.16860122443128667,187.4999961905981,294.56192436029914,0.6365384684316967,187.97644812221515
189,296881,1570,down,189.0,94.5,0.010582010582010581,1.0,47.25529100529101,46.25529100529101,-0.999999980636698,-0.0001967907611779355,-3.1413958628273453,-94.49999817016797,-0.018596726931314905,188.4999399184361,295.9439227958647,0.6369447905455353,188.97581158497772
190,298452,1571,up,190.0,95.0,0.010526315789473684,1.0,47.50526315789474,46.50526315789474,0.9999998200312945,0.0005999478133864139,0.0005999478493770269,94.99998290297297,0.05699504227170932,189.49999614996392,297.7044205829289,0.6365373943017302,189.97581158497772
191,300023,1571,down,191.0,95.5,0.010471204188481676,1.0,47.75523560209424,46.75523560209424,-0.9999994968902856,-0.0010031047680836057,-3.1405895486534856,-95.49995195302228,-0.09579650535198435,190.49999612964686,299.27491772911884,0.6365384629462103,190.97581158497772
192,301594,1571,up,192.0,96.0,0.010416666666666666,1.0,48.005208333333336,47.005208333333336,0.9999990112137238,0.0014062615597371013,0.0014062620232346617,95.99990507651748,0.13500110973476173,191.49999610932971,300.84591549631887,0.6365384612033163,191.97581158497772
193,303165,1571,down,193.0,96.5,0.010362694300518135,1.0,48.255181347150256,47.255181347150256,-0.9999983630016887,-0.0018094181228222354,-3.139783234479632,-96.49984202966296,-0.1746088488523457,192.49999608901265,302.4169133378822,0.6365384593220077,192.97581158497772
194,304735,1570,up,194.0,97.0,0.010309278350515464,1.0,48.50515463917526,47.50515463917526,0.9999999774051135,0.00021257886214851919,0.00021257886374958428,96.999997808296,0.020620149628406362,193.49993832473854,303.7939118954908,0.636944753492312,193.9751750477403
195,306306,1571,down,195.0,97.5,0.010256410256410256,1.0,48.75512820512821,47.75512820512821,-0.9999998104346256,-0.0006157359117694751,-3.1409769176391165,-97.499981517376,-0.06003425139752382,194.49999604837848,305.5594097545608,0.6365374124940538,194.9751750477403
196,307877,1571,up,196.0,98.0,0.01020408163265306,0.9999999999999999,49.005102040816325,48.005102040816325,0.9999994809285339,0.0010188928613116604,0.0010188930376044342,97.99994913099631,0.09985150040854272,195.49999602806136,307.1299070535995,0.6365384533976473,195.9751750477403
197,309448,1571,down,197.0,98.5,0.01015228426395939,0.9999999999999999,49.255076142131976,48.255076142131976,-0.9999989888868922,-0.0014220496452497823,-3.140170603465259,-98.49990040535889,-0.14007189005710355,196.4999960077443,308.70090492382684,0.6365384515352537,196.9751750477403
198,311019,1571,up,198.0,99.0,0.010101010101010102,1.0,49.505050505050505,48.505050505050505,0.99999833430978,0.0018252061980529157,0.001825207211462962,98.99983509666822,0.18069541360723865,197.4999959874272,310.2719028735666,0.636538449528596,197.9751750477403
199,312589,1570,down,199.0,99.5,0.010050251256281407,1.0,49.755025125628144,48.755025125628144,-0.9999999739242649,-0.00022836696306278474,-3.1413642866247455,-99.49999740546436,-0.022722512824747083,198.4999367310415,311.6439015442597,0.6369447171834053,198.97453851050287
200,314160,1571,up,200.0,100.0,0.01,1.0,50.005,49.005,0.9999998005886925,0.0006315240099978026,0.000631524051975482,99.99998005886926,0.06315240099978026,199.49999594679304,313.41439946897344,0.6365374286721073,199.97453851050287
201,315731,1571,down,201.0,100.5,0.009950248756218905,1.0,50.254975124378106,49.254975124378106,-0.9999994647175182,-0.001034680954288377,-3.1405579724508894,-100.49994620411059,-0.10398543590598187,200.49999592647598,314.9848969105281,0.6365384432493227,200.97453851050287
202,317302,1571,up,202.0,101.0,0.009900990099009901,1.0,50.504950495049506,49.504950495049506,0.9999989663107963,0.0014378377304028887,0.001437838225828873,100.99989559739043,0.14522161077069176,201.4999959061589,316.5558948760283,0.6365384412919294,201.97453851050287
203,318873,1571,down,203.0,101.5,0.009852216748768473,1.0,50.754926108374384,49.754926108374384,-0.9999983053686079,-0.0018409942728226413,-3.139751658277034,-101.4998279949137,-0.1868609186914981,202.4999958858418,318.12689292601164,0.6365384391848263,202.97453851050287
204,320443,1570,up,204.0,102.0,0.00980392156862745,1.0,51.004901960784316,50.004901960784316,0.9999999701941519,0.00024415506392165976,0.00024415506634740936,101.9999969598035,0.024903816520009295,203.499935137345,319.4938917016928,0.63694468164465,203.97390197326544
205,322014,1571,down,205.0,102.5,0.00975609756097561,1.0,51.25487804878049,50.25487804878049,-0.9999997904934954,-0.0006473121080697867,-3.140945341436518,-102.49997852558327,-0.06634949107715313,204.49999584520762,321.26938968635494,0.6365374430625166,204.97390197326544
206,323585,1571,up,206.0,103.0,0.009708737864077669,0.9999999999999999,51.50485436893204,50.50485436893204,0.9999994482572384,0.0010504690470043703,0.001050469240200644,102.99994317049556,0.10819831184145014,205.49999582489056,322.8398872610395,0.6365384326216447,205.97390197326544
207,325156,1571,down,207.0,103.5,0.00966183574879227,1.0,51.75483091787439,50.75483091787439,-0.9999989434854366,-0.0014536258152017566,-3.1401390272626655,-103.49989065074269,-0.1504502718733818,206.49999580457347,324.4108853148097,0.6365384305899138,206.97390197326544
208,326727,1571,up,208.0,104.0,0.009615384615384616,1.0,52.00480769230769,51.00480769230769,0.999998276178172,0.0018567823471327225,0.0018567834140541045,103.99982072252989,0.19310536410180315,207.49999578425644,325.9818834578598,0.6365384284034309,207.97390197326544
209,328297,1570,down,209.0,104.5,0.009569377990430622,1.0,52.254784688995215,51.254784688995215,-0.999999966214775,-0.00025994316471405435,-3.1413327104221516,-104.499996469444,-0.02716406071261868,208.49993354364895,327.34388233119483,0.6369446468918463,208.97326543602802
210,329868,1571,up,210.0,105.0,0.009523809523809525,1.0,52.50476190476191,51.50476190476191,0.9999997801490341,0.0006631002059751455,0.0006631002545695567,104.99997691564859,0.06962552162739027,209.49999574362226,329.12438037069063,0.6365374558629288,209.97326543602802
211,331439,1571,down,211.0,105.5,0.009478672985781991,1.0,52.75473933649289,51.75473933649289,-0.9999994315476948,-0.0010662571394591256,-3.1405263962482954,-105.4999400282818,-0.11249012821293775,210.49999572330518,330.6948780699613,0.636538421616473,210.97326543602802
212,333010,1571,up,212.0,106.0,0.009433962264150943,1.0,53.00471698113208,52.00471698113208,0.9999989204108131,0.0014694138996392098,0.0014694144284272239,105.99988556354619,0.15575787336175625,211.49999570298814,332.2658762056613,0.6365384195278507,211.97326543602802
213,334581,1571,down,213.0,106.5,0.009389671361502348,1.0,53.25469483568075,52.25469483568075,-0.9999982467384723,-0.0018725704209848215,-3.1397200820744393,-106.49981327764729,-0.19942874983488348,212.49999568267108,333.8368744352721,0.636538417279823,212.97326543602802
214,336151,1570,up,214.0,107.0,0.009345794392523364,0.9999999999999999,53.504672897196265,52.504672897196265,0.9999999619861338,0.00027573126544838276,0.0002757312689422533,106.99999593251631,0.029503245402976955,213.49993194995335,335.1938733996014,0.6369446129327949,213.9726288987906
215,337722,1571,down,215.0,107.5,0.009302325581395349,1.0,53.7546511627907,52.7546511627907,-0.999999769555309,-0.0006788883037230372,-3.1409137652339214,-107.49997522719572,-0.07298049265022649,214.49999564203694,336.9793714893278,0.6365374672462115,214.9726288987906
216,339293,1571,up,216.0,108.0,0.009259259259259259,1.0,54.004629629629626,53.004629629629626,0.9999994145888871,0.0010820452316506305,0.001082045442797781,107.9999367755998,0.11686088501826809,215.49999562171988,338.54986930538655,0.6365384103200749,215.9726288987906
217,340864,1571,down,217.0,108.5,0.009216589861751152,1.0,54.254608294930875,53.254608294930875,-0.9999988970869256,-0.0014852019837095,-3.140107451060067,-108.49988033393143,-0.16114441523248074,216.49999560140284,340.12086751726133,0.6365384081893045,216.9726288987906
218,342435,1571,up,218.0,109.0,0.009174311926605505,1.0,54.5045871559633,53.5045871559633,0.9999982170495089,0.0018883584943712095,0.001888359616655245,108.99980565839647,0.20583107588646182,217.49999558108576,341.6918658275177,0.636538405894852,217.9726288987906
219,344005,1570,down,219.0,109.5,0.0091324200913242,1.0,54.75456621004566,53.75456621004566,-0.9999999575082287,-0.00029151936611231897,-3.141301134219552,-109.49999534715104,-0.03192137058929893,218.49993035625815,343.04386487677874,0.6369445797689554,218.97199236155316
220,345576,1571,up,220.0,110.0,0.00909090909090909,1.0,55.00454545454546,54.00454545454546,0.9999997587123196,0.0006946764012984618,0.000694676457170753,109.99997345835516,0.0764144041428308,219.4999955404516,344.83436301258695,0.6365374773639932,219.97199236155316
221,347147,1571,down,221.0,110.5,0.00904977375565611,1.0,55.25452488687783,54.25452488687783,-0.9999993973808152,-0.0010978333235751431,-3.140494820045693,-110.49993341058008,-0.12131058225505331,220.49999552013455,346.40486093829907,0.6365383988055802,220.97199236155316
222,348718,1571,up,222.0,111.0,0.009009009009009009,1.0,55.5045045045045,54.5045045045045,0.9999988735137743,0.0015009900674130645,0.0015009906310281971,110.99987496002895,0.16660989748285016,221.49999549981752,347.9758592211178,0.6365383966451177,221.97199236155316
223,350289,1571,down,223.0,111.5,0.008968609865470852,1.0,55.75448430493274,54.75448430493274,-0.999998187111282,-0.00190414656728449,-3.139688505871839,-111.49979786290794,-0.21231234225222065,222.49999547950046,349.54685760663165,0.6365383943170633,222.97199236155316
224,351859,1570,up,224.0,112.0,0.008928571428571428,1.0,56.004464285714285,55.004464285714285,0.9999999527810594,0.0003073074667044819,0.000307307471541393,111.99999471147865,0.03441843627090197,223.49992876256337,350.8938567352943,0.6369445473967537,223.97135582431574
225,353430,1571,down,225.0,112.5,0.008888888888888889,1.0,56.254444444444445,55.254444444444445,-0.9999997476200662,-0.0007104644986986586,-3.1408821890313257,-112.49997160725744,-0.07992725610359909,224.49999543886634,352.68935491343245,0.6365374863496229,224.97135582431574
226,355001,1571,up,226.0,113.0,0.008849557522123894,1.0,56.50442477876106,55.50442477876106,0.9999993799234794,0.0011136214152168466,0.0011136216453937345,112.99992993135318,0.12583921991950367,225.49999541854928,354.25985294225944,0.6365383871350033,225.97135582431574
227,356572,1571,down,227.0,113.5,0.00881057268722467,1.0,56.75440528634361,55.75440528634361,-0.9999988496913592,-0.001516778150732971,-3.140075874857472,-113.49986943996927,-0.1721543201081922,226.49999539823224,355.8308512912507,0.6365383849553843,226.97135582431574
228,358143,1571,up,228.0,114.0,0.008771929824561403,1.0,57.00438596491228,56.00438596491228,0.9999981569237912,0.0019199346397180991,0.0019199358192475875,113.9997898893122,0.2188725489278633,227.4999953779152,357.4018497471053,0.6365383826046015,227.97135582431574
229,359713,1570,down,229.0,114.5,0.008733624454148471,1.0,57.254366812227076,56.254366812227076,-0.9999999478046258,-0.0003230955672141435,-3.141269558016958,-114.49999402362965,-0.03699444244601943,228.49992716886888,358.7438489501129,0.6369445158086715,228.97071928707828
230,361284,1571,up,230.0,115.0,0.008695652173913044,1.0,57.504347826086956,56.504347826086956,0.9999997362785488,0.0007262525959216882,0.0007262526597644911,114.9999696720331,0.08351904853099415,229.49999533728106,360.54434716718526,0.6365374943206678,229.97071928707828
231,362855,1571,down,231.0,115.5,0.008658008658008658,1.0,57.754329004329,56.754329004329,-0.9999993622168798,-0.0011294095065864978,-3.1404632438431004,-115.49992633604961,-0.1304467980107405,230.499995316964,362.11484529312173,0.6365383753609459,230.97071928707828
232,364426,1571,up,232.0,116.0,0.008620689655172414,1.0,58.00431034482759,57.00431034482759,0.9999988256196801,0.001532566233681084,0.001532566833619907,115.9998637718829,0.17777768310700576,231.49999529664697,363.6858437039289,0.6365383731710701,231.97071928707828
233,365997,1571,down,233.0,116.5,0.008583690987124463,1.0,58.25429184549356,57.25429184549356,-0.9999981264870368,-0.0019357227116799766,-3.139656929669245,-116.49978173573979,-0.2255116959107173,232.49999527632994,365.25684222562603,0.6365383708067823,232.97071928707828
234,367567,1570,up,234.0,117.0,0.008547008547008548,1.0,58.504273504273506,57.504273504273506,0.9999999425789281,0.00033888366764920133,0.00033888367413555597,116.99999328173459,0.03964938911495656,233.49992557517479,366.59384149834705,0.6369444849941038,233.97008274984086
235,369138,1571,down,235.0,117.5,0.00851063829787234,1.0,58.75425531914894,57.75425531914894,-0.9999997246877672,-0.0007420406929652137,-3.1408506128287303,-117.49996765081265,-0.0871897814234126,234.49999523569585,368.3993397512719,0.6365375013810302,234.97008274984086
236,370709,1571,up,236.0,118.0,0.00847457627118644,1.0,59.00423728813559,58.00423728813559,0.9999993442610161,0.0011451975976738164,0.0011451978479907852,117.9999226227999,0.13513331652551033,235.4999952153788,369.9698379687896,0.6365383635280166,235.97008274984086
237,372280,1571,down,237.0,118.5,0.008438818565400843,0.9999999999999999,59.2542194092827,58.2542194092827,-0.9999988012987373,-0.001548354316246974,-3.1400442986548747,-118.49985795390037,-0.18347998647526642,236.49999519506176,371.54083643742666,0.6365383613353954,236.97008274984086
238,373851,1571,up,238.0,119.0,0.008403361344537815,1.0,59.50420168067227,58.50420168067227,0.9999980958010187,0.0019515107831580565,0.0019515120218472817,118.99977340032123,0.23222978319580873,237.49999517474473,373.11183502084106,0.6365383589654254,237.97008274984086
239,375421,1570,down,239.0,119.5,0.008368200836820083,0.9999999999999999,59.75418410041841,58.75418410041841,-0.9999999371039666,-0.00035467176799853394,-3.141237981814359,-119.49999248392402,-0.042383276275824805,238.49992398148103,374.4438343590262,0.6369444549400733,238.96944621260343
240,376992,1571,up,240.0,120.0,0.008333333333333333,1.0,60.00416666666667,59.00416666666667,0.9999997128477215,0.0007578287898244328,0.0007578288623618624,119.99996554172658,0.09093945477893194,239.4999951341106,376.254332645002,0.6365375076227497,239.96944621260343
241,378563,1571,down,241.0,120.5,0.008298755186721992,1.0,60.254149377593365,59.254149377593365,-0.9999993260558885,-0.0011609856884791474,-3.140431667640501,-120.49991878973456,-0.13989877546173726,240.49999511379357,377.8248309490046,0.6365383516740172,240.96944621260343
242,380134,1571,up,242.0,121.0,0.008264462809917356,1.0,60.50413223140496,59.50413223140496,0.9999987767285305,0.0015641423984303119,0.0015641430362208807,120.9998519841522,0.18926123021006774,241.49999509347654,379.3958294718157,0.6365383494849853,241.96944621260343
243,381705,1571,down,243.0,121.5,0.00823045267489712,1.0,60.75411522633745,59.75411522633745,-0.9999980648657367,-0.001967298854152769,-3.1396253534666436,-121.499764881187,-0.23902681077956145,242.49999507315945,380.966828113163,0.6365383471159511,242.96944621260343
244,383275,1570,up,244.0,122.0,0.00819672131147541,1.0,61.00409836065574,60.00409836065574,0.9999999313797405,0.00037045986826269553,0.0003704598767363799,121.99999162832835,0.045196103928048854,243.49992238778745,382.2938275129032,0.6369444256317971,243.968809675366
245,384846,1571,down,245.0,122.5,0.00816326530612245,1.0,61.25408163265306,60.25408163265306,-0.9999997007584117,-0.0007736168864987098,-3.1408190366261284,-122.49996334290543,-0.09476806859609195,244.49999503252536,384.1093258293799,0.6365375131275294,244.968809675366
246,386417,1571,up,246.0,123.0,0.008130081300813009,1.0,61.50406504065041,60.50406504065041,0.9999993076014969,0.0011767737789948449,0.001176774050593721,122.99991483498412,0.14474317481636592,245.4999950122084,385.67982421515916,0.6365383398309458,245.968809675366
247,387988,1571,down,247.0,123.5,0.008097165991902834,1.0,61.75404858299595,60.75404858299595,-0.9999987519090601,-0.0015799304802232871,-3.1400127224522705,-123.49984586076891,-0.19512141430757596,246.49999499189133,387.2508227887878,0.6365383376508305,246.968809675366
248,389559,1571,up,248.0,124.0,0.008064516129032258,1.0,62.00403225806452,61.00403225806452,0.9999980336811913,0.001983086924654823,0.001983088224449552,123.99975617646773,0.24590277865719806,247.49999497157427,388.82182148458486,0.636538335288331,247.968809675366
249,391129,1570,down,249.0,124.5,0.008032128514056224,0.9999999999999999,62.25401606425703,61.25401606425703,-0.9999999254062506,-0.00038624796843337184,-3.141206405611756,-124.4999907130782,-0.048087872069954796,248.4999207940942,390.14382094228046,0.6369443970531532,248.96817313812858
250,392700,1571,up,250.0,125.0,0.008,1.0,62.504,61.504,0.999999688419838,0.0007894049829780561,0.0007894050649657104,124.99996105247975,0.09867562287225701,249.49999493094023,391.9643192869313,0.6365375179680518,249.96817313812858
251,394271,1571,down,251.0,125.5,0.00796812749003984,1.0,62.75398406374502,61.75398406374502,-0.9999992888978413,-0.0011925618692133402,-3.140400091437902,-125.49991075667909,-0.1496665145862742,250.4999949106232,393.53481775013057,0.6365383280258436,250.96817313812858
252,395842,1571,up,252.0,126.0,0.007936507936507936,1.0,63.00396825396825,62.00396825396825,0.9999987268403255,0.0015957185616167966,0.0015957192388186495,125.99983958188102,0.20106053876371638,251.49999489030614,395.1058163714871,0.6365383258591171,251.96817313812858
253,397413,1571,down,253.0,126.5,0.007905138339920948,0.9999999999999999,63.25395256916996,62.25395256916996,-0.9999980022473822,-0.001998874994659828,-3.1395937772640465,-126.49974728429385,-0.25285768682446824,252.49999486998908,396.6768151185254,0.6365383235078741,252.96817313812858
254,398983,1570,up,254.0,127.0,0.007874015748031496,1.0,63.503937007874015,62.503937007874015,0.9999999191834965,0.0004020360685036083,0.0004020360793339918,126.99998973630406,0.05105858069995826,253.49991920040125,397.99381463085456,0.6369443691870598,253.96753660089115
255,400554,1571,down,255.0,127.5,0.00784313725490196,1.0,63.753921568627455,62.753921568627455,-0.999999675832,-0.0008051930792566533,-3.140787460423531,-127.49995866858,-0.10266211760522329,254.49999482935505,399.81931300155486,0.6365375222091018,254.96753660089115
256,402125,1571,up,256.0,128.0,0.0078125,1.0,64.00390625,63.00390625,0.9999992699449215,0.0012083499591362785,0.0012083502531903725,127.99990655294995,0.15466879476944365,255.49999480903796,401.38981153813904,0.6365383162815058,255.96753660089115
257,403696,1571,down,257.0,128.5,0.007782101167315175,1.0,64.25389105058366,63.25389105058366,-0.9999987015223274,-0.0016115066426158106,-3.139981146249675,-128.49983314561908,-0.20707860357613167,256.499994788721,402.9608102043754,0.6365383141319083,256.96753660089115
258,405266,1570,up,258.0,129.0,0.007751937984496124,1.0,64.50387596899225,63.50387596899225,0.9999999998924383,1.466709370435392e-05,1.4667093704879792e-05,128.99999998612455,0.0018920550878616556,257.4999179254471,404.2738097581902,0.6369443473953122,257.9669000636537
259,406837,1571,down,259.0,129.5,0.007722007722007722,1.0,64.753861003861,63.753861003861005,-0.9999999127114783,-0.00041782416847764955,-3.1411748294091586,-129.49998869613643,-0.05410822981785562,258.4999947480869,406.1033081483218,0.6365375252094093,258.9669000636537
260,408408,1571,up,260.0,130.0,0.007692307692307693,1.0,65.00384615384615,64.00384615384615,0.9999996629948981,0.0008209811753372001,0.0008209812675621607,129.99995618933676,0.10672755279383601,259.49999472776983,407.6738067409012,0.6365383069427762,259.9669000636537
261,409979,1571,down,261.0,130.5,0.007662835249042145,1.0,65.25383141762453,64.25383141762453,-0.9999992507427381,-0.001224138048758184,-3.1403685152353034,-130.49990222192733,-0.159750015362943,260.49999470745286,409.2448054411409,0.6365383048091466,260.9669000636537
262,411550,1571,up,262.0,131.0,0.007633587786259542,1.0,65.50381679389314,64.50381679389314,0.9999986759550654,0.0016272947232135063,0.001627295441417665,130.99982655011357,0.21317560874096933,261.4999946871358,410.81580427310064,0.6365383024877417,261.9669000636537
263,413120,1570,down,263.0,131.5,0.0076045627376425855,1.0,65.75380228136882,64.75380228136882,-0.9999999995362405,-3.045519500205462e-05,-3.1415621983947863,-131.49999993901562,-0.004004858142770183,262.49991633175455,412.12380387618964,0.6369443207668122,262.9662635264163
264,414691,1571,up,264.0,132.0,0.007575757575757576,1.0,66.00378787878788,65.00378787878788,0.9999999059901961,0.00043361226834574156,0.0004336122819336768,131.99998759070587,0.057236819421637886,263.4999946465017,413.9583022889886,0.6365375285130762,263.9662635264163
265,416262,1571,down,265.0,132.5,0.007547169811320755,1.0,66.25377358490566,65.25377358490566,-0.9999996499085321,-0.0008367692712149455,-3.1407558842209298,-132.4999536128805,-0.11087192843598027,264.4999946261847,415.5288009483961,0.6365382953540025,264.9662635264163
266,417833,1571,up,266.0,133.0,0.007518796992481203,1.0,66.50375939849624,65.50375939849624,0.9999992312912906,0.0012399261380775632,0.001239926455791668,132.99989776174166,0.1649101763643159,265.4999946058677,417.09979968893003,0.6365382932427098,265.9662635264163
267,419404,1571,down,267.0,133.5,0.00749063670411985,1.0,66.75374531835206,65.75374531835206,-0.9999986501385395,-0.0016430828034081006,-3.139949570047073,-133.49981979349502,-0.21935155425498143,266.49999458555067,418.6707985643891,0.6365382909421244,266.9662635264163
268,420974,1570,up,268.0,134.0,0.007462686567164179,1.0,67.00373134328358,66.00373134328358,0.9999999989307787,4.6243296291230894e-05,4.624329630771233e-05,133.99999985672434,0.00619660170302494,267.4999147380622,419.97379821407804,0.6369442948002828,267.9656269891789
269,422545,1571,down,269.0,134.5,0.007434944237918215,1.0,67.25371747211896,66.25371747211896,-0.9999998990196494,-0.00044940036810974584,-3.1411432532065566,-134.49998641814284,-0.06044434951076082,268.4999945449166,421.8132966478811,0.6365375313643882,268.9656269891789
270,424116,1571,up,270.0,135.0,0.007407407407407408,1.0,67.5037037037037,66.5037037037037,0.9999996365729021,0.0008525573668835285,0.00085255747016436,134.9999509373418,0.11509524452927636,269.49999452459963,423.3837953708272,0.6365382838720928,269.9656269891789
271,425687,1571,down,271.0,135.5,0.007380073800738007,1.0,67.75369003690037,66.75369003690037,-0.9999992115905793,-0.0012557142270882909,-3.140336939032699,-135.49989317052348,-0.1701492777704634,270.4999945042826,424.95479414937125,0.6365382817853376,270.9656269891789
272,427258,1571,up,272.0,136.0,0.007352941176470588,1.0,68.00367647058823,67.00367647058823,0.9999986240727499,0.0016588708831933017,0.0016588716440222714,135.99981287389397,0.22560644011428904,271.49999448396557,426.5257930659442,0.636538279507963,271.9656269891789
273,428828,1570,down,273.0,136.5,0.007326007326007326,1.0,68.25366300366301,67.25366300366301,-0.9999999980760529,-6.203139757250335e-05,-3.141530622192181,-136.49999973738122,-0.008467285768646707,272.49991314437005,427.8237927597522,0.6369442694773044,272.96499045194145
274,430399,1571,up,274.0,137.0,0.0072992700729927005,1.0,68.5036496350365,67.5036496350365,0.9999998917998388,0.00046518846776358444,0.00046518848454140755,136.99998517657792,0.06373082008361107,273.4999944433315,429.668291213032,0.6365375338058834,273.96499045194145
275,431970,1571,down,275.0,137.5,0.007272727272727273,1.0,68.75363636363636,67.75363636363636,-0.9999996229880079,-0.0008683454623429922,-3.1407243080183247,-137.4999481608511,-0.11939750107216143,274.49999442301447,431.238789996447,0.636538272508547,274.96499045194145
276,433541,1571,up,276.0,138.0,0.007246376811594203,1.0,69.0036231884058,68.0036231884058,0.9999991916406037,0.0012715023157862401,0.0012715026583966324,137.9998884464033,0.17546731957850115,275.49999440269744,432.80978881088697,0.6365382704481185,275.96499045194145
277,435112,1571,down,277.0,138.5,0.007220216606498195,1.0,69.25361010830325,68.25361010830325,-0.9999985977576965,-0.0016746589625651447,-3.1399179938444686,-138.49980578944096,-0.23194026631527254,276.4999943823804,434.380787766359,0.6365382681959264,276.96499045194145
278,436682,1570,up,278.0,139.0,0.007194244604316547,1.0,69.50359712230215,68.50359712230215,0.9999999969720629,7.781949883247391e-05,7.781949891101808e-05,138.99999957911675,0.010816910337713873,277.4999115506782,435.6737875019793,0.6369442447795128,277.964353914704
279,438253,1571,down,279.0,139.5,0.007168458781362007,1.0,69.75358422939068,68.75358422939068,-0.9999998843307643,-0.00048097656729409027,-3.141111677003954,-139.49998386414163,-0.0670962311375256,278.49999434174646,437.523285973331,0.6365375358757986,278.964353914704
280,439824,1571,up,280.0,140.0,0.007142857142857143,1.0,70.00357142857143,69.00357142857143,0.9999996091538498,0.0008841335575799028,0.0008841336727666532,139.99994528153897,0.12377869806118638,279.4999943214294,439.0937848143566,0.6365382612728134,279.964353914704
281,441395,1571,down,281.0,140.5,0.0071174377224199285,1.0,70.25355871886121,69.25355871886121,-0.9999991714413645,-0.0012872904041638857,-3.140305362830097,-140.4998835875117,-0.18086430178502594,280.4999943011124,440.66478366272327,0.6365382592401618,280.964353914704
282,442966,1571,up,282.0,141.0,0.0070921985815602835,1.0,70.50354609929079,69.50354609929079,0.9999985711933791,0.0016904470415171323,0.001690447846624901,140.99979853826645,0.23835303285391565,281.4999942807953,442.2357826550368,0.6365382570147599,281.964353914704
283,444536,1570,down,283.0,141.5,0.007067137809187279,1.0,70.75353356890459,69.75353356890459,-0.9999999956188087,-9.360760007522366e-05,-3.1414990459895815,-141.49999938006144,-0.013245475410644147,282.49990995698647,443.52378243032337,0.6369442206886992,282.9637173774666
284,446107,1571,up,284.0,142.0,0.007042253521126761,1.0,71.00352112676056,70.00352112676056,0.9999998766124253,0.0004967646667074629,0.0004967646871389931,141.9999824789644,0.07054058267245973,283.49999424016136,445.37828091845324,0.6365375376085501,283.9637173774666
285,447678,1571,down,285.0,142.5,0.007017543859649123,1.0,71.25350877192983,70.25350877192983,-0.9999995950704276,-0.0008999216525981445,-3.1406927318157267,-142.49994229753594,-0.1282388354952356,284.49999421984427,446.9487798144119,0.6365382501725996,284.9637173774666
286,449249,1571,up,286.0,143.0,0.006993006993006993,1.0,71.5034965034965,70.5034965034965,0.9999991509928612,0.0013030784922218586,0.001303078860996298,142.99987859197915,0.18634022438772577,285.4999941995273,448.5197786948817,0.6365382481688656,285.9637173774666
287,450820,1571,down,287.0,143.5,0.006968641114982578,1.0,71.75348432055749,70.75348432055749,-0.9999985443797981,-0.0017062351200475322,-3.1398864176418684,-143.49979111850104,-0.24484473972682086,286.49999417921026,450.0907777221214,0.6365382459715507,286.9637173774666
288,452390,1570,up,288.0,144.0,0.006944444444444444,1.0,72.00347222222223,71.00347222222223,0.9999999940162903,0.00010939570129609012,0.0001093957015142875,143.9999991383458,0.015752980986636977,287.4999083632949,451.3737775350735,0.636944197186898,287.96308084022917
289,453961,1571,down,289.0,144.5,0.006920415224913495,1.0,72.25346020761246,71.25346020761246,-0.9999998686448224,-0.0005125527660011077,-3.14108010080135,-144.49998101917683,-0.07406387468716007,288.4999941385762,453.23327603878903,0.6365375390351646,288.96308084022917
290,455532,1571,up,290.0,145.0,0.006896551724137931,1.0,72.50344827586207,71.50344827586207,0.9999995807377414,0.0009157097473973859,0.0009157098753715862,144.9999392069725,0.13277791337262096,289.4999941182592,454.80377498717894,0.6365382392140881,289.96308084022917
291,457103,1571,down,291.0,145.5,0.006872852233676976,1.0,72.75343642611683,71.75343642611683,-0.999999130295094,-0.0013188665799581465,-3.1402737866274935,-145.4998734579362,-0.1918950873839103,290.4999940979422,456.3747738980504,0.6365382372401613,290.96308084022917
292,458674,1571,up,292.0,146.0,0.00684931506849315,1.0,73.00342465753425,72.00342465753425,0.9999985173169534,0.0017220231981559986,0.0017220240492280372,145.9997835282752,0.2514153869307758,291.4999940776252,457.94577295843146,0.6365382350719616,291.96308084022917
293,460244,1570,down,293.0,146.5,0.006825938566552901,1.0,73.25341296928327,72.25341296928327,-0.9999999921645079,-0.00012518380248714893,-3.141467469786979,-146.4999988521004,-0.01833942706436732,292.4999067696035,459.223772807184,0.6369441742564502,292.96244430299174
294,461815,1571,up,294.0,147.0,0.006802721088435374,1.0,73.50340136054422,72.50340136054422,0.9999998604279554,0.0005283408651629188,0.0005283408897434585,146.99997948290945,0.07766610717894906,293.49999403699115,461.08827132538363,0.6365375401836502,293.96244430299174
295,463386,1571,down,295.0,147.5,0.006779661016949152,1.0,73.75338983050847,72.75338983050847,-0.9999995661557911,-0.0009314978419632223,-3.1406611556131216,-147.4999360079792,-0.13739593168957528,294.4999940166741,462.6587703238589,0.6365382284021668,294.96244430299174
296,464957,1571,up,296.0,148.0,0.006756756756756757,1.0,74.00337837837837,73.00337837837837,0.9999991093480628,0.0013346546673604028,0.0013346550635981323,147.99986818351329,0.19752889076933963,295.4999939963571,464.22976926354966,0.6365382264587122,295.96244430299174
297,466528,1571,down,297.0,148.5,0.006734006734006734,1.0,74.253367003367,73.253367003367,-0.9999984900048449,-0.0017378112758283423,-3.1398548414392686,-148.49977576571945,-0.25806497446050886,296.4999939760401,465.8007683554063,0.6365382243204254,296.96244430299174
298,468098,1570,up,298.0,149.0,0.006711409395973154,1.0,74.50335570469798,73.50335570469798,0.9999999900634612,0.00014097190364710917,0.00014097190411403344,148.99999851945572,0.021004813643419266,297.49990517591226,467.07376823821573,0.6369441518800563,297.9618077657543
299,469669,1571,down,299.0,149.5,0.006688963210702341,1.0,74.75334448160535,73.75334448160535,-0.9999998519618242,-0.0005441289641907157,-3.141048524598752,-149.49997786829272,-0.081347280146512,298.4999939354061,468.9432667698824,0.6365375410793234,298.9618077657543
300,471240,1571,up,300.0,150.0,0.006666666666666667,1.0,75.00333333333333,74.00333333333333,0.9999995513245769,0.0009472859362945254,0.0009472860779691902,149.99993269868654,0.1420928904441788,299.4999939150891,470.51376581624186,0.6365382177406009,299.9618077657543
301,472811,1571,down,301.0,150.5,0.006644518272425249,1.0,75.25332225913621,74.25332225913621,-0.9999990881517677,-0.0013504427544335322,-3.1402422104248933,-150.49986276684103,-0.2032416345422466,300.49999389477205,472.0847647832756,0.6365382158280948,300.9618077657543
302,474382,1571,up,302.0,151.0,0.006622516556291391,1.0,75.50331125827815,74.50331125827815,0.9999984624434723,0.0017535993530735988,0.0017536002518268624,150.99976782896434,0.2647935023141134,301.499993874455,473.6557639050528,0.636538213720318,301.9618077657543
303,475952,1570,down,303.0,151.5,0.006600660066006601,1.0,75.753300330033,74.753300330033,-0.9999999877131504,-0.00015676000477240232,-3.141435893584379,-151.49999813854228,-0.023749140723018952,302.4999035822212,474.9237638202885,0.6369441300408109,302.9611712285169
304,477523,1571,up,304.0,152.0,0.006578947368421052,1.0,76.0032894736842,75.0032894736842,0.999999843246429,0.0005599170630849788,0.0005599170923413137,151.9999761734572,0.08510739358891678,303.49999383382107,476.79826236448014,0.6365375417450992,303.9611712285169
305,479094,1571,down,305.0,152.5,0.006557377049180328,1.0,76.25327868852459,75.25327868852459,-0.9999995362440983,-0.0009630740303925001,-3.1406295794105237,-152.499929277225,-0.14686878963485628,304.49999381350403,478.36876145665923,0.6365382072321879,304.9611712285169
306,480665,1571,up,306.0,153.0,0.006535947712418301,1.0,76.50326797385621,75.50326797385621,0.9999990667062088,0.0013662308411658364,0.0013662312661975823,152.99985720604994,0.20903331869837297,305.499993793187,479.93976044965586,0.6365382053509463,305.9611712285169
307,482236,1571,down,307.0,153.5,0.006514657980456026,1.0,76.75325732899023,75.75325732899023,-0.9999984346328362,-0.001769387429879054,-3.1398232652366667,-153.49975971614035,-0.2716009704864348,306.49999377286997,481.51075959989913,0.6365382032741064,306.9611712285169
308,483806,1570,up,308.0,154.0,0.006493506493506494,1.0,77.00324675324676,76.00324675324676,0.9999999851135755,0.0001725481058565102,0.00017254810671271832,153.99999770749062,0.02657240830190257,307.49990198853027,482.77375954603406,0.636944108722233,307.96053469127946
309,485377,1571,down,309.0,154.5,0.006472491909385114,1.0,77.2532362459547,76.2532362459547,-0.9999998342817696,-0.0005757051618401011,-3.1410169483961514,-154.49997439653342,-0.08894644750429563,308.499993732236,484.65325810188034,0.6365375422017391,308.96053469127946
310,486948,1571,up,310.0,155.0,0.0064516129032258064,1.0,77.50322580645161,76.50322580645161,0.999999520914356,0.0009788621242528195,0.0009788622805724466,154.99992574172518,0.151723629259187,309.49999371191893,486.22375723793556,0.6365381968788988,309.96053469127946
311,488519,1571,down,311.0,155.5,0.006430868167202572,1.0,77.7532154340836,76.7532154340836,-0.999999045011386,-0.001382018927561796,-3.140210634222294,-155.49985149927053,-0.2149039432358593,310.499993691602,487.794756255606,0.6365381950290975,310.96053469127946
312,490090,1571,up,312.0,156.0,0.00641025641025641,1.0,78.00320512820512,77.00320512820512,0.9999984065729365,0.0017851755062449882,0.001785176454427914,155.9997514253781,0.27848737897421816,311.499993671285,489.3657554329523,0.6365381929834757,311.96053469127946
313,491660,1570,down,313.0,156.5,0.006389776357827476,1.0,78.25319488817891,77.25319488817891,-0.9999999822647364,-0.0001883362069008299,-3.141404317381779,-156.49999722443124,-0.02947461637997988,312.4999003948395,490.6237554085571,0.6369440879082822,312.95989815404204
314,493231,1571,up,314.0,157.0,0.006369426751592357,1.0,78.5031847133758,77.5031847133758,0.999999825067846,0.0005914932604519434,0.0005914932949423426,156.99997253565184,0.09286444189095512,313.499993630651,492.508253975249,0.636537542468082,313.95989815404204
315,494802,1571,down,315.0,157.5,0.006349206349206349,1.0,78.7531746031746,77.7531746031746,-0.9999995053353498,-0.0009946502178618203,-3.1405980032079253,-157.4999220903176,-0.15665740931323668,314.49999361033395,494.0787531533539,0.636538186681989,314.95989815404204
316,496373,1571,up,316.0,158.0,0.006329113924050633,1.0,79.00316455696202,78.00316455696202,0.9999990230672992,0.0013978070136080798,0.0013978074687960513,157.99984564463327,0.2208535081500766,315.49999359001697,495.64975219449,0.6365381848636871,315.95989815404204
317,497944,1571,down,317.0,158.5,0.006309148264984227,1.0,79.2531545741325,78.2531545741325,-0.9999983782637728,-0.001800963582161362,-3.1397916890340687,-158.499742954808,-0.28545272777257585,316.49999356969994,497.2207513976645,0.6365381828494348,316.95989815404204
318,499514,1570,up,318.0,159.0,0.006289308176100629,1.0,79.50314465408805,78.50314465408805,0.9999999791666333,0.0002041243078941867,0.0002041243093117189,158.9999966874947,0.03245576495517569,317.49989880114884,498.4737514013954,0.636944067583375,317.9592616168046
319,501085,1571,down,319.0,159.5,0.006269592476489028,1.0,79.75313479623824,78.75313479623824,-0.9999998156046586,-0.0006072813589106284,-3.140985372193556,-159.49997058894303,-0.09686137674624523,318.49999352906593,500.3632499781834,0.6365375425612353,318.9592616168046
320,502656,1571,up,320.0,160.0,0.00625,1.0,80.003125,79.003125,0.9999994895070792,0.0010104383112257485,0.0010104384831663186,159.99991832113267,0.16167012979611978,319.4999935087489,501.93374919661454,0.6365381766421054,319.9592616168046
321,504227,1571,down,321.0,160.5,0.006230529595015576,1.0,80.25311526479751,79.25311526479751,-0.9999990008739484,-0.001413595099309339,-3.1401790580196973,-160.49983964026873,-0.22688201343914893,320.4999934884319,503.5047482600844,0.6365381748552613,320.9592616168046
322,505798,1571,up,322.0,161.0,0.006211180124223602,0.9999999999999999,80.5031055900621,79.5031055900621,0.9999983497053454,0.0018167516576330534,0.0018167526570255631,160.9997343025606,0.2924970168789216,321.4999934681149,505.07574748789074,0.6365381728724223,321.9592616168046
323,507368,1570,down,323.0,161.5,0.006191950464396285,1.0,80.7530959752322,79.7530959752322,-0.9999999758192659,-0.00021991240884125323,-3.1413727411791794,-161.49999609481145,-0.0355158540278624,322.4998972074583,506.3237475184863,0.6369440477323919,322.9586250795671
324,508939,1571,up,324.0,162.0,0.006172839506172839,1.0,81.00308641975309,80.00308641975309,0.9999998058922069,0.0006230694572271189,0.0006230694975413344,161.99996855453753,0.10093725207079325,323.4999934274809,508.21824610467485,0.6365375424967552,323.9586250795671
325,510510,1571,down,325.0,162.5,0.006153846153846154,1.0,81.25307692307692,80.25307692307692,-0.999999473429545,-0.0010262264043432413,-3.1405664270053233,-162.49991443230107,-0.1667617907057767,324.49999340716397,509.7887453618093,0.6365381667593673,324.9586250795671
326,512081,1571,up,326.0,163.0,0.006134969325153374,1.0,81.50306748466258,80.50306748466258,0.999998978431334,0.0014293831846618568,0.0014293836713997466,162.99983348430743,0.23298945909988264,325.49999338684694,511.3597444465557,0.6365381650038475,325.9586250795671
327,513652,1571,down,327.0,163.5,0.0061162079510703364,1.0,81.75305810397553,80.75305810397553,-0.9999983208976544,-0.0018325397326545243,-3.139760112831464,-163.4997254667665,-0.29962024628901474,326.4999933665299,512.930743697866,0.6365381630523783,326.9586250795671
328,515222,1570,up,328.0,164.0,0.006097560975609756,1.0,82.0030487804878,81.0030487804878,0.9999999722226345,0.00023570050973359478,0.00023570051191597455,163.99999544451205,0.038654883596309544,327.4998956137679,514.1737437541401,0.6369440283406748,327.9579885423297
329,516793,1571,down,329.0,164.5,0.0060790273556231,1.0,82.2530395136778,81.2530395136778,-0.9999997959304912,-0.00063885755538774,-3.1409537959909484,-164.4999664305658,-0.10509206786128322,328.49999332589584,516.0732423490824,0.6365375422887974,328.9579885423297
330,518364,1571,up,330.0,165.0,0.006060606060606061,1.0,82.5030303030303,81.5030303030303,0.9999994571027464,0.0010420144972032859,0.0010420146857722632,164.99991042195316,0.17193239203854216,329.49999330557887,517.6437416433866,0.6365381570334465,329.9579885423297
331,519935,1571,down,331.0,165.5,0.006042296072507553,1.0,82.75302114803625,81.75302114803625,-0.9999989557394555,-0.0014451712696556991,-3.1401474818170922,-165.4998271748799,-0.2391758451280182,330.4999932852619,519.214740748412,0.636538155309052,330.9579885423297
332,521506,1571,up,332.0,166.0,0.006024096385542169,1.0,83.00301204819277,82.00301204819277,0.9999982918406997,0.0018483278072152533,0.0018483288596287503,165.99971644555615,0.306822415997732,331.4999932649449,520.7857400221703,0.6365381533888248,331.9579885423297
333,523076,1570,down,333.0,166.5,0.006006006006006006,1.0,83.253003003003,82.253003003003,-0.9999999683767389,-0.0002514886105667652,-3.1413411649765757,-166.499994734727,-0.0418728536593664,332.49989402007753,522.0237401030081,0.636944009394031,332.9573520050923
334,524647,1571,up,334.0,167.0,0.005988023952095809,1.0,83.50299401197604,82.50299401197604,0.9999997857195113,0.0006546456533857491,0.0006546457001450165,166.9999642151584,0.10932582411542009,333.4999932243109,523.9282387061019,0.6365375419502596,333.9573520050923
335,526218,1571,down,335.0,167.5,0.005970149253731343,1.0,83.75298507462686,82.75298507462686,-0.999999440526684,-0.0010578025898016867,-3.140534850802721,-167.49990628821956,-0.17718193379178251,334.4999932039939,525.498738036128,0.636538147463633,334.9573520050923
336,527789,1571,up,336.0,168.0,0.005952380952380952,1.0,84.00297619047619,83.00297619047619,0.9999989327983131,0.0014609593542883237,0.001460959874001308,167.9998207101166,0.24544117152043837,335.4999931836769,527.0697371604966,0.6365381457701008,335.9573520050923
337,529360,1571,down,337.0,168.5,0.005934718100890208,1.0,84.25296735905044,83.25296735905044,-0.9999982625344811,-0.0018641158813160082,-3.1397285366288643,-168.49970723706008,-0.3141035260017474,336.49999316335993,528.6407364557084,0.6365381438809213,336.9573520050923
338,530930,1570,up,338.0,169.0,0.005917159763313609,1.0,84.50295857988165,83.50295857988165,0.999999964281579,0.00026727671133491355,0.00026727671451714764,168.99999396358686,0.045169764215600386,337.49989242638736,529.8737365600579,0.6369439908787287,337.95671546785485
339,532501,1571,down,339.0,169.5,0.0058997050147492625,1.0,84.75294985250737,83.75294985250737,-0.9999997752592674,-0.0006704337512186319,-3.14092221978835,-169.49996190644583,-0.1136385208315581,338.4999931227259,531.7832351707431,0.6365375414929009,338.95671546785485
340,534072,1571,up,340.0,170.0,0.0058823529411764705,1.0,85.00294117647059,84.00294117647059,0.9999994237013576,0.0010735906821342696,0.0010735908883706012,169.9999020292308,0.18251041596282583,339.49999310240895,533.3537345351217,0.6365381380488911,339.95671546785485
341,535643,1571,down,341.0,170.5,0.005865102639296188,1.0,85.25293255131965,84.25293255131965,-0.9999989096079068,-0.0014767474385520053,-3.1401159056144965,-170.49981408814813,-0.2517854382731169,340.499993082092,534.9247336779538,0.6365381363859064,340.95671546785485
342,537214,1571,up,342.0,171.0,0.005847953216374269,1.0,85.50292397660819,84.50292397660819,0.9999982329789989,0.0018799039549478355,0.0018799050622252075,170.9996978394088,0.32146357629607986,341.4999930617749,536.4957329936826,0.6365381345275232,341.95671546785485
343,538784,1570,down,343.0,171.5,0.0058309037900874635,1.0,85.75291545189505,84.75291545189505,-0.9999999599371554,-0.00028306481203117556,-3.141309588773982,-171.49999312922216,-0.04854561526334661,342.49989083269725,537.7237331205525,0.6369439727814878,342.9560789306174
344,540355,1571,up,344.0,172.0,0.005813953488372093,1.0,86.00290697674419,85.00290697674419,0.9999997645497593,0.000686221848881678,0.0006862219027387163,171.9999595025586,0.11803015800764863,343.4999930211409,539.6382317383069,0.636537540927453,343.9560789306174
345,541926,1571,down,345.0,172.5,0.005797101449275362,1.0,86.25289855072464,85.25289855072464,-0.9999994066267671,-0.0010893787741948029,-3.140503274600129,-172.49989764311732,-0.1879178385486035,344.4999930008239,541.2087311357416,0.6365381287879098,344.9560789306174
346,543497,1571,up,346.0,173.0,0.005780346820809248,1.0,86.5028901734104,85.5028901734104,0.9999988861682368,0.0014925355224482595,0.0014925360765929972,172.999807307105,0.2582086453835489,345.4999929805069,542.779730296208,0.6365381271551154,345.9560789306174
347,545068,1571,down,347.0,173.5,0.005763688760806916,0.9999999999999999,86.7528818443804,85.7528818443804,-0.999998203174253,-0.0018956920281110337,-3.139696960426272,-173.4996882507329,-0.3289025668772643,346.49999296018996,544.3507296315706,0.6365381253272303,346.9560789306174
348,546638,1570,up,348.0,174.0,0.005747126436781609,1.0,87.00287356321839,86.00287356321839,0.9999999553434673,0.00029885291265989444,0.00029885291710847283,173.9999922297633,0.052000406802821635,347.49988923900725,545.5737297800259,0.6369439550894769,347.95544239338
349,548209,1571,down,349.0,174.5,0.0057306590257879654,1.0,87.2528653295129,86.2528653295129,-0.9999997535909871,-0.0007020099463737531,-3.140890643585759,-174.49995700162725,-0.12250073564221992,348.49999291955595,547.4932284043621,0.6365375402637206,348.95544239338
350,549780,1571,up,350.0,175.0,0.005714285714285714,1.0,87.50285714285714,86.50285714285714,0.9999993893029125,0.0011051668659888612,0.0011051670909629783,174.9998931280097,0.1934042015480507,349.49999289923886,549.0637278336256,0.6365381196791468,349.95544239338
351,551351,1571,down,351.0,175.5,0.005698005698005698,1.0,87.752849002849,86.752849002849,-0.9999988624793028,-0.0015083236059743454,-3.140084329411902,-175.49980036511764,-0.26471079284849763,350.4999928789219,550.6347270109463,0.6365381180761491,350.95544239338
352,552922,1571,up,352.0,176.0,0.005681818181818182,1.0,88.0028409090909,87.0028409090909,0.9999981731202434,0.0019114801008038504,0.001911481264819468,175.99967846916283,0.3364204977414777,351.4999928586049,552.2057263651102,0.6365381162784218,351.95544239338
353,554492,1570,down,353.0,176.5,0.0056657223796034,1.0,88.2528328611898,87.2528328611898,-0.9999999505005153,-0.0003146410132170933,-3.1412780125713846,-176.49999126334095,-0.05553413883281697,352.49988764531736,553.423726534266,0.6369439377902997,352.95480585614257
354,556063,1571,up,354.0,177.0,0.005649717514124294,1.0,88.50282485875707,87.50282485875707,0.9999997423829511,0.0007177980436946389,0.0007177981053336499,176.99995440178233,0.1270502537339511,353.49999281797096,555.3482251647307,0.6365375395106623,353.95480585614257
355,557634,1571,down,355.0,177.5,0.005633802816901409,1.0,88.75281690140845,87.75281690140845,-0.9999993717297944,-0.0011209549575060694,-3.140471698397533,-177.4998884820385,-0.19896950495732732,354.499992797654,556.9187246246637,0.6365381107208594,354.95480585614257
356,559205,1571,up,356.0,178.0,0.0056179775280898875,1.0,89.00280898876404,88.00280898876404,0.999998838541105,0.0015241116891246877,0.0015241122791893212,177.9997932603167,0.2712918806641944,355.49999277733696,558.4897238180974,0.6365381091472416,355.95480585614257
357,560776,1571,down,357.0,178.5,0.0056022408963585435,1.0,89.25280112044818,88.25280112044818,-0.99999814281697,-0.0019272681730199536,-3.139665384223676,-178.49966849282913,-0.3440173688840617,356.49999275702,560.0607231902753,0.6365381073793002,356.95480585614257
358,562346,1570,up,358.0,179.0,0.00558659217877095,1.0,89.50279329608938,88.50279329608938,0.999999945408299,0.00033042911369280737,0.0003304291197057033,178.99999022808552,0.05914681135101252,357.4998860516276,561.273723379297,0.6369439208719854,357.95416931890514
359,563917,1571,down,359.0,179.5,0.005571030640668524,1.0,89.75278551532034,88.75278551532034,-0.9999997309256509,-0.0007335861408386698,-3.140859067383158,-179.49995170115432,-0.13167871228054123,358.49999271638603,563.2032220154663,0.6365375386764764,358.95416931890514
360,565488,1571,up,360.0,180.0,0.005555555555555556,1.0,90.00277777777778,89.00277777777778,0.9999993539074118,0.0011367430487482265,0.0011367432935620427,179.99988370333412,0.20461374877468078,359.49999269606894,564.7737215049536,0.6365381019111664,359.95416931890514
361,567059,1571,down,361.0,180.5,0.00554016620498615,1.0,90.25277008310249,89.25277008310249,-0.9999988143536435,-0.0015398997718966204,-3.140052753209304,-180.49978599083263,-0.27795190882734,360.49999267575197,566.3447207138161,0.6365381003664708,360.95416931890514
362,568630,1571,up,362.0,181.0,0.0055248618784530384,1.0,90.50276243093923,89.50276243093923,0.999998112264433,0.0019430562447565788,0.001943057467416296,180.9996583198624,0.35169318030094077,361.499992655435,567.9157201032649,0.6365380986279143,361.95416931890514
363,570200,1570,down,363.0,181.5,0.005509641873278237,1.0,90.75275482093664,89.75275482093664,-0.9999999400668185,-0.0003462172140898073,-3.1412464363687866,-181.49998912212754,-0.06283842435730003,362.4998844579378,569.1237203113625,0.6369439043229781,362.9535327816677
364,571771,1571,up,364.0,182.0,0.005494505494505495,1.0,91.00274725274726,90.00274725274726,0.9999997192190864,0.000749374237797536,0.000749374307934205,181.9999488978737,0.13638611127915157,363.49999261480093,571.0582189528391,0.6365375377686677,363.9535327816677
365,573342,1571,down,365.0,182.5,0.005479452054794521,1.0,91.2527397260274,90.2527397260274,-0.9999993358357656,-0.001152531139705775,-3.140440122194931,-182.49987879002722,-0.21033693299630393,364.49999259448407,572.6287184708374,0.63653809324802,364.9535327816677
366,574913,1571,up,366.0,183.0,0.00546448087431694,1.0,91.50273224043715,90.50273224043715,0.9999987899169179,0.0015556878542861037,0.0015556884817902585,182.999778554796,0.284690877334357,365.4999925741671,574.1997176944675,0.6365380917317869,365.9535327816677
367,576484,1571,down,367.0,183.5,0.005449591280653951,1.0,91.75272479564033,90.75272479564033,-0.9999980814626325,-0.0019588443160127606,-3.1396338080210744,-183.49964794839306,-0.3594479319883416,366.49999255385006,575.7707171004836,0.6365380900221927,366.9535327816677
368,578054,1570,up,368.0,184.0,0.005434782608695652,1.0,92.00271739130434,91.00271739130434,0.9999999344760739,0.00036200531440209056,0.0003620053223087606,183.9999879435976,0.06660897784998467,367.4998828642482,576.9737173269093,0.6369438881321267,367.9528962444303
369,579625,1571,down,369.0,184.5,0.005420054200542005,1.0,92.25271002710028,91.25271002710028,-0.9999997072632579,-0.0007651623345732492,-3.1408274911805565,-184.4999459900711,-0.14117245072876447,368.499992513216,578.9132159733233,0.6365375367941103,368.9528962444303
370,581196,1571,up,370.0,185.0,0.005405405405405406,1.0,92.5027027027027,91.5027027027027,0.999999317514855,0.00116831923037607,0.0011683194961629824,184.99987374024818,0.21613905761957294,369.499992492899,580.4837155188355,0.6365380847292855,369.9528962444303
371,582767,1571,down,371.0,185.5,0.005390835579514825,1.0,92.75269541778975,91.75269541778975,-0.9999987652309286,-0.0015714759362865038,-3.140021177006703,-185.49977095033725,-0.29150878618114645,370.4999924725821,582.0547147566127,0.6365380832410358,370.9528962444303
372,584338,1571,up,372.0,186.0,0.005376344086021506,1.0,93.00268817204301,92.00268817204301,0.9999980504115681,0.00197463238677597,0.0019746336700171233,185.99963737655168,0.36728162394033037,371.4999924522651,583.6257141785317,0.6365380815599617,371.9528962444303
373,585908,1570,down,373.0,186.5,0.005361930294906166,1.0,93.25268096514745,92.25268096514745,-0.9999999286360655,-0.00037779341462011474,-3.141214860166186,-186.4999866906262,-0.0704584718266514,372.49988127055866,584.8237144225753,0.6369438722886703,372.95225970719287
374,587479,1571,up,374.0,187.0,0.0053475935828877,0.9999999999999999,93.50267379679144,92.50267379679144,0.9999996950581654,0.0007809504311542942,0.0007809505105357897,186.99994297587693,0.146037730625853,373.49999241163107,586.7682130735809,0.6365375357591058,373.95225970719287
375,589050,1571,down,375.0,187.5,0.005333333333333333,1.0,93.75266666666667,92.75266666666667,-0.9999992989446808,-0.001184107320755745,-3.140408545992329,-187.49986855212765,-0.2220201226417022,374.49999239131404,588.338712645659,0.636538076352738,374.95225970719287
376,590621,1571,up,376.0,188.0,0.005319148936170213,1.0,94.00265957446808,93.00265957446808,0.9999987402956753,0.0015872640178981872,0.0015872646843929723,187.99976317558693,0.2984056353648592,375.4999923709971,589.9097118969966,0.6365380748919807,375.95225970719287
377,592192,1571,down,377.0,188.5,0.005305039787798408,1.0,94.2526525198939,93.2526525198939,-0.9999980191112401,-0.001990420457054,-3.139602231818471,-188.49962660246877,-0.37519425615467894,376.49999235068015,591.4807113341856,0.6365380732389738,376.95225970719287
378,593762,1570,up,378.0,189.0,0.005291005291005291,1.0,94.5026455026455,93.5026455026455,0.9999999225467925,0.00039358151474876266,0.0003935815249101466,188.9999853613438,0.07438690628751614,377.4998796768691,592.6737115951785,0.6369438567822251,377.95162316995544
379,595333,1571,down,379.0,189.5,0.005277044854881266,1.0,94.75263852242745,93.75263852242745,-0.9999996826038091,-0.0007967385275441055,-3.1407959149779554,-189.49993985342184,-0.15098195096960798,378.4999923100462,594.6232102504499,0.6365375346694345,378.95162316995544
380,596904,1571,up,380.0,190.0,0.005263157894736842,1.0,95.00263157894737,94.00263157894737,0.9999992801252424,0.0011998954108421208,0.0011998956987670098,189.99986322379607,0.22798012806000295,379.49999228972916,596.1937098481916,0.6365380681160843,379.95162316995544
381,598475,1571,down,381.0,190.5,0.005249343832020997,1.0,95.25262467191601,94.25262467191601,-0.9999987151111582,-0.001603052099113416,-3.1399896008040984,-190.49975522867564,-0.30538142488110576,380.4999922694122,597.7647091125356,0.636538066682319,380.95162316995544
382,600045,1570,up,382.0,191.0,0.005235602094240838,1.0,95.50261780104712,94.50261780104712,0.9999999999807021,6.21253928259108e-06,6.212539282631043e-06,190.9999999963141,0.0011865950029748963,381.49987840191756,598.9537093866219,0.6369438446129752,381.950986632718
383,601616,1571,down,383.0,191.5,0.005221932114882507,1.0,95.75261096605745,94.75261096605745,-0.9999999162082557,-0.0004093696147744906,-3.141183283963585,-191.49998395388096,-0.07839428122931495,382.4999922287782,600.9072080450871,0.6365375337619157,382.950986632718
384,603187,1571,up,384.0,192.0,0.005208333333333333,1.0,96.00260416666667,95.00260416666667,0.9999996699001884,0.0008125266237325337,0.0008125267131375072,191.99993662083617,0.15600511175664647,383.49999220846115,602.4777076627392,0.6365380616259091,383.950986632718
385,604758,1571,down,385.0,192.5,0.005194805194805195,1.0,96.2525974025974,95.2525974025974,-0.9999992610565402,-0.0012156835006251554,-3.1403769697897275,-192.499857753384,-0.23401907387034243,384.49999218814423,604.0487069371065,0.6365380602133767,384.950986632718
386,606329,1571,up,386.0,193.0,0.0051813471502590676,1.0,96.50259067357513,95.50259067357513,0.9999986896773775,0.0016188401799228198,0.001618840886990827,192.99974710773387,0.3124361547251042,385.49999216782726,605.6197064003039,0.6365380586097021,385.950986632718
387,607899,1570,down,387.0,193.5,0.00516795865633075,1.0,96.75258397932816,95.75258397932816,-0.9999999997579858,-2.2000640575935028e-05,-3.1415706529492153,-193.49999995317026,-0.004257123951443428,386.4998768082283,606.8037066902122,0.6369438296881494,386.9503500954806
388,609470,1571,up,388.0,194.0,0.005154639175257732,1.0,97.00257731958763,96.00257731958763,0.9999999096204548,0.00042515771469564485,0.0004251577275041656,193.99998246636824,0.0824805966509551,387.4999921271932,608.7622053524102,0.6365375325869169,387.9503500954806
389,611041,1571,down,389.0,194.5,0.005141388174807198,0.9999999999999999,97.25257069408741,96.25257069408741,-0.9999996569473037,-0.0008283147197148571,-3.1407643387753597,-194.49993327625057,-0.1611072129845397,388.4999921068762,610.3327049942085,0.6365380536351279,388.9503500954806
390,612612,1571,up,390.0,195.0,0.005128205128205128,1.0,97.50256410256411,96.50256410256411,0.9999992417385739,0.0012314715901016013,0.0012314719013608304,194.99985213902193,0.24013696006981225,389.4999920865593,611.9037042806549,0.6365380522486783,389.9503500954806
391,614183,1571,down,391.0,195.5,0.005115089514066497,1.0,97.75255754475704,96.75255754475704,-0.9999986639943327,-0.0016346282603300095,-3.1399580246015053,-195.49973881089204,-0.31956982489451685,390.49999206624227,613.474703757528,0.6365380506717436,390.9503500954806
392,615753,1570,up,392.0,196.0,0.00510204081632653,0.9999999999999999,98.00255102040816,97.00255102040816,0.9999999992860055,3.7788741865944406e-05,3.778874187493806e-05,195.99999986005707,0.007406593405725104,391.499875214539,614.6537040626758,0.6369438150731749,391.94971355824316
393,617324,1571,down,393.0,196.5,0.005089058524173028,1.0,98.25254452926208,97.25254452926208,-0.9999999027833896,-0.00044094581451396375,-3.14115170776099,-196.49998089693605,-0.08664585255199388,392.49999202560826,616.6172027283363,0.6365375313710351,392.94971355824316
394,618895,1571,up,394.0,197.0,0.005076142131979695,0.9999999999999999,98.50253807106598,97.50253807106598,0.999999643745155,0.0008441028154913213,0.0008441029157299081,196.99992981779553,0.16628825465179028,393.4999920052913,618.187702393494,0.6365380457775872,393.94971355824316
395,620466,1571,down,395.0,197.5,0.005063291139240506,1.0,98.75253164556962,97.75253164556962,-0.9999992221713436,-0.0012472596792744719,-3.140345393587134,-197.49984637884037,-0.2463337866567082,394.4999919849743,619.7587016915405,0.6365380444167131,394.94971355824316
396,622037,1571,up,396.0,198.0,0.005050505050505051,1.0,99.00252525252525,98.00252525252525,0.9999986380620243,0.0016504163403314558,0.0016504170895867605,197.9997303362808,0.32678243538562823,395.4999919646573,621.3297011815731,0.6365380428660357,395.94971355824316
397,623607,1570,down,397.0,198.5,0.005037783375314861,1.0,99.25251889168766,98.25251889168766,-0.999999998564761,-5.3576843149092106e-05,-3.1415390767466187,-198.49999971510505,-0.010635003365094783,396.49987362084977,622.5037015014084,0.6369438007589947,396.94907702100573
398,625178,1571,up,398.0,199.0,0.005025125628140704,1.0,99.50251256281408,98.50251256281408,0.9999998956970603,0.00045673391422529325,0.00045673393010485725,198.999979243715,0.09089004893083336,397.4999919240234,624.4722001702772,0.6365375301184513,397.94907702100573
399,626749,1571,down,399.0,199.5,0.005012531328320802,1.0,99.75250626566417,98.75250626566417,-0.9999996302937422,-0.0008598909110618673,-3.140732762572762,-199.49992624360155,-0.17154823675684253,398.4999919037063,626.0426998580414,0.6365380380508684,398.94907702100573
400,628320,1571,up,400.0,200.0,0.005,1.0,100.0025,99.0025,0.9999992023548495,0.0012630477681370854,0.0012630481039585017,199.9998404709699,0.2526095536274171,399.4999918833894,627.6136991672349,0.6365380367150621,399.94907702100573
